date,code,value
2023-01-02,CALL,3.291
2023-01-02,CD91,3.98
2023-01-02,CNYKRW,182.822718
2023-01-02,CORPAA3Y,5.262
2023-01-02,EURKRW,1346.349976
2023-01-02,EURUSD,1.070973
2023-01-02,GBPUSD,1.212033
2023-01-02,JPYKRW100,962.894154
2023-01-02,KOSDAQ,671.51001
2023-01-02,KOSPI,2225.669922
2023-01-02,USDJPY,130.845001
2023-01-02,USDKRW,1260.910034
2023-01-03,CALL,3.119
2023-01-03,CD91,3.96
2023-01-03,CNYKRW,184.149857
2023-01-03,CORPAA3Y,5.131
2023-01-03,DJI,33136.371094
2023-01-03,DXY,104.519997
2023-01-03,EURKRW,1354.400024
2023-01-03,EURUSD,1.067771
2023-01-03,GBPUSD,1.206287
2023-01-03,GOLD_INTL,1839.699951
2023-01-03,HSI,20145.289063
2023-01-03,IXIC,10386.980469
2023-01-03,JPYKRW100,970.78352
2023-01-03,KOSDAQ,674.950012
2023-01-03,KOSPI,2218.679932
2023-01-03,SOX,2500.98999
2023-01-03,SPX,3824.139893
2023-01-03,USDJPY,130.794006
2023-01-03,USDKRW,1270.099976
2023-01-03,WTI,76.93
2023-01-04,CALL,3.032
2023-01-04,CD91,3.96
2023-01-04,CNYKRW,184.995867
2023-01-04,CORPAA3Y,5.078
2023-01-04,DJI,33269.769531
2023-01-04,DXY,104.25
2023-01-04,EURKRW,1348.199951
2023-01-04,EURUSD,1.054685
2023-01-04,GBPUSD,1.196974
2023-01-04,GOLD_INTL,1852.800049
2023-01-04,HSI,20793.109375
2023-01-04,IXIC,10458.759766
2023-01-04,JPYKRW100,974.46661
2023-01-04,KOSDAQ,683.669983
2023-01-04,KOSPI,2255.97998
2023-01-04,N225,25716.859375
2023-01-04,SOX,2569.459961
2023-01-04,SPX,3852.969971
2023-01-04,USDJPY,131.248001
2023-01-04,USDKRW,1279.079956
2023-01-04,WTI,72.839996
2023-01-05,CALL,3.075
2023-01-05,CD91,3.96
2023-01-05,CNYKRW,184.54077
2023-01-05,CORPAA3Y,5.06
2023-01-05,DJI,32930.078125
2023-01-05,DXY,105.040001
2023-01-05,EURKRW,1347.160034
2023-01-05,EURUSD,1.060637
2023-01-05,GBPUSD,1.205705
2023-01-05,GOLD_INTL,1834.800049
2023-01-05,HSI,21052.169922
2023-01-05,IXIC,10305.240234
2023-01-05,JPYKRW100,961.068153
2023-01-05,KOSDAQ,679.919983
2023-01-05,KOSPI,2264.649902
2023-01-05,N225,25820.800781
2023-01-05,SOX,2518.52002
2023-01-05,SPX,3808.100098
2023-01-05,USDJPY,132.246002
2023-01-05,USDKRW,1271.079956
2023-01-05,WTI,73.669998
2023-01-06,CALL,3.118
2023-01-06,CD91,3.92
2023-01-06,CNYKRW,185.160226
2023-01-06,CORPAA3Y,5.062
2023-01-06,DJI,33630.609375
2023-01-06,DXY,103.879997
2023-01-06,EURKRW,1339.420044
2023-01-06,EURUSD,1.052222
2023-01-06,GBPUSD,1.191228
2023-01-06,GOLD_INTL,1864.199951
2023-01-06,HSI,20991.640625
2023-01-06,IXIC,10569.290039
2023-01-06,JPYKRW100,955.716228
2023-01-06,KOSDAQ,688.940002
2023-01-06,KOSPI,2289.969971
2023-01-06,N225,25973.849609
2023-01-06,SOX,2636.100098
2023-01-06,SPX,3895.080078
2023-01-06,USDJPY,133.307007
2023-01-06,USDKRW,1274.180054
2023-01-06,WTI,73.769997
2023-01-09,CALL,3.132
2023-01-09,CD91,3.92
2023-01-09,CNYKRW,183.239245
2023-01-09,CORPAA3Y,4.93
2023-01-09,DJI,33517.648438
2023-01-09,DXY,103
2023-01-09,EURKRW,1332.880005
2023-01-09,EURUSD,1.065632
2023-01-09,GBPUSD,1.211637
2023-01-09,GOLD_INTL,1872.699951
2023-01-09,HSI,21388.339844
2023-01-09,IXIC,10635.650391
2023-01-09,JPYKRW100,950.278187
2023-01-09,KOSDAQ,701.210022
2023-01-09,KOSPI,2350.189941
2023-01-09,SOX,2686.75
2023-01-09,SPX,3892.090088
2023-01-09,USDJPY,131.862
2023-01-09,USDKRW,1252.880005
2023-01-09,WTI,74.629997
2023-01-10,CALL,3.166
2023-01-10,CD91,3.9
2023-01-10,CNYKRW,183.027625
2023-01-10,CORPAA3Y,4.887
2023-01-10,DJI,33704.101563
2023-01-10,DXY,103.239998
2023-01-10,EURKRW,1328.910034
2023-01-10,EURUSD,1.073318
2023-01-10,GBPUSD,1.218487
2023-01-10,GOLD_INTL,1871.599976
2023-01-10,HSI,21331.460938
2023-01-10,IXIC,10742.629883
2023-01-10,JPYKRW100,940.751362
2023-01-10,KOSDAQ,696.049988
2023-01-10,KOSPI,2351.310059
2023-01-10,N225,26175.560547
2023-01-10,SOX,2721.290039
2023-01-10,SPX,3919.25
2023-01-10,USDJPY,131.729004
2023-01-10,USDKRW,1239.280029
2023-01-10,WTI,75.120003
2023-01-11,CALL,3.232
2023-01-11,CD91,3.88
2023-01-11,CNYKRW,182.98463
2023-01-11,CORPAA3Y,4.784
2023-01-11,DJI,33973.011719
2023-01-11,DXY,103.190002
2023-01-11,EURKRW,1331.290039
2023-01-11,EURUSD,1.073895
2023-01-11,GBPUSD,1.215451
2023-01-11,GOLD_INTL,1874.599976
2023-01-11,HSI,21436.050781
2023-01-11,IXIC,10931.669922
2023-01-11,JPYKRW100,938.832378
2023-01-11,KOSDAQ,709.77002
2023-01-11,KOSPI,2359.530029
2023-01-11,N225,26446
2023-01-11,SOX,2755.360107
2023-01-11,SPX,3969.610107
2023-01-11,USDJPY,132.100998
2023-01-11,USDKRW,1240.160034
2023-01-11,WTI,77.410004
2023-01-12,CALL,3.299
2023-01-12,CD91,3.87
2023-01-12,CNYKRW,183.42443
2023-01-12,CORPAA3Y,4.73
2023-01-12,DJI,34189.96875
2023-01-12,DXY,102.25
2023-01-12,EURKRW,1335.410034
2023-01-12,EURUSD,1.0766
2023-01-12,GBPUSD,1.215953
2023-01-12,GOLD_INTL,1895.5
2023-01-12,HSI,21514.099609
2023-01-12,IXIC,11001.099609
2023-01-12,JPYKRW100,941.404819
2023-01-12,KOSDAQ,710.820007
2023-01-12,KOSPI,2365.100098
2023-01-12,N225,26449.820313
2023-01-12,SOX,2789.649902
2023-01-12,SPX,3983.169922
2023-01-12,USDJPY,131.901993
2023-01-12,USDKRW,1241.599976
2023-01-12,WTI,78.389999
2023-01-13,CALL,3.427
2023-01-13,CD91,3.88
2023-01-13,CNYKRW,183.907207
2023-01-13,CORPAA3Y,4.62
2023-01-13,DJI,34302.609375
2023-01-13,DXY,102.199997
2023-01-13,EURKRW,1343.349976
2023-01-13,EURUSD,1.086024
2023-01-13,GBPUSD,1.221777
2023-01-13,GOLD_INTL,1918.400024
2023-01-13,HSI,21738.660156
2023-01-13,IXIC,11079.160156
2023-01-13,JPYKRW100,959.268284
2023-01-13,KOSDAQ,711.820007
2023-01-13,KOSPI,2386.090088
2023-01-13,N225,26119.519531
2023-01-13,SOX,2800.659912
2023-01-13,SPX,3999.090088
2023-01-13,USDJPY,129.171997
2023-01-13,USDKRW,1239.130005
2023-01-13,WTI,79.860001
2023-01-16,CALL,3.394
2023-01-16,CD91,3.79
2023-01-16,CNYKRW,184.516099
2023-01-16,CORPAA3Y,4.661
2023-01-16,EURKRW,1339.349976
2023-01-16,EURUSD,1.082462
2023-01-16,GBPUSD,1.222673
2023-01-16,HSI,21746.720703
2023-01-16,JPYKRW100,966.308689
2023-01-16,KOSDAQ,716.890015
2023-01-16,KOSPI,2399.860107
2023-01-16,N225,25822.320313
2023-01-16,USDJPY,128.026001
2023-01-16,USDKRW,1236.589966
2023-01-17,CALL,3.369
2023-01-17,CD91,3.74
2023-01-17,CNYKRW,184.286661
2023-01-17,CORPAA3Y,4.677
2023-01-17,DJI,33910.851563
2023-01-17,DXY,102.389999
2023-01-17,EURKRW,1342.709961
2023-01-17,EURUSD,1.083013
2023-01-17,GBPUSD,1.220778
2023-01-17,GOLD_INTL,1907.199951
2023-01-17,HSI,21577.640625
2023-01-17,IXIC,11095.110352
2023-01-17,JPYKRW100,966.932392
2023-01-17,KOSDAQ,709.710022
2023-01-17,KOSPI,2379.389893
2023-01-17,N225,26138.679688
2023-01-17,SOX,2807.47998
2023-01-17,SPX,3990.969971
2023-01-17,USDJPY,128.320999
2023-01-17,USDKRW,1240.709961
2023-01-17,WTI,80.18
2023-01-18,CALL,3.365
2023-01-18,CD91,3.7
2023-01-18,CNYKRW,182.653124
2023-01-18,CORPAA3Y,4.56
2023-01-18,DJI,33296.960938
2023-01-18,DXY,102.360001
2023-01-18,EURKRW,1333.380005
2023-01-18,EURUSD,1.079331
2023-01-18,GBPUSD,1.228471
2023-01-18,GOLD_INTL,1904.400024
2023-01-18,HSI,21678
2023-01-18,IXIC,10957.009766
2023-01-18,JPYKRW100,964.338207
2023-01-18,KOSDAQ,711.75
2023-01-18,KOSPI,2368.320068
2023-01-18,N225,26791.119141
2023-01-18,SOX,2789.469971
2023-01-18,SPX,3928.860107
2023-01-18,USDJPY,128.281006
2023-01-18,USDKRW,1237
2023-01-18,WTI,79.480003
2023-01-19,CALL,3.387
2023-01-19,CD91,3.68
2023-01-19,CNYKRW,183.468457
2023-01-19,CORPAA3Y,4.403
2023-01-19,DJI,33044.558594
2023-01-19,DXY,102.059998
2023-01-19,EURKRW,1335.449951
2023-01-19,EURUSD,1.079785
2023-01-19,GBPUSD,1.234766
2023-01-19,GOLD_INTL,1922.099976
2023-01-19,HSI,21650.980469
2023-01-19,IXIC,10852.269531
2023-01-19,JPYKRW100,962.9673
2023-01-19,KOSDAQ,712.890015
2023-01-19,KOSPI,2380.340088
2023-01-19,N225,26405.230469
2023-01-19,SOX,2710.439941
2023-01-19,SPX,3898.850098
2023-01-19,USDJPY,128.539001
2023-01-19,USDKRW,1237.880005
2023-01-19,WTI,80.330002
2023-01-20,CALL,3.48
2023-01-20,CD91,3.67
2023-01-20,CNYKRW,181.850115
2023-01-20,CORPAA3Y,4.453
2023-01-20,DJI,33375.488281
2023-01-20,DXY,102.010002
2023-01-20,EURKRW,1333.530029
2023-01-20,EURUSD,1.083388
2023-01-20,GBPUSD,1.239326
2023-01-20,GOLD_INTL,1926.400024
2023-01-20,HSI,22044.650391
2023-01-20,IXIC,11140.429688
2023-01-20,JPYKRW100,959.828568
2023-01-20,KOSDAQ,717.969971
2023-01-20,KOSPI,2395.26001
2023-01-20,N225,26553.529297
2023-01-20,SOX,2794.689941
2023-01-20,SPX,3972.610107
2023-01-20,USDJPY,128.369995
2023-01-20,USDKRW,1232.180054
2023-01-20,WTI,81.309998
2023-01-23,CNYKRW,181.350816
2023-01-23,DJI,33629.558594
2023-01-23,DXY,102.139999
2023-01-23,EURKRW,1334.819946
2023-01-23,EURUSD,1.086508
2023-01-23,GBPUSD,1.240633
2023-01-23,GOLD_INTL,1927.099976
2023-01-23,IXIC,11364.410156
2023-01-23,JPYKRW100,950.891113
2023-01-23,N225,26906.039063
2023-01-23,SOX,2934.830078
2023-01-23,SPX,4019.810059
2023-01-23,USDJPY,129.354004
2023-01-23,USDKRW,1230.030029
2023-01-23,WTI,81.620003
2023-01-24,CNYKRW,181.229549
2023-01-24,DJI,33733.960938
2023-01-24,DXY,101.919998
2023-01-24,EURKRW,1335.959961
2023-01-24,EURUSD,1.087429
2023-01-24,GBPUSD,1.237976
2023-01-24,GOLD_INTL,1933.900024
2023-01-24,IXIC,11334.269531
2023-01-24,JPYKRW100,940.596294
2023-01-24,N225,27299.189453
2023-01-24,SOX,2913.73999
2023-01-24,SPX,4016.949951
2023-01-24,USDJPY,130.597
2023-01-24,USDKRW,1229.280029
2023-01-24,WTI,80.129997
2023-01-25,CALL,3.435
2023-01-25,CD91,3.66
2023-01-25,CNYKRW,181.714454
2023-01-25,CORPAA3Y,4.4
2023-01-25,DJI,33743.839844
2023-01-25,DXY,101.639999
2023-01-25,EURKRW,1340.839966
2023-01-25,EURUSD,1.088815
2023-01-25,GBPUSD,1.232924
2023-01-25,GOLD_INTL,1941.199951
2023-01-25,IXIC,11313.360352
2023-01-25,JPYKRW100,946.60778
2023-01-25,KOSDAQ,732.349976
2023-01-25,KOSPI,2428.570068
2023-01-25,N225,27395.009766
2023-01-25,SOX,2918.98999
2023-01-25,SPX,4016.219971
2023-01-25,USDJPY,130.238998
2023-01-25,USDKRW,1232.660034
2023-01-25,WTI,80.150002
2023-01-26,CALL,3.463
2023-01-26,CD91,3.65
2023-01-26,CNYKRW,181.720207
2023-01-26,CORPAA3Y,4.361
2023-01-26,DJI,33949.410156
2023-01-26,DXY,101.839996
2023-01-26,EURKRW,1344.339966
2023-01-26,EURUSD,1.092204
2023-01-26,GBPUSD,1.241249
2023-01-26,GOLD_INTL,1929.099976
2023-01-26,HSI,22566.779297
2023-01-26,IXIC,11512.410156
2023-01-26,JPYKRW100,953.71809
2023-01-26,KOSDAQ,738.940002
2023-01-26,KOSPI,2468.649902
2023-01-26,N225,27362.75
2023-01-26,SOX,2966.600098
2023-01-26,SPX,4060.429932
2023-01-26,USDJPY,129.237
2023-01-26,USDKRW,1232.589966
2023-01-26,WTI,81.010002
2023-01-27,CALL,3.357
2023-01-27,CD91,3.64
2023-01-27,CNYKRW,181.621823
2023-01-27,CORPAA3Y,4.364
2023-01-27,DJI,33978.078125
2023-01-27,DXY,101.93
2023-01-27,EURKRW,1340.819946
2023-01-27,EURUSD,1.089443
2023-01-27,GBPUSD,1.241527
2023-01-27,GOLD_INTL,1928.599976
2023-01-27,HSI,22688.900391
2023-01-27,IXIC,11621.709961
2023-01-27,JPYKRW100,948.832321
2023-01-27,KOSDAQ,741.25
2023-01-27,KOSPI,2484.02002
2023-01-27,N225,27382.560547
2023-01-27,SOX,2945.27002
2023-01-27,SPX,4070.560059
2023-01-27,USDJPY,129.800003
2023-01-27,USDKRW,1231.849976
2023-01-27,WTI,79.68
2023-01-30,CALL,3.371
2023-01-30,CD91,3.63
2023-01-30,CNYKRW,181.196911
2023-01-30,CORPAA3Y,4.31
2023-01-30,DJI,33717.089844
2023-01-30,DXY,102.279999
2023-01-30,EURKRW,1335.180054
2023-01-30,EURUSD,1.087146
2023-01-30,GBPUSD,1.24003
2023-01-30,GOLD_INTL,1922.900024
2023-01-30,HSI,22069.730469
2023-01-30,IXIC,11393.80957
2023-01-30,JPYKRW100,946.668339
2023-01-30,KOSDAQ,738.619995
2023-01-30,KOSPI,2450.469971
2023-01-30,N225,27433.400391
2023-01-30,SOX,2866.689941
2023-01-30,SPX,4017.77002
2023-01-30,USDJPY,129.854004
2023-01-30,USDKRW,1228.949951
2023-01-30,WTI,77.900002
2023-01-31,CALL,3.343
2023-01-31,CD91,3.63
2023-01-31,CNYKRW,182.503931
2023-01-31,CORPAA3Y,4.344
2023-01-31,DJI,34086.039063
2023-01-31,DXY,102.099998
2023-01-31,EURKRW,1336.160034
2023-01-31,EURUSD,1.085069
2023-01-31,GBPUSD,1.235361
2023-01-31,GOLD_INTL,1929.5
2023-01-31,HSI,21842.330078
2023-01-31,IXIC,11584.549805
2023-01-31,JPYKRW100,943.750477
2023-01-31,KOSDAQ,740.48999
2023-01-31,KOSPI,2425.080078
2023-01-31,N225,27327.109375
2023-01-31,SOX,2921.919922
2023-01-31,SPX,4076.600098
2023-01-31,USDJPY,130.479004
2023-01-31,USDKRW,1231.5
2023-01-31,WTI,78.870003
2023-02-01,CALL,3.37
2023-02-01,CD91,3.59
2023-02-01,CNYKRW,182.443438
2023-02-01,CORPAA3Y,4.268
2023-02-01,DJI,34092.960938
2023-02-01,DXY,101.220001
2023-02-01,EURKRW,1338.48999
2023-02-01,EURUSD,1.086095
2023-02-01,GBPUSD,1.23089
2023-02-01,GOLD_INTL,1927.800049
2023-02-01,HSI,22072.179688
2023-02-01,IXIC,11816.320313
2023-02-01,JPYKRW100,946.940899
2023-02-01,KOSDAQ,750.960022
2023-02-01,KOSPI,2449.800049
2023-02-01,N225,27346.880859
2023-02-01,SOX,3073.469971
2023-02-01,SPX,4119.209961
2023-02-01,USDJPY,130.110001
2023-02-01,USDKRW,1232.150024
2023-02-01,WTI,76.410004
2023-02-02,CALL,3.27
2023-02-02,CD91,3.52
2023-02-02,CNYKRW,181.276698
2023-02-02,CORPAA3Y,4.177
2023-02-02,DJI,34053.941406
2023-02-02,DXY,101.75
2023-02-02,EURKRW,1344.469971
2023-02-02,EURUSD,1.101285
2023-02-02,GBPUSD,1.239004
2023-02-02,GOLD_INTL,1916.300049
2023-02-02,HSI,21958.359375
2023-02-02,IXIC,12200.820313
2023-02-02,JPYKRW100,949.9506
2023-02-02,KOSDAQ,764.619995
2023-02-02,KOSPI,2468.879883
2023-02-02,N225,27402.050781
2023-02-02,SOX,3141.840088
2023-02-02,SPX,4179.759766
2023-02-02,USDJPY,128.621994
2023-02-02,USDKRW,1221.949951
2023-02-02,WTI,75.879997
2023-02-03,CALL,3.488
2023-02-03,CD91,3.49
2023-02-03,CNYKRW,181.965386
2023-02-03,CORPAA3Y,4.081
2023-02-03,DJI,33926.011719
2023-02-03,DXY,102.919998
2023-02-03,EURKRW,1334.689941
2023-02-03,EURUSD,1.090513
2023-02-03,GBPUSD,1.2223
2023-02-03,GOLD_INTL,1862.900024
2023-02-03,HSI,21660.470703
2023-02-03,IXIC,12006.950195
2023-02-03,JPYKRW100,951.374912
2023-02-03,KOSDAQ,766.789978
2023-02-03,KOSPI,2480.399902
2023-02-03,N225,27509.460938
2023-02-03,SOX,3082.110107
2023-02-03,SPX,4136.47998
2023-02-03,USDJPY,128.746002
2023-02-03,USDKRW,1224.900024
2023-02-03,WTI,73.389999
2023-02-06,CALL,3.487
2023-02-06,CD91,3.47
2023-02-06,CNYKRW,184.043873
2023-02-06,CORPAA3Y,4.237
2023-02-06,DJI,33891.019531
2023-02-06,DXY,103.620003
2023-02-06,EURKRW,1344.170044
2023-02-06,EURUSD,1.079086
2023-02-06,GBPUSD,1.204515
2023-02-06,GOLD_INTL,1866.199951
2023-02-06,HSI,21222.160156
2023-02-06,IXIC,11887.450195
2023-02-06,JPYKRW100,943.679619
2023-02-06,KOSDAQ,761.330017
2023-02-06,KOSPI,2438.189941
2023-02-06,N225,27693.650391
2023-02-06,SOX,3029.73999
2023-02-06,SPX,4111.080078
2023-02-06,USDJPY,132.009003
2023-02-06,USDKRW,1246.75
2023-02-06,WTI,74.110001
2023-02-07,CALL,3.506
2023-02-07,CD91,3.46
2023-02-07,CNYKRW,185.638792
2023-02-07,CORPAA3Y,4.244
2023-02-07,DJI,34156.691406
2023-02-07,DXY,103.43
2023-02-07,EURKRW,1351.459961
2023-02-07,EURUSD,1.073076
2023-02-07,GBPUSD,1.202675
2023-02-07,GOLD_INTL,1871.699951
2023-02-07,HSI,21298.699219
2023-02-07,IXIC,12113.790039
2023-02-07,JPYKRW100,951.082134
2023-02-07,KOSDAQ,772.789978
2023-02-07,KOSPI,2451.709961
2023-02-07,N225,27685.470703
2023-02-07,SOX,3124.149902
2023-02-07,SPX,4164
2023-02-07,USDJPY,132.623001
2023-02-07,USDKRW,1261.22998
2023-02-07,WTI,77.139999
2023-02-08,CALL,3.483
2023-02-08,CD91,3.46
2023-02-08,CNYKRW,184.849503
2023-02-08,CORPAA3Y,4.244
2023-02-08,DJI,33949.011719
2023-02-08,DXY,103.410004
2023-02-08,EURKRW,1345.72998
2023-02-08,EURUSD,1.072973
2023-02-08,GBPUSD,1.205458
2023-02-08,GOLD_INTL,1877.400024
2023-02-08,HSI,21283.519531
2023-02-08,IXIC,11910.519531
2023-02-08,JPYKRW100,957.94611
2023-02-08,KOSDAQ,779.97998
2023-02-08,KOSPI,2483.639893
2023-02-08,N225,27606.460938
2023-02-08,SOX,3055.629883
2023-02-08,SPX,4117.859863
2023-02-08,USDJPY,131.042007
2023-02-08,USDKRW,1255.349976
2023-02-08,WTI,78.470001
2023-02-09,CALL,3.434
2023-02-09,CD91,3.46
2023-02-09,CNYKRW,185.685453
2023-02-09,CORPAA3Y,4.254
2023-02-09,DJI,33699.878906
2023-02-09,DXY,103.220001
2023-02-09,EURKRW,1349.579956
2023-02-09,EURUSD,1.071582
2023-02-09,GBPUSD,1.207146
2023-02-09,GOLD_INTL,1866.199951
2023-02-09,HSI,21624.359375
2023-02-09,IXIC,11789.580078
2023-02-09,JPYKRW100,959.382343
2023-02-09,KOSDAQ,784.580017
2023-02-09,KOSPI,2481.52002
2023-02-09,N225,27584.349609
2023-02-09,SOX,3059.620117
2023-02-09,SPX,4081.5
2023-02-09,USDJPY,131.386993
2023-02-09,USDKRW,1260.469971
2023-02-09,WTI,78.059998
2023-02-10,CALL,3.399
2023-02-10,CD91,3.47
2023-02-10,CNYKRW,186.520065
2023-02-10,CORPAA3Y,4.231
2023-02-10,DJI,33869.269531
2023-02-10,DXY,103.629997
2023-02-10,EURKRW,1357.119995
2023-02-10,EURUSD,1.074229
2023-02-10,GBPUSD,1.211681
2023-02-10,GOLD_INTL,1862.800049
2023-02-10,HSI,21190.419922
2023-02-10,IXIC,11718.120117
2023-02-10,JPYKRW100,961.430264
2023-02-10,KOSDAQ,772.440002
2023-02-10,KOSPI,2469.72998
2023-02-10,N225,27670.980469
2023-02-10,SOX,3011.149902
2023-02-10,SPX,4090.459961
2023-02-10,USDJPY,131.518997
2023-02-10,USDKRW,1264.550049
2023-02-10,WTI,79.720001
2023-02-13,CALL,3.402
2023-02-13,CD91,3.48
2023-02-13,CNYKRW,186.077287
2023-02-13,CORPAA3Y,4.252
2023-02-13,DJI,34245.929688
2023-02-13,DXY,103.349998
2023-02-13,EURKRW,1352.130005
2023-02-13,EURUSD,1.067771
2023-02-13,GBPUSD,1.205226
2023-02-13,GOLD_INTL,1851.900024
2023-02-13,HSI,21164.419922
2023-02-13,IXIC,11891.790039
2023-02-13,JPYKRW100,963.501263
2023-02-13,KOSDAQ,772.549988
2023-02-13,KOSPI,2452.699951
2023-02-13,N225,27427.320313
2023-02-13,SOX,3057.320068
2023-02-13,SPX,4137.290039
2023-02-13,USDJPY,131.550995
2023-02-13,USDKRW,1266.869995
2023-02-13,WTI,80.139999
2023-02-14,CALL,3.403
2023-02-14,CD91,3.48
2023-02-14,CNYKRW,186.596104
2023-02-14,CORPAA3Y,4.207
2023-02-14,DJI,34089.269531
2023-02-14,DXY,103.230003
2023-02-14,EURKRW,1364.060059
2023-02-14,EURUSD,1.073042
2023-02-14,GBPUSD,1.215214
2023-02-14,GOLD_INTL,1854
2023-02-14,HSI,21113.759766
2023-02-14,IXIC,11960.150391
2023-02-14,JPYKRW100,961.870861
2023-02-14,KOSDAQ,779.580017
2023-02-14,KOSPI,2465.639893
2023-02-14,N225,27602.769531
2023-02-14,SOX,3121.629883
2023-02-14,SPX,4136.129883
2023-02-14,USDJPY,132.337006
2023-02-14,USDKRW,1272.939941
2023-02-14,WTI,79.059998
2023-02-15,CALL,3.428
2023-02-15,CD91,3.49
2023-02-15,CNYKRW,186.385676
2023-02-15,CORPAA3Y,4.255
2023-02-15,DJI,34128.050781
2023-02-15,DXY,103.919998
2023-02-15,EURKRW,1364.72998
2023-02-15,EURUSD,1.073572
2023-02-15,GBPUSD,1.217434
2023-02-15,GOLD_INTL,1834.199951
2023-02-15,HSI,20812.169922
2023-02-15,IXIC,12070.589844
2023-02-15,JPYKRW100,956.596947
2023-02-15,KOSDAQ,765.460022
2023-02-15,KOSPI,2427.899902
2023-02-15,N225,27501.859375
2023-02-15,SOX,3133.070068
2023-02-15,SPX,4147.600098
2023-02-15,USDJPY,132.990997
2023-02-15,USDKRW,1272.25
2023-02-15,WTI,78.589996
2023-02-16,CALL,3.397
2023-02-16,CD91,3.5
2023-02-16,CNYKRW,187.352406
2023-02-16,CORPAA3Y,4.239
2023-02-16,DJI,33696.851563
2023-02-16,DXY,103.860001
2023-02-16,EURKRW,1371.280029
2023-02-16,EURUSD,1.069176
2023-02-16,GBPUSD,1.203978
2023-02-16,GOLD_INTL,1842
2023-02-16,HSI,20987.669922
2023-02-16,IXIC,11855.830078
2023-02-16,JPYKRW100,958.636665
2023-02-16,KOSDAQ,784.710022
2023-02-16,KOSPI,2475.47998
2023-02-16,N225,27696.439453
2023-02-16,SOX,3055.23999
2023-02-16,SPX,4090.409912
2023-02-16,USDJPY,133.903
2023-02-16,USDKRW,1283.719971
2023-02-16,WTI,78.489998
2023-02-17,CALL,3.436
2023-02-17,CD91,3.52
2023-02-17,CNYKRW,187.90325
2023-02-17,CORPAA3Y,4.345
2023-02-17,DJI,33826.691406
2023-02-17,DXY,103.860001
2023-02-17,EURKRW,1375.060059
2023-02-17,EURUSD,1.066576
2023-02-17,GBPUSD,1.197533
2023-02-17,GOLD_INTL,1840.400024
2023-02-17,HSI,20719.810547
2023-02-17,IXIC,11787.269531
2023-02-17,JPYKRW100,961.258793
2023-02-17,KOSDAQ,775.619995
2023-02-17,KOSPI,2451.209961
2023-02-17,N225,27513.130859
2023-02-17,SOX,3005.870117
2023-02-17,SPX,4079.090088
2023-02-17,USDJPY,134.074005
2023-02-17,USDKRW,1288.959961
2023-02-17,WTI,76.339996
2023-02-20,CALL,3.415
2023-02-20,CD91,3.53
2023-02-20,CNYKRW,188.684088
2023-02-20,CORPAA3Y,4.369
2023-02-20,EURKRW,1384.420044
2023-02-20,EURUSD,1.068444
2023-02-20,GBPUSD,1.202979
2023-02-20,HSI,20886.960938
2023-02-20,JPYKRW100,963.350868
2023-02-20,KOSDAQ,788.890015
2023-02-20,KOSPI,2455.120117
2023-02-20,N225,27531.939453
2023-02-20,USDJPY,134.307007
2023-02-20,USDKRW,1293.920044
2023-02-21,CALL,3.395
2023-02-21,CD91,3.54
2023-02-21,CNYKRW,189.099946
2023-02-21,CORPAA3Y,4.324
2023-02-21,DJI,33129.589844
2023-02-21,DXY,104.18
2023-02-21,EURKRW,1384.150024
2023-02-21,EURUSD,1.068262
2023-02-21,GBPUSD,1.20392
2023-02-21,GOLD_INTL,1833
2023-02-21,HSI,20529.490234
2023-02-21,IXIC,11492.299805
2023-02-21,JPYKRW100,964.870071
2023-02-21,KOSDAQ,793.419983
2023-02-21,KOSPI,2458.959961
2023-02-21,N225,27473.099609
2023-02-21,SOX,2906.26001
2023-02-21,SPX,3997.340088
2023-02-21,USDJPY,134.335999
2023-02-21,USDKRW,1296.109985
2023-02-21,WTI,76.160004
2023-02-22,CALL,3.423
2023-02-22,CD91,3.56
2023-02-22,CNYKRW,190.007998
2023-02-22,CORPAA3Y,4.342
2023-02-22,DJI,33045.089844
2023-02-22,DXY,104.589996
2023-02-22,EURKRW,1389.47998
2023-02-22,EURUSD,1.065201
2023-02-22,GBPUSD,1.210932
2023-02-22,GOLD_INTL,1832
2023-02-22,HSI,20423.839844
2023-02-22,IXIC,11507.070313
2023-02-22,JPYKRW100,967.510796
2023-02-22,KOSDAQ,778.51001
2023-02-22,KOSPI,2417.679932
2023-02-22,N225,27104.320313
2023-02-22,SOX,2892.389893
2023-02-22,SPX,3991.050049
2023-02-22,USDJPY,134.975998
2023-02-22,USDKRW,1305.829956
2023-02-22,WTI,73.949997
2023-02-23,CALL,3.456
2023-02-23,CD91,3.59
2023-02-23,CNYKRW,189.054303
2023-02-23,CORPAA3Y,4.311
2023-02-23,DJI,33153.910156
2023-02-23,DXY,104.599998
2023-02-23,EURKRW,1379.880005
2023-02-23,EURUSD,1.06058
2023-02-23,GBPUSD,1.204993
2023-02-23,GOLD_INTL,1818
2023-02-23,HSI,20351.349609
2023-02-23,IXIC,11590.400391
2023-02-23,JPYKRW100,965.549183
2023-02-23,KOSDAQ,783.280029
2023-02-23,KOSPI,2439.090088
2023-02-23,SOX,2988.810059
2023-02-23,SPX,4012.320068
2023-02-23,USDJPY,134.932007
2023-02-23,USDKRW,1302.829956
2023-02-23,WTI,75.389999
2023-02-24,CALL,3.432
2023-02-24,CD91,3.59
2023-02-24,CNYKRW,187.936868
2023-02-24,CORPAA3Y,4.255
2023-02-24,DJI,32816.921875
2023-02-24,DXY,105.209999
2023-02-24,EURKRW,1374.569946
2023-02-24,EURUSD,1.059805
2023-02-24,GBPUSD,1.201779
2023-02-24,GOLD_INTL,1808.800049
2023-02-24,HSI,20010.039063
2023-02-24,IXIC,11394.94043
2023-02-24,JPYKRW100,964.251423
2023-02-24,KOSDAQ,778.880005
2023-02-24,KOSPI,2423.610107
2023-02-24,N225,27453.480469
2023-02-24,SOX,2935.110107
2023-02-24,SPX,3970.040039
2023-02-24,USDJPY,134.628006
2023-02-24,USDKRW,1298.079956
2023-02-24,WTI,76.32
2023-02-27,CALL,3.428
2023-02-27,CD91,3.59
2023-02-27,CNYKRW,188.885689
2023-02-27,CORPAA3Y,4.366
2023-02-27,DJI,32889.089844
2023-02-27,DXY,104.669998
2023-02-27,EURKRW,1384.969971
2023-02-27,EURUSD,1.055476
2023-02-27,GBPUSD,1.195243
2023-02-27,GOLD_INTL,1817
2023-02-27,HSI,19943.509766
2023-02-27,IXIC,11466.980469
2023-02-27,JPYKRW100,962.537956
2023-02-27,KOSDAQ,780.299988
2023-02-27,KOSPI,2402.639893
2023-02-27,N225,27423.960938
2023-02-27,SOX,2951.209961
2023-02-27,SPX,3982.23999
2023-02-27,USDJPY,136.395004
2023-02-27,USDKRW,1313.699951
2023-02-27,WTI,75.68
2023-02-28,CALL,3.46
2023-02-28,CD91,3.59
2023-02-28,CNYKRW,189.857278
2023-02-28,CORPAA3Y,4.484
2023-02-28,DJI,32656.699219
2023-02-28,DXY,104.870003
2023-02-28,EURKRW,1397.050049
2023-02-28,EURUSD,1.061121
2023-02-28,GBPUSD,1.206156
2023-02-28,GOLD_INTL,1828.900024
2023-02-28,HSI,19785.939453
2023-02-28,IXIC,11455.540039
2023-02-28,JPYKRW100,966.666698
2023-02-28,KOSDAQ,791.599976
2023-02-28,KOSPI,2412.850098
2023-02-28,N225,27445.560547
2023-02-28,SOX,2958.389893
2023-02-28,SPX,3970.149902
2023-02-28,USDJPY,136.317001
2023-02-28,USDKRW,1318.349976
2023-02-28,WTI,77.050003
2023-03-01,CNYKRW,190.643792
2023-03-01,DJI,32661.839844
2023-03-01,DXY,104.480003
2023-03-01,EURKRW,1398.369995
2023-03-01,EURUSD,1.057731
2023-03-01,GBPUSD,1.203355
2023-03-01,GOLD_INTL,1837.699951
2023-03-01,HSI,20619.710938
2023-03-01,IXIC,11379.480469
2023-03-01,JPYKRW100,969.320011
2023-03-01,N225,27516.529297
2023-03-01,SOX,2955.830078
2023-03-01,SPX,3951.389893
2023-03-01,USDJPY,136.348007
2023-03-01,USDKRW,1321.599976
2023-03-01,WTI,77.690002
2023-03-02,CALL,3.407
2023-03-02,CD91,3.61
2023-03-02,CNYKRW,190.117935
2023-03-02,CORPAA3Y,4.558
2023-03-02,DJI,33003.570313
2023-03-02,DXY,105.029999
2023-03-02,EURKRW,1391.5
2023-03-02,EURUSD,1.066894
2023-03-02,GBPUSD,1.202993
2023-03-02,GOLD_INTL,1833.5
2023-03-02,HSI,20429.460938
2023-03-02,IXIC,11462.980469
2023-03-02,JPYKRW100,958.527374
2023-03-02,KOSDAQ,787.190002
2023-03-02,KOSPI,2427.850098
2023-03-02,N225,27498.869141
2023-03-02,SOX,2984.110107
2023-03-02,SPX,3981.350098
2023-03-02,USDJPY,136.194
2023-03-02,USDKRW,1305.72998
2023-03-02,WTI,78.160004
2023-03-03,CALL,3.366
2023-03-03,CD91,3.61
2023-03-03,CNYKRW,189.629452
2023-03-03,CORPAA3Y,4.471
2023-03-03,DJI,33390.96875
2023-03-03,DXY,104.519997
2023-03-03,EURKRW,1388.319946
2023-03-03,EURUSD,1.059973
2023-03-03,GBPUSD,1.195157
2023-03-03,GOLD_INTL,1847.699951
2023-03-03,HSI,20567.539063
2023-03-03,IXIC,11689.009766
2023-03-03,JPYKRW100,959.120369
2023-03-03,KOSDAQ,802.419983
2023-03-03,KOSPI,2432.070068
2023-03-03,N225,27927.470703
2023-03-03,SOX,3028.340088
2023-03-03,SPX,4045.639893
2023-03-03,USDJPY,136.705002
2023-03-03,USDKRW,1311.060059
2023-03-03,WTI,79.68
2023-03-06,CALL,3.337
2023-03-06,CD91,3.61
2023-03-06,CNYKRW,187.464538
2023-03-06,CORPAA3Y,4.458
2023-03-06,DJI,33431.441406
2023-03-06,DXY,104.349998
2023-03-06,EURKRW,1376.030029
2023-03-06,EURUSD,1.06262
2023-03-06,GBPUSD,1.202848
2023-03-06,GOLD_INTL,1847.900024
2023-03-06,HSI,20603.189453
2023-03-06,IXIC,11675.740234
2023-03-06,JPYKRW100,951.823711
2023-03-06,KOSDAQ,816.51001
2023-03-06,KOSPI,2462.620117
2023-03-06,N225,28237.779297
2023-03-06,SOX,2994.590088
2023-03-06,SPX,4048.419922
2023-03-06,USDJPY,135.860001
2023-03-06,USDKRW,1294.780029
2023-03-06,WTI,80.459999
2023-03-07,CALL,3.428
2023-03-07,CD91,3.61
2023-03-07,CNYKRW,187.462119
2023-03-07,CORPAA3Y,4.41
2023-03-07,DJI,32856.460938
2023-03-07,DXY,105.620003
2023-03-07,EURKRW,1384.72998
2023-03-07,EURUSD,1.068833
2023-03-07,GBPUSD,1.202646
2023-03-07,GOLD_INTL,1813.900024
2023-03-07,HSI,20534.480469
2023-03-07,IXIC,11530.330078
2023-03-07,JPYKRW100,955.048656
2023-03-07,KOSDAQ,815.76001
2023-03-07,KOSPI,2463.350098
2023-03-07,N225,28309.160156
2023-03-07,SOX,2962.419922
2023-03-07,SPX,3986.370117
2023-03-07,USDJPY,135.998993
2023-03-07,USDKRW,1299
2023-03-07,WTI,77.580002
2023-03-08,CALL,3.458
2023-03-08,CD91,3.61
2023-03-08,CNYKRW,189.31537
2023-03-08,CORPAA3Y,4.534
2023-03-08,DJI,32798.398438
2023-03-08,DXY,105.660004
2023-03-08,EURKRW,1389.25
2023-03-08,EURUSD,1.055075
2023-03-08,GBPUSD,1.182774
2023-03-08,GOLD_INTL,1812.699951
2023-03-08,HSI,20051.25
2023-03-08,IXIC,11576
2023-03-08,JPYKRW100,959.152889
2023-03-08,KOSDAQ,813.950012
2023-03-08,KOSPI,2431.909912
2023-03-08,N225,28444.189453
2023-03-08,SOX,3041.389893
2023-03-08,SPX,3992.01001
2023-03-08,USDJPY,137.391006
2023-03-08,USDKRW,1317.900024
2023-03-08,WTI,76.660004
2023-03-09,CALL,3.44
2023-03-09,CD91,3.61
2023-03-09,CNYKRW,189.409077
2023-03-09,CORPAA3Y,4.54
2023-03-09,DJI,32254.859375
2023-03-09,DXY,105.309998
2023-03-09,EURKRW,1386.98999
2023-03-09,EURUSD,1.054953
2023-03-09,GBPUSD,1.185017
2023-03-09,GOLD_INTL,1829.300049
2023-03-09,HSI,19925.740234
2023-03-09,IXIC,11338.349609
2023-03-09,JPYKRW100,959.148121
2023-03-09,KOSDAQ,809.219971
2023-03-09,KOSPI,2419.090088
2023-03-09,N225,28623.150391
2023-03-09,SOX,2980.209961
2023-03-09,SPX,3918.320068
2023-03-09,USDJPY,137.225998
2023-03-09,USDKRW,1316.449951
2023-03-09,WTI,75.720001
2023-03-10,CALL,3.429
2023-03-10,CD91,3.61
2023-03-10,CNYKRW,190.35413
2023-03-10,CORPAA3Y,4.396
2023-03-10,DJI,31909.640625
2023-03-10,DXY,104.580002
2023-03-10,EURKRW,1401.530029
2023-03-10,EURUSD,1.05847
2023-03-10,GBPUSD,1.19225
2023-03-10,GOLD_INTL,1862
2023-03-10,HSI,19319.919922
2023-03-10,IXIC,11138.889648
2023-03-10,JPYKRW100,971.882057
2023-03-10,KOSDAQ,788.599976
2023-03-10,KOSPI,2394.590088
2023-03-10,N225,28143.970703
2023-03-10,SOX,2923.929932
2023-03-10,SPX,3861.590088
2023-03-10,USDJPY,136.395004
2023-03-10,USDKRW,1325.550049
2023-03-10,WTI,76.68
2023-03-13,CALL,3.435
2023-03-13,CD91,3.61
2023-03-13,CNYKRW,191.093674
2023-03-13,CORPAA3Y,4.149
2023-03-13,DJI,31819.140625
2023-03-13,DXY,103.599998
2023-03-13,EURKRW,1403.01001
2023-03-13,EURUSD,1.068365
2023-03-13,GBPUSD,1.207934
2023-03-13,GOLD_INTL,1911.699951
2023-03-13,HSI,19695.970703
2023-03-13,IXIC,11188.839844
2023-03-13,JPYKRW100,977.971077
2023-03-13,KOSDAQ,788.890015
2023-03-13,KOSPI,2410.600098
2023-03-13,N225,27832.960938
2023-03-13,SOX,2921.709961
2023-03-13,SPX,3855.76001
2023-03-13,USDJPY,134.979996
2023-03-13,USDKRW,1319.540039
2023-03-13,WTI,74.800003
2023-03-14,CALL,3.416
2023-03-14,CD91,3.61
2023-03-14,CNYKRW,189.401859
2023-03-14,CORPAA3Y,4.085
2023-03-14,DJI,32155.400391
2023-03-14,DXY,103.599998
2023-03-14,EURKRW,1389.040039
2023-03-14,EURUSD,1.072501
2023-03-14,GBPUSD,1.217137
2023-03-14,GOLD_INTL,1906.199951
2023-03-14,HSI,19247.960938
2023-03-14,IXIC,11428.150391
2023-03-14,JPYKRW100,973.565197
2023-03-14,KOSDAQ,758.049988
2023-03-14,KOSPI,2348.969971
2023-03-14,N225,27222.039063
2023-03-14,SOX,3010.149902
2023-03-14,SPX,3919.290039
2023-03-14,USDJPY,133.113998
2023-03-14,USDKRW,1296.380005
2023-03-14,WTI,71.330002
2023-03-15,CALL,3.37
2023-03-15,CD91,3.61
2023-03-15,CNYKRW,189.881368
2023-03-15,CORPAA3Y,4.169
2023-03-15,DJI,31874.570313
2023-03-15,DXY,104.650002
2023-03-15,EURKRW,1395.359985
2023-03-15,EURUSD,1.072766
2023-03-15,GBPUSD,1.215214
2023-03-15,GOLD_INTL,1926.599976
2023-03-15,HSI,19539.869141
2023-03-15,IXIC,11434.049805
2023-03-15,JPYKRW100,970.60461
2023-03-15,KOSDAQ,781.169983
2023-03-15,KOSPI,2379.719971
2023-03-15,N225,27229.480469
2023-03-15,SOX,2977.389893
2023-03-15,SPX,3891.929932
2023-03-15,USDJPY,134.397003
2023-03-15,USDKRW,1304.579956
2023-03-15,WTI,67.610001
2023-03-16,CALL,3.439
2023-03-16,CD91,3.62
2023-03-16,CNYKRW,189.944828
2023-03-16,CORPAA3Y,4.098
2023-03-16,DJI,32246.550781
2023-03-16,DXY,104.419998
2023-03-16,EURKRW,1388.300049
2023-03-16,EURUSD,1.058335
2023-03-16,GBPUSD,1.206928
2023-03-16,GOLD_INTL,1919
2023-03-16,HSI,19203.910156
2023-03-16,IXIC,11717.280273
2023-03-16,JPYKRW100,986.875439
2023-03-16,KOSDAQ,781.97998
2023-03-16,KOSPI,2377.909912
2023-03-16,N225,27010.609375
2023-03-16,SOX,3098.070068
2023-03-16,SPX,3960.280029
2023-03-16,USDJPY,132.929001
2023-03-16,USDKRW,1311.73999
2023-03-16,WTI,68.349998
2023-03-17,CALL,3.426
2023-03-17,CD91,3.62
2023-03-17,CNYKRW,188.708951
2023-03-17,CORPAA3Y,4.11
2023-03-17,DJI,31861.980469
2023-03-17,DXY,103.709999
2023-03-17,EURKRW,1379.319946
2023-03-17,EURUSD,1.061413
2023-03-17,GBPUSD,1.21105
2023-03-17,GOLD_INTL,1969.800049
2023-03-17,HSI,19518.589844
2023-03-17,IXIC,11630.509766
2023-03-17,JPYKRW100,975.888062
2023-03-17,KOSDAQ,797.390015
2023-03-17,KOSPI,2395.689941
2023-03-17,N225,27333.789063
2023-03-17,SOX,3083.52002
2023-03-17,SPX,3916.639893
2023-03-17,USDJPY,133.367996
2023-03-17,USDKRW,1301.619995
2023-03-17,WTI,66.739998
2023-03-20,CALL,3.479
2023-03-20,CD91,3.62
2023-03-20,CNYKRW,189.897048
2023-03-20,CORPAA3Y,3.986
2023-03-20,DJI,32244.580078
2023-03-20,DXY,103.279999
2023-03-20,EURKRW,1394.939941
2023-03-20,EURUSD,1.067886
2023-03-20,GBPUSD,1.218769
2023-03-20,GOLD_INTL,1979.199951
2023-03-20,HSI,19000.710938
2023-03-20,IXIC,11675.540039
2023-03-20,JPYKRW100,987.810993
2023-03-20,KOSDAQ,802.200012
2023-03-20,KOSPI,2379.199951
2023-03-20,N225,26945.669922
2023-03-20,SOX,3114.709961
2023-03-20,SPX,3951.570068
2023-03-20,USDJPY,132.283997
2023-03-20,USDKRW,1307.650024
2023-03-20,WTI,67.639999
2023-03-21,CALL,3.464
2023-03-21,CD91,3.62
2023-03-21,CNYKRW,189.734936
2023-03-21,CORPAA3Y,4.016
2023-03-21,DJI,32560.599609
2023-03-21,DXY,103.260002
2023-03-21,EURKRW,1394.459961
2023-03-21,EURUSD,1.071915
2023-03-21,GBPUSD,1.227626
2023-03-21,GOLD_INTL,1938
2023-03-21,HSI,19258.759766
2023-03-21,IXIC,11860.110352
2023-03-21,JPYKRW100,993.097496
2023-03-21,KOSDAQ,802.530029
2023-03-21,KOSPI,2388.350098
2023-03-21,SOX,3116.889893
2023-03-21,SPX,4002.870117
2023-03-21,USDJPY,131.391998
2023-03-21,USDKRW,1304.939941
2023-03-21,WTI,69.330002
2023-03-22,CALL,3.433
2023-03-22,CD91,3.62
2023-03-22,CNYKRW,189.370908
2023-03-22,CORPAA3Y,4.014
2023-03-22,DJI,32030.109375
2023-03-22,DXY,102.349998
2023-03-22,EURKRW,1402.27002
2023-03-22,EURUSD,1.077424
2023-03-22,GBPUSD,1.222509
2023-03-22,GOLD_INTL,1946.800049
2023-03-22,HSI,19591.429688
2023-03-22,IXIC,11669.959961
2023-03-22,JPYKRW100,984.895325
2023-03-22,KOSDAQ,813.429993
2023-03-22,KOSPI,2416.959961
2023-03-22,N225,27466.609375
2023-03-22,SOX,3091.709961
2023-03-22,SPX,3936.969971
2023-03-22,USDJPY,132.348007
2023-03-22,USDKRW,1303.439941
2023-03-22,WTI,70.900002
2023-03-23,CALL,3.45
2023-03-23,CD91,3.62
2023-03-23,CNYKRW,188.721073
2023-03-23,CORPAA3Y,3.97
2023-03-23,DJI,32105.25
2023-03-23,DXY,102.529999
2023-03-23,EURKRW,1407.22998
2023-03-23,EURUSD,1.087039
2023-03-23,GBPUSD,1.227973
2023-03-23,GOLD_INTL,1993.800049
2023-03-23,HSI,20049.640625
2023-03-23,IXIC,11787.400391
2023-03-23,JPYKRW100,989.53867
2023-03-23,KOSDAQ,812.190002
2023-03-23,KOSPI,2424.47998
2023-03-23,N225,27419.609375
2023-03-23,SOX,3174.360107
2023-03-23,SPX,3948.719971
2023-03-23,USDJPY,131.179001
2023-03-23,USDKRW,1298.25
2023-03-23,WTI,69.959999
2023-03-24,CALL,3.419
2023-03-24,CD91,3.59
2023-03-24,CNYKRW,188.649838
2023-03-24,CORPAA3Y,3.928
2023-03-24,DJI,32237.529297
2023-03-24,DXY,103.120003
2023-03-24,EURKRW,1389.449951
2023-03-24,EURUSD,1.083506
2023-03-24,GBPUSD,1.228154
2023-03-24,GOLD_INTL,1982.099976
2023-03-24,HSI,19915.679688
2023-03-24,IXIC,11823.959961
2023-03-24,JPYKRW100,982.9813
2023-03-24,KOSDAQ,824.109985
2023-03-24,KOSPI,2414.959961
2023-03-24,N225,27385.25
2023-03-24,SOX,3121.26001
2023-03-24,SPX,3970.98999
2023-03-24,USDJPY,130.865005
2023-03-24,USDKRW,1286.290039
2023-03-24,WTI,69.260002
2023-03-27,CALL,3.398
2023-03-27,CD91,3.59
2023-03-27,CNYKRW,188.558313
2023-03-27,CORPAA3Y,3.989
2023-03-27,DJI,32432.080078
2023-03-27,DXY,102.860001
2023-03-27,EURKRW,1392.949951
2023-03-27,EURUSD,1.077819
2023-03-27,GBPUSD,1.2246
2023-03-27,GOLD_INTL,1952.400024
2023-03-27,HSI,19567.689453
2023-03-27,IXIC,11768.839844
2023-03-27,JPYKRW100,989.564323
2023-03-27,KOSDAQ,827.690002
2023-03-27,KOSPI,2409.219971
2023-03-27,N225,27476.869141
2023-03-27,SOX,3083.580078
2023-03-27,SPX,3977.530029
2023-03-27,USDJPY,130.845993
2023-03-27,USDKRW,1294.829956
2023-03-27,WTI,72.809998
2023-03-28,CALL,3.44
2023-03-28,CD91,3.59
2023-03-28,CNYKRW,188.51317
2023-03-28,CORPAA3Y,4.029
2023-03-28,DJI,32394.25
2023-03-28,DXY,102.43
2023-03-28,EURKRW,1398.109985
2023-03-28,EURUSD,1.080707
2023-03-28,GBPUSD,1.229755
2023-03-28,GOLD_INTL,1972.400024
2023-03-28,HSI,19784.650391
2023-03-28,IXIC,11716.080078
2023-03-28,JPYKRW100,988.886642
2023-03-28,KOSDAQ,833.51001
2023-03-28,KOSPI,2434.939941
2023-03-28,N225,27518.25
2023-03-28,SOX,3057.27002
2023-03-28,SPX,3971.27002
2023-03-28,USDJPY,131.233002
2023-03-28,USDKRW,1297.800049
2023-03-28,WTI,73.199997
2023-03-29,CALL,3.427
2023-03-29,CD91,3.59
2023-03-29,CNYKRW,188.698291
2023-03-29,CORPAA3Y,4.027
2023-03-29,DJI,32717.599609
2023-03-29,DXY,102.639999
2023-03-29,EURKRW,1404.939941
2023-03-29,EURUSD,1.083952
2023-03-29,GBPUSD,1.233046
2023-03-29,GOLD_INTL,1966.099976
2023-03-29,HSI,20192.400391
2023-03-29,IXIC,11926.240234
2023-03-29,JPYKRW100,989.69841
2023-03-29,KOSDAQ,843.940002
2023-03-29,KOSPI,2443.919922
2023-03-29,N225,27883.779297
2023-03-29,SOX,3157.110107
2023-03-29,SPX,4027.810059
2023-03-29,USDJPY,131.046005
2023-03-29,USDKRW,1296.97998
2023-03-29,WTI,72.970001
2023-03-30,CALL,3.493
2023-03-30,CD91,3.59
2023-03-30,CNYKRW,189.835307
2023-03-30,CORPAA3Y,4.035
2023-03-30,DJI,32859.03125
2023-03-30,DXY,102.139999
2023-03-30,EURKRW,1415.400024
2023-03-30,EURUSD,1.084363
2023-03-30,GBPUSD,1.23136
2023-03-30,GOLD_INTL,1980.300049
2023-03-30,HSI,20309.130859
2023-03-30,IXIC,12013.469727
2023-03-30,JPYKRW100,985.813808
2023-03-30,KOSDAQ,850.47998
2023-03-30,KOSPI,2453.159912
2023-03-30,N225,27782.929688
2023-03-30,SOX,3208.26001
2023-03-30,SPX,4050.830078
2023-03-30,USDJPY,132.576004
2023-03-30,USDKRW,1307.130005
2023-03-30,WTI,74.370003
2023-03-31,CALL,3.569
2023-03-31,CD91,3.59
2023-03-31,CNYKRW,188.708082
2023-03-31,CORPAA3Y,4.074
2023-03-31,DJI,33274.148438
2023-03-31,DXY,102.510002
2023-03-31,EURKRW,1412.73999
2023-03-31,EURUSD,1.090465
2023-03-31,GBPUSD,1.238728
2023-03-31,GOLD_INTL,1969
2023-03-31,HSI,20400.109375
2023-03-31,IXIC,12221.910156
2023-03-31,JPYKRW100,973.187637
2023-03-31,KOSDAQ,847.52002
2023-03-31,KOSPI,2476.860107
2023-03-31,N225,28041.480469
2023-03-31,SOX,3230.860107
2023-03-31,SPX,4109.310059
2023-03-31,USDJPY,133.201004
2023-03-31,USDKRW,1296.5
2023-03-31,WTI,75.669998
2023-04-03,CALL,3.449
2023-04-03,CD91,3.59
2023-04-03,CNYKRW,190.081534
2023-04-03,CORPAA3Y,4.139
2023-04-03,DJI,33601.148438
2023-04-03,DXY,102.089996
2023-04-03,EURKRW,1415.27002
2023-04-03,EURUSD,1.080334
2023-04-03,GBPUSD,1.228697
2023-04-03,GOLD_INTL,1983.900024
2023-04-03,HSI,20409.179688
2023-04-03,IXIC,12189.450195
2023-04-03,JPYKRW100,979.039001
2023-04-03,KOSDAQ,854.960022
2023-04-03,KOSPI,2472.340088
2023-04-03,N225,28188.150391
2023-04-03,SOX,3200.429932
2023-04-03,SPX,4124.509766
2023-04-03,USDJPY,133.347
2023-04-03,USDKRW,1305.47998
2023-04-03,WTI,80.419998
2023-04-04,CALL,3.441
2023-04-04,CD91,3.59
2023-04-04,CNYKRW,190.198201
2023-04-04,CORPAA3Y,4.081
2023-04-04,DJI,33402.378906
2023-04-04,DXY,101.589996
2023-04-04,EURKRW,1425.699951
2023-04-04,EURUSD,1.091227
2023-04-04,GBPUSD,1.242313
2023-04-04,GOLD_INTL,2022.199951
2023-04-04,HSI,20274.589844
2023-04-04,IXIC,12126.330078
2023-04-04,JPYKRW100,988.580418
2023-04-04,KOSDAQ,857.179993
2023-04-04,KOSPI,2480.51001
2023-04-04,N225,28287.419922
2023-04-04,SOX,3142.5
2023-04-04,SPX,4100.600098
2023-04-04,USDJPY,132.298996
2023-04-04,USDKRW,1308.050049
2023-04-04,WTI,80.709999
2023-04-05,CALL,3.463
2023-04-05,CD91,3.59
2023-04-05,CNYKRW,190.790552
2023-04-05,CORPAA3Y,4.072
2023-04-05,DJI,33482.71875
2023-04-05,DXY,101.849998
2023-04-05,EURKRW,1434.780029
2023-04-05,EURUSD,1.096011
2023-04-05,GBPUSD,1.249844
2023-04-05,GOLD_INTL,2020.900024
2023-04-05,IXIC,11996.860352
2023-04-05,JPYKRW100,998.053169
2023-04-05,KOSDAQ,872.359985
2023-04-05,KOSPI,2495.209961
2023-04-05,N225,27813.259766
2023-04-05,SOX,3085.97998
2023-04-05,SPX,4090.379883
2023-04-05,USDJPY,131.485001
2023-04-05,USDKRW,1312.410034
2023-04-05,WTI,80.610001
2023-04-06,CALL,3.4
2023-04-06,CD91,3.58
2023-04-06,CNYKRW,191.351307
2023-04-06,CORPAA3Y,4.022
2023-04-06,DJI,33485.289063
2023-04-06,DXY,101.82
2023-04-06,EURKRW,1433.130005
2023-04-06,EURUSD,1.090334
2023-04-06,GBPUSD,1.246308
2023-04-06,GOLD_INTL,2011.900024
2023-04-06,HSI,20331.199219
2023-04-06,IXIC,12087.959961
2023-04-06,JPYKRW100,1005.427361
2023-04-06,KOSDAQ,865.580017
2023-04-06,KOSPI,2459.22998
2023-04-06,N225,27472.630859
2023-04-06,SOX,3071.77002
2023-04-06,SPX,4105.02002
2023-04-06,USDJPY,130.934006
2023-04-06,USDKRW,1316.209961
2023-04-06,WTI,80.699997
2023-04-07,CALL,3.403
2023-04-07,CD91,3.53
2023-04-07,CNYKRW,191.703147
2023-04-07,CORPAA3Y,4.049
2023-04-07,EURKRW,1438.910034
2023-04-07,EURUSD,1.092013
2023-04-07,GBPUSD,1.2439
2023-04-07,JPYKRW100,1000.728893
2023-04-07,KOSDAQ,880.070007
2023-04-07,KOSPI,2490.409912
2023-04-07,N225,27518.310547
2023-04-07,USDJPY,131.669006
2023-04-07,USDKRW,1317.939941
2023-04-10,CALL,3.419
2023-04-10,CD91,3.51
2023-04-10,CNYKRW,191.496946
2023-04-10,CORPAA3Y,4.004
2023-04-10,DJI,33586.519531
2023-04-10,DXY,102.580002
2023-04-10,EURKRW,1439.119995
2023-04-10,EURUSD,1.091358
2023-04-10,GBPUSD,1.243163
2023-04-10,GOLD_INTL,1989.099976
2023-04-10,IXIC,12084.360352
2023-04-10,JPYKRW100,995.791054
2023-04-10,KOSDAQ,887.780029
2023-04-10,KOSPI,2512.080078
2023-04-10,N225,27633.660156
2023-04-10,SOX,3126.969971
2023-04-10,SPX,4109.109863
2023-04-10,USDJPY,132.097
2023-04-10,USDKRW,1315.449951
2023-04-10,WTI,79.739998
2023-04-11,CALL,3.452
2023-04-11,CD91,3.48
2023-04-11,CNYKRW,191.957677
2023-04-11,CORPAA3Y,4.041
2023-04-11,DJI,33684.789063
2023-04-11,DXY,102.199997
2023-04-11,EURKRW,1439.069946
2023-04-11,EURUSD,1.086933
2023-04-11,GBPUSD,1.239219
2023-04-11,GOLD_INTL,2004.800049
2023-04-11,HSI,20485.240234
2023-04-11,IXIC,12031.879883
2023-04-11,JPYKRW100,989.630795
2023-04-11,KOSDAQ,898.940002
2023-04-11,KOSPI,2547.860107
2023-04-11,N225,27923.369141
2023-04-11,SOX,3109.419922
2023-04-11,SPX,4108.939941
2023-04-11,USDJPY,133.468994
2023-04-11,USDKRW,1320.880005
2023-04-11,WTI,81.529999
2023-04-12,CALL,3.43
2023-04-12,CD91,3.43
2023-04-12,CNYKRW,192.010744
2023-04-12,CORPAA3Y,4.042
2023-04-12,DJI,33646.5
2023-04-12,DXY,101.5
2023-04-12,EURKRW,1439.699951
2023-04-12,EURUSD,1.091751
2023-04-12,GBPUSD,1.243101
2023-04-12,GOLD_INTL,2010.900024
2023-04-12,HSI,20309.859375
2023-04-12,IXIC,11929.339844
2023-04-12,JPYKRW100,989.146233
2023-04-12,KOSDAQ,890.619995
2023-04-12,KOSPI,2550.639893
2023-04-12,N225,28082.699219
2023-04-12,SOX,3052.52002
2023-04-12,SPX,4091.949951
2023-04-12,USDJPY,133.593994
2023-04-12,USDKRW,1322.089966
2023-04-12,WTI,83.260002
2023-04-13,CALL,3.438
2023-04-13,CD91,3.43
2023-04-13,CNYKRW,192.448016
2023-04-13,CORPAA3Y,4.009
2023-04-13,DJI,34029.691406
2023-04-13,DXY,101.010002
2023-04-13,EURKRW,1452.790039
2023-04-13,EURUSD,1.099989
2023-04-13,GBPUSD,1.249266
2023-04-13,GOLD_INTL,2041.300049
2023-04-13,HSI,20344.480469
2023-04-13,IXIC,12166.269531
2023-04-13,JPYKRW100,993.970013
2023-04-13,KOSDAQ,894.25
2023-04-13,KOSPI,2561.659912
2023-04-13,N225,28156.970703
2023-04-13,SOX,3074.939941
2023-04-13,SPX,4146.220215
2023-04-13,USDJPY,133.085007
2023-04-13,USDKRW,1322.829956
2023-04-13,WTI,82.160004
2023-04-14,CALL,3.491
2023-04-14,CD91,3.43
2023-04-14,CNYKRW,189.497366
2023-04-14,CORPAA3Y,4.022
2023-04-14,DJI,33886.46875
2023-04-14,DXY,101.550003
2023-04-14,EURKRW,1437.060059
2023-04-14,EURUSD,1.105461
2023-04-14,GBPUSD,1.25253
2023-04-14,GOLD_INTL,2002.199951
2023-04-14,HSI,20438.810547
2023-04-14,IXIC,12123.469727
2023-04-14,JPYKRW100,982.30772
2023-04-14,KOSDAQ,903.840027
2023-04-14,KOSPI,2571.48999
2023-04-14,N225,28493.470703
2023-04-14,SOX,3070.449951
2023-04-14,SPX,4137.640137
2023-04-14,USDJPY,132.487
2023-04-14,USDKRW,1301.430054
2023-04-14,WTI,82.519997
2023-04-17,CALL,3.478
2023-04-17,CD91,3.43
2023-04-17,CNYKRW,189.70948
2023-04-17,CORPAA3Y,4.092
2023-04-17,DJI,33987.179688
2023-04-17,DXY,102.099998
2023-04-17,EURKRW,1432.660034
2023-04-17,EURUSD,1.09866
2023-04-17,GBPUSD,1.240018
2023-04-17,GOLD_INTL,1994.199951
2023-04-17,HSI,20782.449219
2023-04-17,IXIC,12157.719727
2023-04-17,JPYKRW100,972.860432
2023-04-17,KOSDAQ,909.5
2023-04-17,KOSPI,2575.909912
2023-04-17,N225,28514.779297
2023-04-17,SOX,3066.679932
2023-04-17,SPX,4151.319824
2023-04-17,USDJPY,133.970993
2023-04-17,USDKRW,1303.380005
2023-04-17,WTI,80.830002
2023-04-18,CALL,3.469
2023-04-18,CD91,3.44
2023-04-18,CNYKRW,191.322609
2023-04-18,CORPAA3Y,4.101
2023-04-18,DJI,33976.628906
2023-04-18,DXY,101.75
2023-04-18,EURKRW,1439.75
2023-04-18,EURUSD,1.092538
2023-04-18,GBPUSD,1.237547
2023-04-18,GOLD_INTL,2007.400024
2023-04-18,HSI,20650.509766
2023-04-18,IXIC,12153.410156
2023-04-18,JPYKRW100,978.996563
2023-04-18,KOSDAQ,909.02002
2023-04-18,KOSPI,2571.090088
2023-04-18,N225,28658.830078
2023-04-18,SOX,3077.719971
2023-04-18,SPX,4154.870117
2023-04-18,USDJPY,134.425003
2023-04-18,USDKRW,1316.069946
2023-04-18,WTI,80.860001
2023-04-19,CALL,3.428
2023-04-19,CD91,3.45
2023-04-19,CNYKRW,191.406428
2023-04-19,CORPAA3Y,4.146
2023-04-19,DJI,33897.011719
2023-04-19,DXY,101.970001
2023-04-19,EURKRW,1443.140015
2023-04-19,EURUSD,1.097538
2023-04-19,GBPUSD,1.242545
2023-04-19,GOLD_INTL,1995.199951
2023-04-19,HSI,20367.759766
2023-04-19,IXIC,12157.230469
2023-04-19,JPYKRW100,982.129192
2023-04-19,KOSDAQ,909.200012
2023-04-19,KOSPI,2575.080078
2023-04-19,N225,28606.759766
2023-04-19,SOX,3046.379883
2023-04-19,SPX,4154.52002
2023-04-19,USDJPY,134.044006
2023-04-19,USDKRW,1315.900024
2023-04-19,WTI,79.160004
2023-04-20,CALL,3.487
2023-04-20,CD91,3.47
2023-04-20,CNYKRW,192.700183
2023-04-20,CORPAA3Y,4.146
2023-04-20,DJI,33786.621094
2023-04-20,DXY,101.839996
2023-04-20,EURKRW,1452.97998
2023-04-20,EURUSD,1.095218
2023-04-20,GBPUSD,1.242885
2023-04-20,GOLD_INTL,2007.599976
2023-04-20,HSI,20396.970703
2023-04-20,IXIC,12059.55957
2023-04-20,JPYKRW100,984.937477
2023-04-20,KOSDAQ,885.710022
2023-04-20,KOSPI,2563.110107
2023-04-20,N225,28657.570313
2023-04-20,SOX,3046.280029
2023-04-20,SPX,4129.790039
2023-04-20,USDJPY,134.703995
2023-04-20,USDKRW,1326.76001
2023-04-20,WTI,77.290001
2023-04-21,CALL,3.512
2023-04-21,CD91,3.49
2023-04-21,CNYKRW,192.604881
2023-04-21,CORPAA3Y,4.083
2023-04-21,DJI,33808.960938
2023-04-21,DXY,101.82
2023-04-21,EURKRW,1448.47998
2023-04-21,EURUSD,1.097093
2023-04-21,GBPUSD,1.244091
2023-04-21,GOLD_INTL,1979.5
2023-04-21,HSI,20075.730469
2023-04-21,IXIC,12072.459961
2023-04-21,JPYKRW100,987.794399
2023-04-21,KOSDAQ,868.820007
2023-04-21,KOSPI,2544.399902
2023-04-21,N225,28564.369141
2023-04-21,SOX,3021.439941
2023-04-21,SPX,4133.52002
2023-04-21,USDJPY,133.996002
2023-04-21,USDKRW,1323.599976
2023-04-21,WTI,77.870003
2023-04-24,CALL,3.503
2023-04-24,CD91,3.49
2023-04-24,CNYKRW,192.873416
2023-04-24,CORPAA3Y,4.051
2023-04-24,DJI,33875.398438
2023-04-24,DXY,101.349998
2023-04-24,EURKRW,1459.530029
2023-04-24,EURUSD,1.099227
2023-04-24,GBPUSD,1.244973
2023-04-24,GOLD_INTL,1989.099976
2023-04-24,HSI,19959.939453
2023-04-24,IXIC,12037.200195
2023-04-24,JPYKRW100,992.315292
2023-04-24,KOSDAQ,855.22998
2023-04-24,KOSPI,2523.5
2023-04-24,N225,28593.519531
2023-04-24,SOX,3007.51001
2023-04-24,SPX,4137.040039
2023-04-24,USDJPY,133.960999
2023-04-24,USDKRW,1329.380005
2023-04-24,WTI,78.760002
2023-04-25,CALL,3.512
2023-04-25,CD91,3.49
2023-04-25,CNYKRW,193.302307
2023-04-25,CORPAA3Y,4.076
2023-04-25,DJI,33530.828125
2023-04-25,DXY,101.860001
2023-04-25,EURKRW,1472.23999
2023-04-25,EURUSD,1.10595
2023-04-25,GBPUSD,1.25
2023-04-25,GOLD_INTL,1994
2023-04-25,HSI,19617.880859
2023-04-25,IXIC,11799.160156
2023-04-25,JPYKRW100,993.955612
2023-04-25,KOSDAQ,838.710022
2023-04-25,KOSPI,2489.02002
2023-04-25,N225,28620.070313
2023-04-25,SOX,2906.290039
2023-04-25,SPX,4071.629883
2023-04-25,USDJPY,134.084
2023-04-25,USDKRW,1332.800049
2023-04-25,WTI,77.07
2023-04-26,CALL,3.499
2023-04-26,CD91,3.5
2023-04-26,CNYKRW,193.461824
2023-04-26,CORPAA3Y,4.069
2023-04-26,DJI,33301.871094
2023-04-26,DXY,101.470001
2023-04-26,EURKRW,1468.52002
2023-04-26,EURUSD,1.097839
2023-04-26,GBPUSD,1.24148
2023-04-26,GOLD_INTL,1985.699951
2023-04-26,HSI,19757.269531
2023-04-26,IXIC,11854.349609
2023-04-26,JPYKRW100,1002.479362
2023-04-26,KOSDAQ,830.440002
2023-04-26,KOSPI,2484.830078
2023-04-26,N225,28416.470703
2023-04-26,SOX,2922.98999
2023-04-26,SPX,4055.98999
2023-04-26,USDJPY,133.710999
2023-04-26,USDKRW,1341
2023-04-26,WTI,74.300003
2023-04-27,CALL,3.487
2023-04-27,CD91,3.52
2023-04-27,CNYKRW,193.16613
2023-04-27,CORPAA3Y,4.094
2023-04-27,DJI,33826.160156
2023-04-27,DXY,101.5
2023-04-27,EURKRW,1475.939941
2023-04-27,EURUSD,1.104728
2023-04-27,GBPUSD,1.247147
2023-04-27,GOLD_INTL,1989.900024
2023-04-27,HSI,19840.279297
2023-04-27,IXIC,12142.240234
2023-04-27,JPYKRW100,1002.386379
2023-04-27,KOSDAQ,850.210022
2023-04-27,KOSPI,2495.810059
2023-04-27,N225,28457.679688
2023-04-27,SOX,2941.590088
2023-04-27,SPX,4135.350098
2023-04-27,USDJPY,133.464996
2023-04-27,USDKRW,1337.829956
2023-04-27,WTI,74.760002
2023-04-28,CALL,3.549
2023-04-28,CD91,3.52
2023-04-28,CNYKRW,193.489164
2023-04-28,CORPAA3Y,4.105
2023-04-28,DJI,34098.160156
2023-04-28,DXY,101.669998
2023-04-28,EURKRW,1474.75
2023-04-28,EURUSD,1.103205
2023-04-28,GBPUSD,1.24975
2023-04-28,GOLD_INTL,1990.099976
2023-04-28,HSI,19894.570313
2023-04-28,IXIC,12226.580078
2023-04-28,JPYKRW100,1001.005173
2023-04-28,KOSDAQ,842.830017
2023-04-28,KOSPI,2501.530029
2023-04-28,N225,28856.439453
2023-04-28,SOX,2994.969971
2023-04-28,SPX,4169.47998
2023-04-28,USDJPY,133.802002
2023-04-28,USDKRW,1339.390015
2023-04-28,WTI,76.779999
2023-05-01,CNYKRW,193.48151
2023-05-01,DJI,34051.699219
2023-05-01,DXY,102.150002
2023-05-01,EURKRW,1472.630005
2023-05-01,EURUSD,1.101091
2023-05-01,GBPUSD,1.255761
2023-05-01,GOLD_INTL,1983.400024
2023-05-01,IXIC,12212.599609
2023-05-01,JPYKRW100,980.434132
2023-05-01,N225,29123.179688
2023-05-01,SOX,3019.090088
2023-05-01,SPX,4167.870117
2023-05-01,USDJPY,136.386002
2023-05-01,USDKRW,1337.170044
2023-05-01,WTI,75.660004
2023-05-02,CALL,3.512
2023-05-02,CD91,3.53
2023-05-02,CNYKRW,194.297509
2023-05-02,CORPAA3Y,4.14
2023-05-02,DJI,33684.53125
2023-05-02,DXY,101.959999
2023-05-02,EURKRW,1473.430054
2023-05-02,EURUSD,1.096924
2023-05-02,GBPUSD,1.248595
2023-05-02,GOLD_INTL,2014.300049
2023-05-02,HSI,19933.810547
2023-05-02,IXIC,12080.509766
2023-05-02,JPYKRW100,976.311779
2023-05-02,KOSDAQ,855.609985
2023-05-02,KOSPI,2524.389893
2023-05-02,N225,29157.949219
2023-05-02,SOX,2996.860107
2023-05-02,SPX,4119.580078
2023-05-02,USDJPY,137.520996
2023-05-02,USDKRW,1342.790039
2023-05-02,WTI,71.660004
2023-05-03,CALL,3.541
2023-05-03,CD91,3.55
2023-05-03,CNYKRW,194.237839
2023-05-03,CORPAA3Y,4.094
2023-05-03,DJI,33414.238281
2023-05-03,DXY,101.339996
2023-05-03,EURKRW,1474.380005
2023-05-03,EURUSD,1.101091
2023-05-03,GBPUSD,1.247661
2023-05-03,GOLD_INTL,2028.599976
2023-05-03,HSI,19699.160156
2023-05-03,IXIC,12025.330078
2023-05-03,JPYKRW100,983.622169
2023-05-03,KOSDAQ,843.179993
2023-05-03,KOSPI,2501.399902
2023-05-03,SOX,2957.370117
2023-05-03,SPX,4090.75
2023-05-03,USDJPY,136.466003
2023-05-03,USDKRW,1342.300049
2023-05-03,WTI,68.599998
2023-05-04,CALL,3.529
2023-05-04,CD91,3.55
2023-05-04,CNYKRW,193.214764
2023-05-04,CORPAA3Y,4.03
2023-05-04,DJI,33127.738281
2023-05-04,DXY,101.400002
2023-05-04,EURKRW,1474.26001
2023-05-04,EURUSD,1.106893
2023-05-04,GBPUSD,1.256897
2023-05-04,GOLD_INTL,2048
2023-05-04,HSI,19948.730469
2023-05-04,IXIC,11966.400391
2023-05-04,JPYKRW100,992.415142
2023-05-04,KOSDAQ,845.059998
2023-05-04,KOSPI,2500.939941
2023-05-04,SOX,2941.629883
2023-05-04,SPX,4061.219971
2023-05-04,USDJPY,134.544006
2023-05-04,USDKRW,1335.22998
2023-05-04,WTI,68.559998
2023-05-05,CNYKRW,191.168163
2023-05-05,DJI,33674.378906
2023-05-05,DXY,101.209999
2023-05-05,EURKRW,1454.410034
2023-05-05,EURUSD,1.102293
2023-05-05,GBPUSD,1.258336
2023-05-05,GOLD_INTL,2017.400024
2023-05-05,HSI,20049.310547
2023-05-05,IXIC,12235.410156
2023-05-05,JPYKRW100,984.227753
2023-05-05,SOX,3007.689941
2023-05-05,SPX,4136.25
2023-05-05,USDJPY,134.179001
2023-05-05,USDKRW,1320.150024
2023-05-05,WTI,71.339996
2023-05-08,CALL,3.591
2023-05-08,CD91,3.55
2023-05-08,CNYKRW,190.601337
2023-05-08,CORPAA3Y,4.079
2023-05-08,DJI,33618.691406
2023-05-08,DXY,101.370003
2023-05-08,EURKRW,1450.680054
2023-05-08,EURUSD,1.101868
2023-05-08,GBPUSD,1.263057
2023-05-08,GOLD_INTL,2026.300049
2023-05-08,HSI,20297.029297
2023-05-08,IXIC,12256.919922
2023-05-08,JPYKRW100,974.050426
2023-05-08,KOSDAQ,842.280029
2023-05-08,KOSPI,2513.209961
2023-05-08,N225,28949.880859
2023-05-08,SOX,3024.409912
2023-05-08,SPX,4138.120117
2023-05-08,USDJPY,135.199005
2023-05-08,USDKRW,1316.959961
2023-05-08,WTI,73.160004
2023-05-09,CALL,3.656
2023-05-09,CD91,3.55
2023-05-09,CNYKRW,191.334738
2023-05-09,CORPAA3Y,4.069
2023-05-09,DJI,33561.808594
2023-05-09,DXY,101.639999
2023-05-09,EURKRW,1452.97998
2023-05-09,EURUSD,1.099614
2023-05-09,GBPUSD,1.261273
2023-05-09,GOLD_INTL,2036.199951
2023-05-09,HSI,19867.580078
2023-05-09,IXIC,12179.549805
2023-05-09,JPYKRW100,979.022694
2023-05-09,KOSDAQ,835.849976
2023-05-09,KOSPI,2510.060059
2023-05-09,N225,29242.820313
2023-05-09,SOX,2967.840088
2023-05-09,SPX,4119.169922
2023-05-09,USDJPY,135.072998
2023-05-09,USDKRW,1322.410034
2023-05-09,WTI,73.709999
2023-05-10,CALL,3.567
2023-05-10,CD91,3.59
2023-05-10,CNYKRW,191.64234
2023-05-10,CORPAA3Y,4.086
2023-05-10,DJI,33531.328125
2023-05-10,DXY,101.480003
2023-05-10,EURKRW,1451.119995
2023-05-10,EURUSD,1.096467
2023-05-10,GBPUSD,1.262467
2023-05-10,GOLD_INTL,2030.5
2023-05-10,HSI,19762.199219
2023-05-10,IXIC,12306.44043
2023-05-10,JPYKRW100,980.168247
2023-05-10,KOSDAQ,829.73999
2023-05-10,KOSPI,2496.51001
2023-05-10,N225,29122.179688
2023-05-10,SOX,2997.51001
2023-05-10,SPX,4137.640137
2023-05-10,USDJPY,135.287994
2023-05-10,USDKRW,1326.050049
2023-05-10,WTI,72.559998
2023-05-11,CALL,3.559
2023-05-11,CD91,3.6
2023-05-11,CNYKRW,190.134453
2023-05-11,CORPAA3Y,4.032
2023-05-11,DJI,33309.511719
2023-05-11,DXY,102.059998
2023-05-11,EURKRW,1444.410034
2023-05-11,EURUSD,1.098406
2023-05-11,GBPUSD,1.2627
2023-05-11,GOLD_INTL,2014.699951
2023-05-11,HSI,19743.789063
2023-05-11,IXIC,12328.509766
2023-05-11,JPYKRW100,982.977486
2023-05-11,KOSDAQ,824.539978
2023-05-11,KOSPI,2491
2023-05-11,N225,29126.720703
2023-05-11,SOX,2978.719971
2023-05-11,SPX,4130.620117
2023-05-11,USDJPY,134.087006
2023-05-11,USDKRW,1318.050049
2023-05-11,WTI,70.870003
2023-05-12,CALL,3.548
2023-05-12,CD91,3.61
2023-05-12,CNYKRW,191.412986
2023-05-12,CORPAA3Y,4.035
2023-05-12,DJI,33300.621094
2023-05-12,DXY,102.68
2023-05-12,EURKRW,1451.410034
2023-05-12,EURUSD,1.091215
2023-05-12,GBPUSD,1.250813
2023-05-12,GOLD_INTL,2014.5
2023-05-12,HSI,19627.240234
2023-05-12,IXIC,12284.740234
2023-05-12,JPYKRW100,988.736343
2023-05-12,KOSDAQ,822.429993
2023-05-12,KOSPI,2475.419922
2023-05-12,N225,29388.300781
2023-05-12,SOX,2972.850098
2023-05-12,SPX,4124.080078
2023-05-12,USDJPY,134.498001
2023-05-12,USDKRW,1329.880005
2023-05-12,WTI,70.040001
2023-05-15,CALL,3.58
2023-05-15,CD91,3.62
2023-05-15,CNYKRW,192.821926
2023-05-15,CORPAA3Y,4.089
2023-05-15,DJI,33348.601563
2023-05-15,DXY,102.43
2023-05-15,EURKRW,1455.01001
2023-05-15,EURUSD,1.08527
2023-05-15,GBPUSD,1.245097
2023-05-15,GOLD_INTL,2018
2023-05-15,HSI,19971.130859
2023-05-15,IXIC,12365.209961
2023-05-15,JPYKRW100,987.718964
2023-05-15,KOSDAQ,814.530029
2023-05-15,KOSPI,2479.350098
2023-05-15,N225,29626.339844
2023-05-15,SOX,3052.639893
2023-05-15,SPX,4136.279785
2023-05-15,USDJPY,135.822006
2023-05-15,USDKRW,1341.52002
2023-05-15,WTI,71.110001
2023-05-16,CALL,3.598
2023-05-16,CD91,3.62
2023-05-16,CNYKRW,192.099662
2023-05-16,CORPAA3Y,4.056
2023-05-16,DJI,33012.140625
2023-05-16,DXY,102.559998
2023-05-16,EURKRW,1450.449951
2023-05-16,EURUSD,1.08737
2023-05-16,GBPUSD,1.252521
2023-05-16,GOLD_INTL,1988.400024
2023-05-16,HSI,19978.25
2023-05-16,IXIC,12343.049805
2023-05-16,JPYKRW100,981.565285
2023-05-16,KOSDAQ,816.75
2023-05-16,KOSPI,2480.23999
2023-05-16,N225,29842.990234
2023-05-16,SOX,3048.709961
2023-05-16,SPX,4109.899902
2023-05-16,USDJPY,136.044998
2023-05-16,USDKRW,1335.400024
2023-05-16,WTI,70.860001
2023-05-17,CALL,3.6
2023-05-17,CD91,3.65
2023-05-17,CNYKRW,192.418946
2023-05-17,CORPAA3Y,4.084
2023-05-17,DJI,33420.769531
2023-05-17,DXY,102.879997
2023-05-17,EURKRW,1456.550049
2023-05-17,EURUSD,1.086567
2023-05-17,GBPUSD,1.248439
2023-05-17,GOLD_INTL,1980.699951
2023-05-17,HSI,19560.570313
2023-05-17,IXIC,12500.570313
2023-05-17,JPYKRW100,983.962631
2023-05-17,KOSDAQ,834.190002
2023-05-17,KOSPI,2494.659912
2023-05-17,N225,30093.589844
2023-05-17,SOX,3124.679932
2023-05-17,SPX,4158.77002
2023-05-17,USDJPY,136.429993
2023-05-17,USDKRW,1342.430054
2023-05-17,WTI,72.830002
2023-05-18,CALL,3.627
2023-05-18,CD91,3.66
2023-05-18,CNYKRW,190.671857
2023-05-18,CORPAA3Y,4.123
2023-05-18,DJI,33535.910156
2023-05-18,DXY,103.580002
2023-05-18,EURKRW,1443.47998
2023-05-18,EURUSD,1.083835
2023-05-18,GBPUSD,1.248281
2023-05-18,GOLD_INTL,1956.5
2023-05-18,HSI,19727.25
2023-05-18,IXIC,12688.839844
2023-05-18,JPYKRW100,969.476509
2023-05-18,KOSDAQ,835.890015
2023-05-18,KOSPI,2515.399902
2023-05-18,N225,30573.929688
2023-05-18,SOX,3223.48999
2023-05-18,SPX,4198.049805
2023-05-18,USDJPY,137.613998
2023-05-18,USDKRW,1334.150024
2023-05-18,WTI,71.860001
2023-05-19,CALL,3.603
2023-05-19,CD91,3.67
2023-05-19,CNYKRW,189.725803
2023-05-19,CORPAA3Y,4.148
2023-05-19,DJI,33426.628906
2023-05-19,DXY,103.199997
2023-05-19,EURKRW,1436.48999
2023-05-19,EURUSD,1.07754
2023-05-19,GBPUSD,1.241234
2023-05-19,GOLD_INTL,1978.699951
2023-05-19,HSI,19450.570313
2023-05-19,IXIC,12657.900391
2023-05-19,JPYKRW100,962.842178
2023-05-19,KOSDAQ,841.719971
2023-05-19,KOSPI,2537.790039
2023-05-19,N225,30808.349609
2023-05-19,SOX,3203.48999
2023-05-19,SPX,4191.97998
2023-05-19,USDJPY,138.619995
2023-05-19,USDKRW,1334.73999
2023-05-19,WTI,71.550003
2023-05-22,CALL,3.589
2023-05-22,CD91,3.68
2023-05-22,CNYKRW,188.986569
2023-05-22,CORPAA3Y,4.127
2023-05-22,DJI,33286.578125
2023-05-22,DXY,103.199997
2023-05-22,EURKRW,1430.579956
2023-05-22,EURUSD,1.082275
2023-05-22,GBPUSD,1.246106
2023-05-22,GOLD_INTL,1974.800049
2023-05-22,HSI,19678.169922
2023-05-22,IXIC,12720.780273
2023-05-22,JPYKRW100,961.572266
2023-05-22,KOSDAQ,852.039978
2023-05-22,KOSPI,2557.080078
2023-05-22,N225,31086.820313
2023-05-22,SOX,3215.040039
2023-05-22,SPX,4192.629883
2023-05-22,USDJPY,137.692001
2023-05-22,USDKRW,1324.209961
2023-05-22,WTI,71.989998
2023-05-23,CALL,3.559
2023-05-23,CD91,3.7
2023-05-23,CNYKRW,186.865118
2023-05-23,CORPAA3Y,4.181
2023-05-23,DJI,33055.511719
2023-05-23,DXY,103.489998
2023-05-23,EURKRW,1419.089966
2023-05-23,EURUSD,1.081105
2023-05-23,GBPUSD,1.243441
2023-05-23,GOLD_INTL,1972.400024
2023-05-23,HSI,19431.25
2023-05-23,IXIC,12560.25
2023-05-23,JPYKRW100,947.437096
2023-05-23,KOSDAQ,859.159973
2023-05-23,KOSPI,2567.550049
2023-05-23,N225,30957.769531
2023-05-23,SOX,3177.439941
2023-05-23,SPX,4145.580078
2023-05-23,USDJPY,138.671997
2023-05-23,USDKRW,1313.829956
2023-05-23,WTI,72.910004
2023-05-24,CALL,3.551
2023-05-24,CD91,3.73
2023-05-24,CNYKRW,187.041551
2023-05-24,CORPAA3Y,4.183
2023-05-24,DJI,32799.921875
2023-05-24,DXY,103.889999
2023-05-24,EURKRW,1418.459961
2023-05-24,EURUSD,1.076971
2023-05-24,GBPUSD,1.241727
2023-05-24,GOLD_INTL,1962.800049
2023-05-24,HSI,19115.929688
2023-05-24,IXIC,12484.160156
2023-05-24,JPYKRW100,952.310181
2023-05-24,KOSDAQ,855.460022
2023-05-24,KOSPI,2567.449951
2023-05-24,N225,30682.679688
2023-05-24,SOX,3124.090088
2023-05-24,SPX,4115.240234
2023-05-24,USDJPY,138.598007
2023-05-24,USDKRW,1319.839966
2023-05-24,WTI,74.339996
2023-05-25,CALL,3.603
2023-05-25,CD91,3.75
2023-05-25,CNYKRW,186.764496
2023-05-25,CORPAA3Y,4.28
2023-05-25,DJI,32764.650391
2023-05-25,DXY,104.209999
2023-05-25,EURKRW,1414.859985
2023-05-25,EURUSD,1.075732
2023-05-25,GBPUSD,1.237103
2023-05-25,GOLD_INTL,1943.099976
2023-05-25,HSI,18746.919922
2023-05-25,IXIC,12698.089844
2023-05-25,JPYKRW100,946.603966
2023-05-25,KOSDAQ,847.719971
2023-05-25,KOSPI,2554.689941
2023-05-25,N225,30801.130859
2023-05-25,SOX,3336.719971
2023-05-25,SPX,4151.279785
2023-05-25,USDJPY,139.283005
2023-05-25,USDKRW,1318.52002
2023-05-25,WTI,71.830002
2023-05-26,CALL,3.557
2023-05-26,CD91,3.75
2023-05-26,CNYKRW,188.047867
2023-05-26,CORPAA3Y,4.328
2023-05-26,DJI,33093.339844
2023-05-26,DXY,104.209999
2023-05-26,EURKRW,1424.76001
2023-05-26,EURUSD,1.072444
2023-05-26,GBPUSD,1.23183
2023-05-26,GOLD_INTL,1944.099976
2023-05-26,IXIC,12975.69043
2023-05-26,JPYKRW100,950.479603
2023-05-26,KOSDAQ,843.22998
2023-05-26,KOSPI,2558.810059
2023-05-26,N225,30916.310547
2023-05-26,SOX,3545.669922
2023-05-26,SPX,4205.450195
2023-05-26,USDJPY,140.016998
2023-05-26,USDKRW,1330.890015
2023-05-26,WTI,72.669998
2023-05-29,CNYKRW,187.451104
2023-05-29,EURKRW,1392.645996
2023-05-29,EURUSD,1.072306
2023-05-29,GBPUSD,1.23469
2023-05-29,HSI,18551.109375
2023-05-29,JPYKRW100,938.839054
2023-05-29,N225,31233.539063
2023-05-29,USDJPY,140.871002
2023-05-29,USDKRW,1322.430054
2023-05-30,CALL,3.537
2023-05-30,CD91,3.76
2023-05-30,CNYKRW,187.292673
2023-05-30,CORPAA3Y,4.359
2023-05-30,DJI,33042.78125
2023-05-30,DXY,104.169998
2023-05-30,EURKRW,1414.97998
2023-05-30,EURUSD,1.070767
2023-05-30,GBPUSD,1.234934
2023-05-30,GOLD_INTL,1958
2023-05-30,HSI,18595.779297
2023-05-30,IXIC,13017.429688
2023-05-30,JPYKRW100,943.137932
2023-05-30,KOSDAQ,851.5
2023-05-30,KOSPI,2585.52002
2023-05-30,N225,31328.160156
2023-05-30,SOX,3549.389893
2023-05-30,SPX,4205.52002
2023-05-30,USDJPY,140.440994
2023-05-30,USDKRW,1324.589966
2023-05-30,WTI,69.459999
2023-05-31,CALL,3.543
2023-05-31,CD91,3.76
2023-05-31,CNYKRW,186.437356
2023-05-31,CORPAA3Y,4.262
2023-05-31,DJI,32908.269531
2023-05-31,DXY,104.32
2023-05-31,EURKRW,1414.660034
2023-05-31,EURUSD,1.073307
2023-05-31,GBPUSD,1.241188
2023-05-31,GOLD_INTL,1963.900024
2023-05-31,HSI,18234.269531
2023-05-31,IXIC,12935.290039
2023-05-31,JPYKRW100,944.113159
2023-05-31,KOSDAQ,856.940002
2023-05-31,KOSPI,2577.120117
2023-05-31,N225,30887.880859
2023-05-31,SOX,3453.179932
2023-05-31,SPX,4179.830078
2023-05-31,USDJPY,139.792007
2023-05-31,USDKRW,1319.790039
2023-05-31,WTI,68.089996
2023-06-01,CALL,3.55
2023-06-01,CD91,3.76
2023-06-01,CNYKRW,185.877824
2023-06-01,CORPAA3Y,4.285
2023-06-01,DJI,33061.570313
2023-06-01,DXY,103.559998
2023-06-01,EURKRW,1409.579956
2023-06-01,EURUSD,1.069519
2023-06-01,GBPUSD,1.244694
2023-06-01,GOLD_INTL,1978
2023-06-01,HSI,18216.910156
2023-06-01,IXIC,13100.980469
2023-06-01,JPYKRW100,949.948978
2023-06-01,KOSDAQ,863.780029
2023-06-01,KOSPI,2569.169922
2023-06-01,N225,31148.009766
2023-06-01,SOX,3506.73999
2023-06-01,SPX,4221.02002
2023-06-01,USDJPY,139.126999
2023-06-01,USDKRW,1321.73999
2023-06-01,WTI,70.099998
2023-06-02,CALL,3.504
2023-06-02,CD91,3.76
2023-06-02,CNYKRW,185.090933
2023-06-02,CORPAA3Y,4.244
2023-06-02,DJI,33762.761719
2023-06-02,DXY,104.019997
2023-06-02,EURKRW,1409.959961
2023-06-02,EURUSD,1.076079
2023-06-02,GBPUSD,1.252599
2023-06-02,GOLD_INTL,1952.400024
2023-06-02,HSI,18949.939453
2023-06-02,IXIC,13240.769531
2023-06-02,JPYKRW100,946.242523
2023-06-02,KOSDAQ,868.059998
2023-06-02,KOSPI,2601.360107
2023-06-02,N225,31524.220703
2023-06-02,SOX,3501.399902
2023-06-02,SPX,4282.370117
2023-06-02,USDJPY,138.748001
2023-06-02,USDKRW,1312.849976
2023-06-02,WTI,71.739998
2023-06-05,CALL,3.487
2023-06-05,CD91,3.76
2023-06-05,CNYKRW,184.242927
2023-06-05,CORPAA3Y,4.307
2023-06-05,DJI,33562.859375
2023-06-05,DXY,104
2023-06-05,EURKRW,1396.75
2023-06-05,EURUSD,1.069862
2023-06-05,GBPUSD,1.243024
2023-06-05,GOLD_INTL,1958
2023-06-05,HSI,19108.5
2023-06-05,IXIC,13229.429688
2023-06-05,JPYKRW100,930.879784
2023-06-05,KOSDAQ,870.280029
2023-06-05,KOSPI,2615.409912
2023-06-05,N225,32217.429688
2023-06-05,SOX,3444.120117
2023-06-05,SPX,4273.790039
2023-06-05,USDJPY,140.207001
2023-06-05,USDKRW,1305.140015
2023-06-05,WTI,72.150002
2023-06-06,CNYKRW,182.940188
2023-06-06,DJI,33573.28125
2023-06-06,DXY,104.129997
2023-06-06,EURKRW,1392.119995
2023-06-06,EURUSD,1.07118
2023-06-06,GBPUSD,1.243317
2023-06-06,GOLD_INTL,1965.5
2023-06-06,HSI,19099.279297
2023-06-06,IXIC,13276.419922
2023-06-06,JPYKRW100,932.501125
2023-06-06,N225,32506.779297
2023-06-06,SOX,3488.340088
2023-06-06,SPX,4283.850098
2023-06-06,USDJPY,139.382996
2023-06-06,USDKRW,1299.790039
2023-06-06,WTI,71.739998
2023-06-07,CALL,3.491
2023-06-07,CD91,3.75
2023-06-07,CNYKRW,182.502658
2023-06-07,CORPAA3Y,4.273
2023-06-07,DJI,33665.019531
2023-06-07,DXY,104.099998
2023-06-07,EURKRW,1388.449951
2023-06-07,EURUSD,1.069805
2023-06-07,GBPUSD,1.242854
2023-06-07,GOLD_INTL,1942.699951
2023-06-07,HSI,19252
2023-06-07,IXIC,13104.900391
2023-06-07,JPYKRW100,931.129265
2023-06-07,KOSDAQ,880.719971
2023-06-07,KOSPI,2615.600098
2023-06-07,N225,31913.740234
2023-06-07,SOX,3477.179932
2023-06-07,SPX,4267.52002
2023-06-07,USDJPY,139.526993
2023-06-07,USDKRW,1299.199951
2023-06-07,WTI,72.529999
2023-06-08,CALL,3.561
2023-06-08,CD91,3.75
2023-06-08,CNYKRW,183.528782
2023-06-08,CORPAA3Y,4.344
2023-06-08,DJI,33833.609375
2023-06-08,DXY,103.339996
2023-06-08,EURKRW,1396.640015
2023-06-08,EURUSD,1.070744
2023-06-08,GBPUSD,1.244586
2023-06-08,GOLD_INTL,1963.599976
2023-06-08,HSI,19299.179688
2023-06-08,IXIC,13238.519531
2023-06-08,JPYKRW100,935.223293
2023-06-08,KOSDAQ,876.130005
2023-06-08,KOSPI,2610.850098
2023-06-08,N225,31641.269531
2023-06-08,SOX,3514.320068
2023-06-08,SPX,4293.930176
2023-06-08,USDJPY,139.899002
2023-06-08,USDKRW,1308.339966
2023-06-08,WTI,71.290001
2023-06-09,CALL,3.569
2023-06-09,CD91,3.75
2023-06-09,CNYKRW,182.294125
2023-06-09,CORPAA3Y,4.309
2023-06-09,DJI,33876.78125
2023-06-09,DXY,103.559998
2023-06-09,EURKRW,1396.109985
2023-06-09,EURUSD,1.078272
2023-06-09,GBPUSD,1.25595
2023-06-09,GOLD_INTL,1962.199951
2023-06-09,HSI,19389.949219
2023-06-09,IXIC,13259.139648
2023-06-09,JPYKRW100,933.521461
2023-06-09,KOSDAQ,883.710022
2023-06-09,KOSPI,2641.159912
2023-06-09,N225,32265.169922
2023-06-09,SOX,3524.969971
2023-06-09,SPX,4298.859863
2023-06-09,USDJPY,138.863007
2023-06-09,USDKRW,1296.329956
2023-06-09,WTI,70.169998
2023-06-12,CALL,3.56
2023-06-12,CD91,3.75
2023-06-12,CNYKRW,180.522182
2023-06-12,CORPAA3Y,4.302
2023-06-12,DJI,34066.328125
2023-06-12,DXY,103.629997
2023-06-12,EURKRW,1382.319946
2023-06-12,EURUSD,1.075095
2023-06-12,GBPUSD,1.258099
2023-06-12,GOLD_INTL,1955.300049
2023-06-12,HSI,19404.310547
2023-06-12,IXIC,13461.919922
2023-06-12,JPYKRW100,923.285007
2023-06-12,KOSDAQ,885.76001
2023-06-12,KOSPI,2629.350098
2023-06-12,N225,32434
2023-06-12,SOX,3641.659912
2023-06-12,SPX,4338.930176
2023-06-12,USDJPY,139.371002
2023-06-12,USDKRW,1286.689941
2023-06-12,WTI,67.120003
2023-06-13,CALL,3.539
2023-06-13,CD91,3.75
2023-06-13,CNYKRW,179.797325
2023-06-13,CORPAA3Y,4.297
2023-06-13,DJI,34212.121094
2023-06-13,DXY,103.339996
2023-06-13,EURKRW,1378.76001
2023-06-13,EURUSD,1.076299
2023-06-13,GBPUSD,1.251533
2023-06-13,GOLD_INTL,1944.599976
2023-06-13,HSI,19521.419922
2023-06-13,IXIC,13573.320313
2023-06-13,JPYKRW100,921.103382
2023-06-13,KOSDAQ,896.809998
2023-06-13,KOSPI,2637.949951
2023-06-13,N225,33018.648438
2023-06-13,SOX,3683.659912
2023-06-13,SPX,4369.009766
2023-06-13,USDJPY,139.460007
2023-06-13,USDKRW,1284.579956
2023-06-13,WTI,69.419998
2023-06-14,CALL,3.532
2023-06-14,CD91,3.75
2023-06-14,CNYKRW,176.88132
2023-06-14,CORPAA3Y,4.356
2023-06-14,DJI,33979.328125
2023-06-14,DXY,103.010002
2023-06-14,EURKRW,1365.180054
2023-06-14,EURUSD,1.078935
2023-06-14,GBPUSD,1.260684
2023-06-14,GOLD_INTL,1955.300049
2023-06-14,HSI,19408.419922
2023-06-14,IXIC,13626.480469
2023-06-14,JPYKRW100,904.228592
2023-06-14,KOSDAQ,871.830017
2023-06-14,KOSPI,2619.080078
2023-06-14,N225,33502.421875
2023-06-14,SOX,3739.75
2023-06-14,SPX,4372.589844
2023-06-14,USDJPY,140.177002
2023-06-14,USDKRW,1267.619995
2023-06-14,WTI,68.269997
2023-06-15,CALL,3.58
2023-06-15,CD91,3.75
2023-06-15,CNYKRW,177.866973
2023-06-15,CORPAA3Y,4.437
2023-06-15,DJI,34408.058594
2023-06-15,DXY,102.120003
2023-06-15,EURKRW,1377.550049
2023-06-15,EURUSD,1.084305
2023-06-15,GBPUSD,1.26709
2023-06-15,GOLD_INTL,1957.800049
2023-06-15,HSI,19828.919922
2023-06-15,IXIC,13782.820313
2023-06-15,JPYKRW100,910.116386
2023-06-15,KOSDAQ,878.039978
2023-06-15,KOSPI,2608.540039
2023-06-15,N225,33485.488281
2023-06-15,SOX,3708.060059
2023-06-15,SPX,4425.839844
2023-06-15,USDJPY,139.977005
2023-06-15,USDKRW,1273.98999
2023-06-15,WTI,70.620003
2023-06-16,CALL,3.592
2023-06-16,CD91,3.75
2023-06-16,CNYKRW,178.380316
2023-06-16,CORPAA3Y,4.395
2023-06-16,DJI,34299.121094
2023-06-16,DXY,102.300003
2023-06-16,EURKRW,1387.339966
2023-06-16,EURUSD,1.094595
2023-06-16,GBPUSD,1.278576
2023-06-16,GOLD_INTL,1958.400024
2023-06-16,HSI,20040.369141
2023-06-16,IXIC,13689.570313
2023-06-16,JPYKRW100,905.44529
2023-06-16,KOSDAQ,887.950012
2023-06-16,KOSPI,2625.790039
2023-06-16,N225,33706.078125
2023-06-16,SOX,3673.139893
2023-06-16,SPX,4409.589844
2023-06-16,USDJPY,140.268005
2023-06-16,USDKRW,1270.050049
2023-06-16,WTI,71.779999
2023-06-19,CALL,3.605
2023-06-19,CD91,3.75
2023-06-19,CNYKRW,179.116156
2023-06-19,CORPAA3Y,4.39
2023-06-19,EURKRW,1395.219971
2023-06-19,EURUSD,1.094212
2023-06-19,GBPUSD,1.283038
2023-06-19,HSI,19912.890625
2023-06-19,JPYKRW100,899.620819
2023-06-19,KOSDAQ,888.609985
2023-06-19,KOSPI,2609.5
2023-06-19,N225,33370.421875
2023-06-19,USDJPY,141.867004
2023-06-19,USDKRW,1276.310059
2023-06-20,CALL,3.591
2023-06-20,CD91,3.75
2023-06-20,CNYKRW,179.213453
2023-06-20,CORPAA3Y,4.38
2023-06-20,DJI,34053.871094
2023-06-20,DXY,102.540001
2023-06-20,EURKRW,1398
2023-06-20,EURUSD,1.09243
2023-06-20,GBPUSD,1.279476
2023-06-20,GOLD_INTL,1935.5
2023-06-20,HSI,19607.080078
2023-06-20,IXIC,13667.290039
2023-06-20,JPYKRW100,904.330158
2023-06-20,KOSDAQ,886.409973
2023-06-20,KOSPI,2604.909912
2023-06-20,N225,33388.910156
2023-06-20,SOX,3647.560059
2023-06-20,SPX,4388.709961
2023-06-20,USDJPY,141.899002
2023-06-20,USDKRW,1283.23999
2023-06-20,WTI,70.5
2023-06-21,CALL,3.605
2023-06-21,CD91,3.75
2023-06-21,CNYKRW,179.303148
2023-06-21,CORPAA3Y,4.378
2023-06-21,DJI,33951.519531
2023-06-21,DXY,102.07
2023-06-21,EURKRW,1403.810059
2023-06-21,EURUSD,1.092037
2023-06-21,GBPUSD,1.276536
2023-06-21,GOLD_INTL,1933.300049
2023-06-21,HSI,19218.349609
2023-06-21,IXIC,13502.200195
2023-06-21,JPYKRW100,911.000729
2023-06-21,KOSDAQ,875.700012
2023-06-21,KOSPI,2582.629883
2023-06-21,N225,33575.140625
2023-06-21,SOX,3549.72998
2023-06-21,SPX,4365.689941
2023-06-21,USDJPY,141.335007
2023-06-21,USDKRW,1287.540039
2023-06-21,WTI,72.529999
2023-06-22,CALL,3.578
2023-06-22,CD91,3.75
2023-06-22,CNYKRW,179.480107
2023-06-22,CORPAA3Y,4.4
2023-06-22,DJI,33946.710938
2023-06-22,DXY,102.389999
2023-06-22,EURKRW,1412.77002
2023-06-22,EURUSD,1.099264
2023-06-22,GBPUSD,1.277205
2023-06-22,GOLD_INTL,1912.699951
2023-06-22,IXIC,13630.610352
2023-06-22,JPYKRW100,909.330177
2023-06-22,KOSDAQ,876.380005
2023-06-22,KOSPI,2593.699951
2023-06-22,N225,33264.878906
2023-06-22,SOX,3569.870117
2023-06-22,SPX,4381.890137
2023-06-22,USDJPY,141.688004
2023-06-22,USDKRW,1288.380005
2023-06-22,WTI,69.510002
2023-06-23,CALL,3.617
2023-06-23,CD91,3.75
2023-06-23,CNYKRW,180.846964
2023-06-23,CORPAA3Y,4.419
2023-06-23,DJI,33727.429688
2023-06-23,DXY,102.900002
2023-06-23,EURKRW,1419.099976
2023-06-23,EURUSD,1.09589
2023-06-23,GBPUSD,1.274714
2023-06-23,GOLD_INTL,1919.099976
2023-06-23,HSI,18889.970703
2023-06-23,IXIC,13492.519531
2023-06-23,JPYKRW100,907.582092
2023-06-23,KOSDAQ,874.840027
2023-06-23,KOSPI,2570.100098
2023-06-23,N225,32781.539063
2023-06-23,SOX,3506.709961
2023-06-23,SPX,4348.330078
2023-06-23,USDJPY,143.029999
2023-06-23,USDKRW,1298.209961
2023-06-23,WTI,69.160004
2023-06-26,CALL,3.559
2023-06-26,CD91,3.75
2023-06-26,CNYKRW,182.164799
2023-06-26,CORPAA3Y,4.375
2023-06-26,DJI,33714.710938
2023-06-26,DXY,102.690002
2023-06-26,EURKRW,1424.189941
2023-06-26,EURUSD,1.090667
2023-06-26,GBPUSD,1.272961
2023-06-26,GOLD_INTL,1923.699951
2023-06-26,HSI,18794.130859
2023-06-26,IXIC,13335.780273
2023-06-26,JPYKRW100,911.014366
2023-06-26,KOSDAQ,879.5
2023-06-26,KOSPI,2582.199951
2023-06-26,N225,32698.810547
2023-06-26,SOX,3515.77002
2023-06-26,SPX,4328.819824
2023-06-26,USDJPY,143.541
2023-06-26,USDKRW,1307.670044
2023-06-26,WTI,69.370003
2023-06-27,CALL,3.52
2023-06-27,CD91,3.75
2023-06-27,CNYKRW,180.012447
2023-06-27,CORPAA3Y,4.348
2023-06-27,DJI,33926.738281
2023-06-27,DXY,102.489998
2023-06-27,EURKRW,1420.790039
2023-06-27,EURUSD,1.091048
2023-06-27,GBPUSD,1.271197
2023-06-27,GOLD_INTL,1914
2023-06-27,HSI,19148.130859
2023-06-27,IXIC,13555.669922
2023-06-27,JPYKRW100,908.429432
2023-06-27,KOSDAQ,874.140015
2023-06-27,KOSPI,2581.389893
2023-06-27,N225,32538.330078
2023-06-27,SOX,3642.409912
2023-06-27,SPX,4378.410156
2023-06-27,USDJPY,143.460007
2023-06-27,USDKRW,1302.660034
2023-06-27,WTI,67.699997
2023-06-28,CALL,3.531
2023-06-28,CD91,3.75
2023-06-28,CNYKRW,179.616827
2023-06-28,CORPAA3Y,4.365
2023-06-28,DJI,33852.660156
2023-06-28,DXY,102.910004
2023-06-28,EURKRW,1421.22998
2023-06-28,EURUSD,1.095722
2023-06-28,GBPUSD,1.27447
2023-06-28,GOLD_INTL,1912.300049
2023-06-28,HSI,19172.050781
2023-06-28,IXIC,13591.75
2023-06-28,JPYKRW100,901.142597
2023-06-28,KOSDAQ,866.969971
2023-06-28,KOSPI,2564.189941
2023-06-28,N225,33193.988281
2023-06-28,SOX,3609.47998
2023-06-28,SPX,4376.859863
2023-06-28,USDJPY,143.882004
2023-06-28,USDKRW,1296.599976
2023-06-28,WTI,69.559998
2023-06-29,CALL,3.534
2023-06-29,CD91,3.75
2023-06-29,CNYKRW,180.717618
2023-06-29,CORPAA3Y,4.391
2023-06-29,DJI,34122.421875
2023-06-29,DXY,103.339996
2023-06-29,EURKRW,1427.619995
2023-06-29,EURUSD,1.091584
2023-06-29,GBPUSD,1.264254
2023-06-29,GOLD_INTL,1909.199951
2023-06-29,HSI,18934.359375
2023-06-29,IXIC,13591.330078
2023-06-29,JPYKRW100,906.563663
2023-06-29,KOSDAQ,861.789978
2023-06-29,KOSPI,2550.02002
2023-06-29,N225,33234.140625
2023-06-29,SOX,3614.179932
2023-06-29,SPX,4396.439941
2023-06-29,USDJPY,144.389008
2023-06-29,USDKRW,1309.01001
2023-06-29,WTI,69.860001
2023-06-30,CALL,3.767
2023-06-30,CD91,3.75
2023-06-30,CNYKRW,182.447108
2023-06-30,CORPAA3Y,4.473
2023-06-30,DJI,34407.601563
2023-06-30,DXY,102.910004
2023-06-30,EURKRW,1434.319946
2023-06-30,EURUSD,1.086803
2023-06-30,GBPUSD,1.261464
2023-06-30,GOLD_INTL,1921.099976
2023-06-30,HSI,18916.429688
2023-06-30,IXIC,13787.919922
2023-06-30,JPYKRW100,913.791847
2023-06-30,KOSDAQ,868.23999
2023-06-30,KOSPI,2564.280029
2023-06-30,N225,33189.039063
2023-06-30,SOX,3673.060059
2023-06-30,SPX,4450.379883
2023-06-30,USDJPY,144.779999
2023-06-30,USDKRW,1323.069946
2023-06-30,WTI,70.639999
2023-07-03,CALL,3.496
2023-07-03,CD91,3.75
2023-07-03,CNYKRW,181.611071
2023-07-03,CORPAA3Y,4.421
2023-07-03,DJI,34418.46875
2023-07-03,DXY,102.989998
2023-07-03,EURKRW,1434.849976
2023-07-03,EURUSD,1.09075
2023-07-03,GBPUSD,1.269325
2023-07-03,GOLD_INTL,1921.699951
2023-07-03,HSI,19306.589844
2023-07-03,IXIC,13816.769531
2023-07-03,JPYKRW100,910.847282
2023-07-03,KOSDAQ,889.289978
2023-07-03,KOSPI,2602.469971
2023-07-03,N225,33753.328125
2023-07-03,SOX,3703.620117
2023-07-03,SPX,4455.589844
2023-07-03,USDJPY,144.397995
2023-07-03,USDKRW,1315.300049
2023-07-03,WTI,69.790001
2023-07-04,CALL,3.454
2023-07-04,CD91,3.74
2023-07-04,CNYKRW,180.405533
2023-07-04,CORPAA3Y,4.429
2023-07-04,EURKRW,1422.290039
2023-07-04,EURUSD,1.09131
2023-07-04,GBPUSD,1.269293
2023-07-04,HSI,19415.679688
2023-07-04,JPYKRW100,903.347206
2023-07-04,KOSDAQ,890
2023-07-04,KOSPI,2593.310059
2023-07-04,N225,33422.519531
2023-07-04,USDJPY,144.584
2023-07-04,USDKRW,1306.099976
2023-07-05,CALL,3.488
2023-07-05,CD91,3.74
2023-07-05,CNYKRW,179.593817
2023-07-05,CORPAA3Y,4.425
2023-07-05,DJI,34288.640625
2023-07-05,DXY,103.370003
2023-07-05,EURKRW,1407.640015
2023-07-05,EURUSD,1.088495
2023-07-05,GBPUSD,1.271763
2023-07-05,GOLD_INTL,1919.599976
2023-07-05,HSI,19110.380859
2023-07-05,IXIC,13791.650391
2023-07-05,JPYKRW100,897.129631
2023-07-05,KOSDAQ,891.179993
2023-07-05,KOSPI,2579
2023-07-05,N225,33338.699219
2023-07-05,SOX,3622.320068
2023-07-05,SPX,4446.819824
2023-07-05,USDJPY,144.406006
2023-07-05,USDKRW,1295.5
2023-07-05,WTI,71.790001
2023-07-06,CALL,3.542
2023-07-06,CD91,3.74
2023-07-06,CNYKRW,179.809284
2023-07-06,CORPAA3Y,4.475
2023-07-06,DJI,33922.261719
2023-07-06,DXY,103.169998
2023-07-06,EURKRW,1413.51001
2023-07-06,EURUSD,1.085658
2023-07-06,GBPUSD,1.270454
2023-07-06,GOLD_INTL,1908.699951
2023-07-06,HSI,18533.050781
2023-07-06,IXIC,13679.040039
2023-07-06,JPYKRW100,901.889324
2023-07-06,KOSDAQ,870.530029
2023-07-06,KOSPI,2556.290039
2023-07-06,N225,32773.019531
2023-07-06,SOX,3577.48999
2023-07-06,SPX,4411.589844
2023-07-06,USDJPY,144.488998
2023-07-06,USDKRW,1302.969971
2023-07-06,WTI,71.800003
2023-07-07,CALL,3.588
2023-07-07,CD91,3.75
2023-07-07,CNYKRW,180.601997
2023-07-07,CORPAA3Y,4.534
2023-07-07,DJI,33734.878906
2023-07-07,DXY,102.269997
2023-07-07,EURKRW,1423.51001
2023-07-07,EURUSD,1.089064
2023-07-07,GBPUSD,1.274275
2023-07-07,GOLD_INTL,1926.199951
2023-07-07,HSI,18365.699219
2023-07-07,IXIC,13660.719727
2023-07-07,JPYKRW100,909.496403
2023-07-07,KOSDAQ,867.27002
2023-07-07,KOSPI,2526.709961
2023-07-07,N225,32388.419922
2023-07-07,SOX,3577.72998
2023-07-07,SPX,4398.950195
2023-07-07,USDJPY,143.951004
2023-07-07,USDKRW,1309.219971
2023-07-07,WTI,73.860001
2023-07-10,CALL,3.582
2023-07-10,CD91,3.75
2023-07-10,CNYKRW,179.907924
2023-07-10,CORPAA3Y,4.594
2023-07-10,DJI,33944.398438
2023-07-10,DXY,101.970001
2023-07-10,EURKRW,1422.680054
2023-07-10,EURUSD,1.096972
2023-07-10,GBPUSD,1.283895
2023-07-10,GOLD_INTL,1925
2023-07-10,HSI,18479.720703
2023-07-10,IXIC,13685.480469
2023-07-10,JPYKRW100,912.314129
2023-07-10,KOSDAQ,860.349976
2023-07-10,KOSPI,2520.699951
2023-07-10,N225,32189.730469
2023-07-10,SOX,3651.600098
2023-07-10,SPX,4409.529785
2023-07-10,USDJPY,142.209
2023-07-10,USDKRW,1297.369995
2023-07-10,WTI,72.989998
2023-07-11,CALL,3.556
2023-07-11,CD91,3.75
2023-07-11,CNYKRW,179.727832
2023-07-11,CORPAA3Y,4.502
2023-07-11,DJI,34261.421875
2023-07-11,DXY,101.730003
2023-07-11,EURKRW,1427.839966
2023-07-11,EURUSD,1.100594
2023-07-11,GBPUSD,1.286471
2023-07-11,GOLD_INTL,1931.300049
2023-07-11,HSI,18659.830078
2023-07-11,IXIC,13760.700195
2023-07-11,JPYKRW100,919.676685
2023-07-11,KOSDAQ,878.72998
2023-07-11,KOSPI,2562.48999
2023-07-11,N225,32203.570313
2023-07-11,SOX,3653.530029
2023-07-11,SPX,4439.259766
2023-07-11,USDJPY,141.296997
2023-07-11,USDKRW,1299.540039
2023-07-11,WTI,74.830002
2023-07-12,CALL,3.527
2023-07-12,CD91,3.75
2023-07-12,CNYKRW,179.147482
2023-07-12,CORPAA3Y,4.512
2023-07-12,DJI,34347.429688
2023-07-12,DXY,100.519997
2023-07-12,EURKRW,1419.030029
2023-07-12,EURUSD,1.101406
2023-07-12,GBPUSD,1.293477
2023-07-12,GOLD_INTL,1956.199951
2023-07-12,HSI,18860.949219
2023-07-12,IXIC,13918.959961
2023-07-12,JPYKRW100,921.782875
2023-07-12,KOSDAQ,879.880005
2023-07-12,KOSPI,2574.719971
2023-07-12,N225,31943.929688
2023-07-12,SOX,3721.469971
2023-07-12,SPX,4472.160156
2023-07-12,USDJPY,140.117996
2023-07-12,USDKRW,1291.51001
2023-07-12,WTI,75.75
2023-07-13,CALL,3.514
2023-07-13,CD91,3.75
2023-07-13,CNYKRW,177.899037
2023-07-13,CORPAA3Y,4.408
2023-07-13,DJI,34395.140625
2023-07-13,DXY,99.769997
2023-07-13,EURKRW,1416.079956
2023-07-13,EURUSD,1.114455
2023-07-13,GBPUSD,1.29963
2023-07-13,GOLD_INTL,1959.199951
2023-07-13,HSI,19350.619141
2023-07-13,IXIC,14138.570313
2023-07-13,JPYKRW100,921.515369
2023-07-13,KOSDAQ,893.070007
2023-07-13,KOSPI,2591.22998
2023-07-13,N225,32419.330078
2023-07-13,SOX,3797.129883
2023-07-13,SPX,4510.040039
2023-07-13,USDJPY,138.315002
2023-07-13,USDKRW,1274.699951
2023-07-13,WTI,76.889999
2023-07-14,CALL,3.507
2023-07-14,CD91,3.75
2023-07-14,CNYKRW,177.179012
2023-07-14,CORPAA3Y,4.42
2023-07-14,DJI,34509.03125
2023-07-14,DXY,99.910004
2023-07-14,EURKRW,1420.27002
2023-07-14,EURUSD,1.122347
2023-07-14,GBPUSD,1.312853
2023-07-14,GOLD_INTL,1960.099976
2023-07-14,HSI,19413.779297
2023-07-14,IXIC,14113.700195
2023-07-14,JPYKRW100,917.500782
2023-07-14,KOSDAQ,896.280029
2023-07-14,KOSPI,2628.300049
2023-07-14,N225,32391.259766
2023-07-14,SOX,3750.409912
2023-07-14,SPX,4505.419922
2023-07-14,USDJPY,138.074997
2023-07-14,USDKRW,1266.829956
2023-07-14,WTI,75.419998
2023-07-17,CALL,3.506
2023-07-17,CD91,3.75
2023-07-17,CNYKRW,177.631192
2023-07-17,CORPAA3Y,4.414
2023-07-17,DJI,34585.351563
2023-07-17,DXY,99.839996
2023-07-17,EURKRW,1423.469971
2023-07-17,EURUSD,1.122776
2023-07-17,GBPUSD,1.30902
2023-07-17,GOLD_INTL,1952.400024
2023-07-17,IXIC,14244.950195
2023-07-17,JPYKRW100,914.521027
2023-07-17,KOSDAQ,898.289978
2023-07-17,KOSPI,2619
2023-07-17,SOX,3837.310059
2023-07-17,SPX,4522.790039
2023-07-17,USDJPY,138.682007
2023-07-17,USDKRW,1268.339966
2023-07-17,WTI,74.150002
2023-07-18,CALL,3.51
2023-07-18,CD91,3.75
2023-07-18,CNYKRW,176.477556
2023-07-18,CORPAA3Y,4.398
2023-07-18,DJI,34951.929688
2023-07-18,DXY,99.940002
2023-07-18,EURKRW,1420.199951
2023-07-18,EURUSD,1.12376
2023-07-18,GBPUSD,1.307172
2023-07-18,GOLD_INTL,1977.199951
2023-07-18,HSI,19015.720703
2023-07-18,IXIC,14353.639648
2023-07-18,JPYKRW100,912.154388
2023-07-18,KOSDAQ,914.140015
2023-07-18,KOSPI,2607.620117
2023-07-18,N225,32493.890625
2023-07-18,SOX,3842.360107
2023-07-18,SPX,4554.97998
2023-07-18,USDJPY,138.729004
2023-07-18,USDKRW,1265.449951
2023-07-18,WTI,75.75
2023-07-19,CALL,3.502
2023-07-19,CD91,3.75
2023-07-19,CNYKRW,176.192661
2023-07-19,CORPAA3Y,4.341
2023-07-19,DJI,35061.210938
2023-07-19,DXY,100.279999
2023-07-19,EURKRW,1418.290039
2023-07-19,EURUSD,1.122889
2023-07-19,GBPUSD,1.303509
2023-07-19,GOLD_INTL,1977.5
2023-07-19,HSI,18952.310547
2023-07-19,IXIC,14358.019531
2023-07-19,JPYKRW100,909.809494
2023-07-19,KOSDAQ,923.719971
2023-07-19,KOSPI,2608.23999
2023-07-19,N225,32896.03125
2023-07-19,SOX,3801.659912
2023-07-19,SPX,4565.720215
2023-07-19,USDJPY,139.026993
2023-07-19,USDKRW,1264.939941
2023-07-19,WTI,75.349998
2023-07-20,CALL,3.528
2023-07-20,CD91,3.75
2023-07-20,CNYKRW,175.077144
2023-07-20,CORPAA3Y,4.379
2023-07-20,DJI,35225.179688
2023-07-20,DXY,100.879997
2023-07-20,EURKRW,1416.650024
2023-07-20,EURUSD,1.120523
2023-07-20,GBPUSD,1.293979
2023-07-20,GOLD_INTL,1968.300049
2023-07-20,HSI,18928.019531
2023-07-20,IXIC,14063.30957
2023-07-20,JPYKRW100,906.596279
2023-07-20,KOSDAQ,931.599976
2023-07-20,KOSPI,2600.22998
2023-07-20,N225,32490.519531
2023-07-20,SOX,3663.850098
2023-07-20,SPX,4534.870117
2023-07-20,USDJPY,139.598007
2023-07-20,USDKRW,1265.089966
2023-07-20,WTI,75.629997
2023-07-21,CALL,3.481
2023-07-21,CD91,3.75
2023-07-21,CNYKRW,178.136982
2023-07-21,CORPAA3Y,4.399
2023-07-21,DJI,35227.691406
2023-07-21,DXY,101.07
2023-07-21,EURKRW,1420.130005
2023-07-21,EURUSD,1.11371
2023-07-21,GBPUSD,1.287233
2023-07-21,GOLD_INTL,1964.300049
2023-07-21,HSI,19075.259766
2023-07-21,IXIC,14032.80957
2023-07-21,JPYKRW100,914.004612
2023-07-21,KOSDAQ,934.580017
2023-07-21,KOSPI,2609.76001
2023-07-21,N225,32304.25
2023-07-21,SOX,3698.850098
2023-07-21,SPX,4536.339844
2023-07-21,USDJPY,139.863998
2023-07-21,USDKRW,1278.400024
2023-07-21,WTI,77.07
2023-07-24,CALL,3.498
2023-07-24,CD91,3.75
2023-07-24,CNYKRW,179.112283
2023-07-24,CORPAA3Y,4.41
2023-07-24,DJI,35411.238281
2023-07-24,DXY,101.349998
2023-07-24,EURKRW,1429.890015
2023-07-24,EURUSD,1.112533
2023-07-24,GBPUSD,1.285347
2023-07-24,GOLD_INTL,1960.300049
2023-07-24,HSI,18668.150391
2023-07-24,IXIC,14058.870117
2023-07-24,JPYKRW100,907.016087
2023-07-24,KOSDAQ,929.900024
2023-07-24,KOSPI,2628.530029
2023-07-24,N225,32700.939453
2023-07-24,SOX,3692.320068
2023-07-24,SPX,4554.640137
2023-07-24,USDJPY,141.75
2023-07-24,USDKRW,1285.650024
2023-07-24,WTI,78.739998
2023-07-25,CALL,3.49
2023-07-25,CD91,3.75
2023-07-25,CNYKRW,178.215252
2023-07-25,CORPAA3Y,4.435
2023-07-25,DJI,35438.070313
2023-07-25,DXY,101.349998
2023-07-25,EURKRW,1412.959961
2023-07-25,EURUSD,1.106317
2023-07-25,GBPUSD,1.281263
2023-07-25,GOLD_INTL,1962.099976
2023-07-25,HSI,19434.400391
2023-07-25,IXIC,14144.55957
2023-07-25,JPYKRW100,904.872322
2023-07-25,KOSDAQ,939.960022
2023-07-25,KOSPI,2636.459961
2023-07-25,N225,32682.509766
2023-07-25,SOX,3755.27002
2023-07-25,SPX,4567.459961
2023-07-25,USDJPY,141.522003
2023-07-25,USDKRW,1280.530029
2023-07-25,WTI,79.629997
2023-07-26,CALL,3.483
2023-07-26,CD91,3.75
2023-07-26,CNYKRW,178.563224
2023-07-26,CORPAA3Y,4.413
2023-07-26,DJI,35520.121094
2023-07-26,DXY,100.889999
2023-07-26,EURKRW,1407.23999
2023-07-26,EURUSD,1.105046
2023-07-26,GBPUSD,1.289391
2023-07-26,GOLD_INTL,1968.900024
2023-07-26,HSI,19365.140625
2023-07-26,IXIC,14127.280273
2023-07-26,JPYKRW100,903.715229
2023-07-26,KOSDAQ,900.630005
2023-07-26,KOSPI,2592.360107
2023-07-26,N225,32668.339844
2023-07-26,SOX,3699.370117
2023-07-26,SPX,4566.75
2023-07-26,USDJPY,140.912994
2023-07-26,USDKRW,1274.119995
2023-07-26,WTI,78.779999
2023-07-27,CALL,3.446
2023-07-27,CD91,3.74
2023-07-27,CNYKRW,178.345458
2023-07-27,CORPAA3Y,4.374
2023-07-27,DJI,35282.71875
2023-07-27,DXY,101.769997
2023-07-27,EURKRW,1408.73999
2023-07-27,EURUSD,1.107837
2023-07-27,GBPUSD,1.292725
2023-07-27,GOLD_INTL,1945.400024
2023-07-27,HSI,19639.109375
2023-07-27,IXIC,14050.110352
2023-07-27,JPYKRW100,908.428383
2023-07-27,KOSDAQ,883.789978
2023-07-27,KOSPI,2603.810059
2023-07-27,N225,32891.160156
2023-07-27,SOX,3768.27002
2023-07-27,SPX,4537.410156
2023-07-27,USDJPY,140.367004
2023-07-27,USDKRW,1275.170044
2023-07-27,WTI,80.089996
2023-07-28,CALL,3.461
2023-07-28,CD91,3.74
2023-07-28,CNYKRW,178.985377
2023-07-28,CORPAA3Y,4.423
2023-07-28,DJI,35459.289063
2023-07-28,DXY,101.620003
2023-07-28,EURKRW,1406.560059
2023-07-28,EURUSD,1.097876
2023-07-28,GBPUSD,1.279378
2023-07-28,GOLD_INTL,1960.400024
2023-07-28,HSI,19916.560547
2023-07-28,IXIC,14316.660156
2023-07-28,JPYKRW100,924.562645
2023-07-28,KOSDAQ,913.73999
2023-07-28,KOSPI,2608.320068
2023-07-28,N225,32759.230469
2023-07-28,SOX,3851.76001
2023-07-28,SPX,4582.22998
2023-07-28,USDJPY,138.863998
2023-07-28,USDKRW,1283.880005
2023-07-28,WTI,80.580002
2023-07-31,CALL,3.488
2023-07-31,CD91,3.74
2023-07-31,CNYKRW,179.139217
2023-07-31,CORPAA3Y,4.467
2023-07-31,DJI,35559.53125
2023-07-31,DXY,101.860001
2023-07-31,EURKRW,1368.79895
2023-07-31,EURUSD,1.102426
2023-07-31,GBPUSD,1.285397
2023-07-31,GOLD_INTL,1970.5
2023-07-31,HSI,20078.939453
2023-07-31,IXIC,14346.019531
2023-07-31,JPYKRW100,903.904438
2023-07-31,KOSDAQ,935.969971
2023-07-31,KOSPI,2632.580078
2023-07-31,N225,33172.21875
2023-07-31,SOX,3861.629883
2023-07-31,SPX,4588.959961
2023-07-31,USDJPY,140.757996
2023-07-31,USDKRW,1272.390015
2023-07-31,WTI,81.800003
2023-08-01,CALL,3.455
2023-08-01,CD91,3.74
2023-08-01,CNYKRW,180.099228
2023-08-01,CORPAA3Y,4.435
2023-08-01,DJI,35630.679688
2023-08-01,DXY,102.300003
2023-08-01,EURKRW,1404.359985
2023-08-01,EURUSD,1.099759
2023-08-01,GBPUSD,1.283401
2023-08-01,GOLD_INTL,1940.699951
2023-08-01,HSI,20011.119141
2023-08-01,IXIC,14283.910156
2023-08-01,JPYKRW100,897.889423
2023-08-01,KOSDAQ,939.669983
2023-08-01,KOSPI,2667.070068
2023-08-01,N225,33476.578125
2023-08-01,SOX,3858.209961
2023-08-01,SPX,4576.72998
2023-08-01,USDJPY,142.322998
2023-08-01,USDKRW,1277.930054
2023-08-01,WTI,81.370003
2023-08-02,CALL,3.436
2023-08-02,CD91,3.74
2023-08-02,CNYKRW,179.620996
2023-08-02,CORPAA3Y,4.466
2023-08-02,DJI,35282.519531
2023-08-02,DXY,102.589996
2023-08-02,EURKRW,1416.439941
2023-08-02,EURUSD,1.100788
2023-08-02,GBPUSD,1.279574
2023-08-02,GOLD_INTL,1937.400024
2023-08-02,HSI,19517.380859
2023-08-02,IXIC,13973.450195
2023-08-02,JPYKRW100,901.704693
2023-08-02,KOSDAQ,909.76001
2023-08-02,KOSPI,2616.469971
2023-08-02,N225,32707.689453
2023-08-02,SOX,3711.600098
2023-08-02,SPX,4513.390137
2023-08-02,USDJPY,142.970001
2023-08-02,USDKRW,1289.050049
2023-08-02,WTI,79.489998
2023-08-03,CALL,3.45
2023-08-03,CD91,3.73
2023-08-03,CNYKRW,180.1527
2023-08-03,CORPAA3Y,4.496
2023-08-03,DJI,35215.890625
2023-08-03,DXY,102.540001
2023-08-03,EURKRW,1418.48999
2023-08-03,EURUSD,1.094415
2023-08-03,GBPUSD,1.272038
2023-08-03,GOLD_INTL,1932
2023-08-03,HSI,19420.869141
2023-08-03,IXIC,13959.719727
2023-08-03,JPYKRW100,905.218697
2023-08-03,KOSDAQ,920.320007
2023-08-03,KOSPI,2605.389893
2023-08-03,N225,32159.279297
2023-08-03,SOX,3708.080078
2023-08-03,SPX,4501.890137
2023-08-03,USDJPY,143.343994
2023-08-03,USDKRW,1295.369995
2023-08-03,WTI,81.550003
2023-08-04,CALL,3.503
2023-08-04,CD91,3.72
2023-08-04,CNYKRW,180.990682
2023-08-04,CORPAA3Y,4.519
2023-08-04,DJI,35065.621094
2023-08-04,DXY,102.019997
2023-08-04,EURKRW,1421.48999
2023-08-04,EURUSD,1.095158
2023-08-04,GBPUSD,1.271634
2023-08-04,GOLD_INTL,1939.599976
2023-08-04,HSI,19539.460938
2023-08-04,IXIC,13909.240234
2023-08-04,JPYKRW100,909.10368
2023-08-04,KOSDAQ,918.429993
2023-08-04,KOSPI,2602.800049
2023-08-04,N225,32192.75
2023-08-04,SOX,3699.199951
2023-08-04,SPX,4478.029785
2023-08-04,USDJPY,142.598007
2023-08-04,USDKRW,1296.400024
2023-08-04,WTI,82.82
2023-08-07,CALL,3.535
2023-08-07,CD91,3.72
2023-08-07,CNYKRW,182.725219
2023-08-07,CORPAA3Y,4.468
2023-08-07,DJI,35473.128906
2023-08-07,DXY,102.050003
2023-08-07,EURKRW,1402.962036
2023-08-07,EURUSD,1.100267
2023-08-07,GBPUSD,1.274795
2023-08-07,GOLD_INTL,1933.5
2023-08-07,HSI,19537.919922
2023-08-07,IXIC,13994.400391
2023-08-07,JPYKRW100,918.429947
2023-08-07,KOSDAQ,898.219971
2023-08-07,KOSPI,2580.709961
2023-08-07,KTB10Y,3.812
2023-08-07,KTB3Y,3.687
2023-08-07,KTB5Y,3.709
2023-08-07,N225,32254.560547
2023-08-07,SOX,3739.409912
2023-08-07,SPX,4518.439941
2023-08-07,USDJPY,141.876007
2023-08-07,USDKRW,1303.050049
2023-08-07,WTI,81.940002
2023-08-08,CALL,3.485
2023-08-08,CD91,3.7
2023-08-08,CNYKRW,181.826402
2023-08-08,CORPAA3Y,4.424
2023-08-08,DJI,35314.488281
2023-08-08,DXY,102.529999
2023-08-08,EURKRW,1437.699951
2023-08-08,EURUSD,1.100316
2023-08-08,GBPUSD,1.2782
2023-08-08,GOLD_INTL,1924.099976
2023-08-08,HSI,19184.169922
2023-08-08,IXIC,13884.320313
2023-08-08,JPYKRW100,917.616272
2023-08-08,KOSDAQ,892.340027
2023-08-08,KOSPI,2573.97998
2023-08-08,KTB10Y,3.74
2023-08-08,KTB3Y,3.647
2023-08-08,KTB5Y,3.657
2023-08-08,N225,32377.289063
2023-08-08,SOX,3679.419922
2023-08-08,SPX,4499.379883
2023-08-08,USDJPY,142.524002
2023-08-08,USDKRW,1307.75
2023-08-08,WTI,82.919998
2023-08-09,CALL,3.487
2023-08-09,CD91,3.7
2023-08-09,CNYKRW,182.472943
2023-08-09,CORPAA3Y,4.448
2023-08-09,DJI,35123.359375
2023-08-09,DXY,102.489998
2023-08-09,EURKRW,1442.579956
2023-08-09,EURUSD,1.09589
2023-08-09,GBPUSD,1.274161
2023-08-09,GOLD_INTL,1915.400024
2023-08-09,HSI,19246.029297
2023-08-09,IXIC,13722.019531
2023-08-09,JPYKRW100,918.98098
2023-08-09,KOSDAQ,908.97998
2023-08-09,KOSPI,2605.120117
2023-08-09,KTB10Y,3.768
2023-08-09,KTB3Y,3.67
2023-08-09,KTB5Y,3.684
2023-08-09,N225,32204.330078
2023-08-09,SOX,3610.47998
2023-08-09,SPX,4467.709961
2023-08-09,USDJPY,143.278
2023-08-09,USDKRW,1316.670044
2023-08-09,WTI,84.400002
2023-08-10,CALL,3.592
2023-08-10,CD91,3.68
2023-08-10,CNYKRW,182.232335
2023-08-10,CORPAA3Y,4.464
2023-08-10,DJI,35176.148438
2023-08-10,DXY,102.519997
2023-08-10,EURKRW,1441.040039
2023-08-10,EURUSD,1.097767
2023-08-10,GBPUSD,1.272006
2023-08-10,GOLD_INTL,1914.400024
2023-08-10,HSI,19248.259766
2023-08-10,IXIC,13737.990234
2023-08-10,JPYKRW100,914.036846
2023-08-10,KOSDAQ,911.289978
2023-08-10,KOSPI,2601.560059
2023-08-10,KTB10Y,3.786
2023-08-10,KTB3Y,3.692
2023-08-10,KTB5Y,3.71
2023-08-10,N225,32473.650391
2023-08-10,SOX,3597.02002
2023-08-10,SPX,4468.830078
2023-08-10,USDJPY,143.727005
2023-08-10,USDKRW,1313.640015
2023-08-10,WTI,82.82
2023-08-11,CALL,3.576
2023-08-11,CD91,3.69
2023-08-11,CNYKRW,182.728307
2023-08-11,CORPAA3Y,4.475
2023-08-11,DJI,35281.398438
2023-08-11,DXY,102.839996
2023-08-11,EURKRW,1443.189941
2023-08-11,EURUSD,1.098165
2023-08-11,GBPUSD,1.267009
2023-08-11,GOLD_INTL,1912.900024
2023-08-11,HSI,19075.189453
2023-08-11,IXIC,13644.849609
2023-08-11,JPYKRW100,910.037231
2023-08-11,KOSDAQ,912.200012
2023-08-11,KOSPI,2591.26001
2023-08-11,KTB10Y,3.826
2023-08-11,KTB3Y,3.7
2023-08-11,KTB5Y,3.736
2023-08-11,SOX,3514.550049
2023-08-11,SPX,4464.049805
2023-08-11,USDJPY,144.854004
2023-08-11,USDKRW,1318.329956
2023-08-11,WTI,83.190002
2023-08-14,CALL,3.58
2023-08-14,CD91,3.69
2023-08-14,CNYKRW,184.865761
2023-08-14,CORPAA3Y,4.52
2023-08-14,DJI,35307.628906
2023-08-14,DXY,103.190002
2023-08-14,EURKRW,1423.823975
2023-08-14,EURUSD,1.094439
2023-08-14,GBPUSD,1.269503
2023-08-14,GOLD_INTL,1910.599976
2023-08-14,HSI,18773.550781
2023-08-14,IXIC,13788.330078
2023-08-14,JPYKRW100,918.02969
2023-08-14,KOSDAQ,901.679993
2023-08-14,KOSPI,2570.870117
2023-08-14,KTB10Y,3.879
2023-08-14,KTB3Y,3.743
2023-08-14,KTB5Y,3.791
2023-08-14,N225,32059.910156
2023-08-14,SOX,3615.449951
2023-08-14,SPX,4489.720215
2023-08-14,USDJPY,144.817001
2023-08-14,USDKRW,1329.609985
2023-08-14,WTI,82.510002
2023-08-15,CNYKRW,183.916885
2023-08-15,DJI,34946.390625
2023-08-15,DXY,103.209999
2023-08-15,EURKRW,1458.410034
2023-08-15,EURUSD,1.090988
2023-08-15,GBPUSD,1.26852
2023-08-15,GOLD_INTL,1902.5
2023-08-15,HSI,18581.109375
2023-08-15,IXIC,13631.049805
2023-08-15,JPYKRW100,917.712879
2023-08-15,N225,32238.890625
2023-08-15,SOX,3553.959961
2023-08-15,SPX,4437.859863
2023-08-15,USDJPY,145.436996
2023-08-15,USDKRW,1334.73999
2023-08-15,WTI,80.989998
2023-08-16,CALL,3.569
2023-08-16,CD91,3.7
2023-08-16,CNYKRW,183.854977
2023-08-16,CORPAA3Y,4.488
2023-08-16,DJI,34765.738281
2023-08-16,DXY,103.419998
2023-08-16,EURKRW,1453.880005
2023-08-16,EURUSD,1.090417
2023-08-16,GBPUSD,1.270132
2023-08-16,GOLD_INTL,1896.099976
2023-08-16,HSI,18329.300781
2023-08-16,IXIC,13474.629883
2023-08-16,JPYKRW100,919.508457
2023-08-16,KOSDAQ,878.289978
2023-08-16,KOSPI,2525.639893
2023-08-16,KTB10Y,3.876
2023-08-16,KTB3Y,3.717
2023-08-16,KTB5Y,3.776
2023-08-16,N225,31766.820313
2023-08-16,SOX,3480.080078
2023-08-16,SPX,4404.330078
2023-08-16,USDJPY,145.608002
2023-08-16,USDKRW,1338.73999
2023-08-16,WTI,79.379997
2023-08-17,CALL,3.557
2023-08-17,CD91,3.7
2023-08-17,CNYKRW,184.093459
2023-08-17,CORPAA3Y,4.561
2023-08-17,DJI,34474.828125
2023-08-17,DXY,103.440002
2023-08-17,EURKRW,1458.75
2023-08-17,EURUSD,1.087488
2023-08-17,GBPUSD,1.272815
2023-08-17,GOLD_INTL,1884.099976
2023-08-17,HSI,18326.630859
2023-08-17,IXIC,13316.929688
2023-08-17,JPYKRW100,918.023491
2023-08-17,KOSDAQ,886.039978
2023-08-17,KOSPI,2519.850098
2023-08-17,KTB10Y,3.986
2023-08-17,KTB3Y,3.791
2023-08-17,KTB5Y,3.869
2023-08-17,N225,31626
2023-08-17,SOX,3446.350098
2023-08-17,SPX,4370.359863
2023-08-17,USDJPY,146.332993
2023-08-17,USDKRW,1343.329956
2023-08-17,WTI,80.389999
2023-08-18,CALL,3.547
2023-08-18,CD91,3.7
2023-08-18,CNYKRW,183.929453
2023-08-18,CORPAA3Y,4.501
2023-08-18,DJI,34500.660156
2023-08-18,DXY,103.379997
2023-08-18,EURKRW,1455.290039
2023-08-18,EURUSD,1.087465
2023-08-18,GBPUSD,1.275022
2023-08-18,GOLD_INTL,1886.099976
2023-08-18,HSI,17950.849609
2023-08-18,IXIC,13290.780273
2023-08-18,JPYKRW100,918.984604
2023-08-18,KOSDAQ,877.320007
2023-08-18,KOSPI,2504.5
2023-08-18,KTB10Y,3.918
2023-08-18,KTB3Y,3.732
2023-08-18,KTB5Y,3.807
2023-08-18,N225,31450.759766
2023-08-18,SOX,3462.73999
2023-08-18,SPX,4369.709961
2023-08-18,USDJPY,145.714005
2023-08-18,USDKRW,1339.079956
2023-08-18,WTI,81.25
2023-08-21,CALL,3.545
2023-08-21,CD91,3.7
2023-08-21,CNYKRW,183.934238
2023-08-21,CORPAA3Y,4.563
2023-08-21,DJI,34463.691406
2023-08-21,DXY,103.330002
2023-08-21,EURKRW,1454.780029
2023-08-21,EURUSD,1.087559
2023-08-21,GBPUSD,1.274194
2023-08-21,GOLD_INTL,1893.300049
2023-08-21,HSI,17623.289063
2023-08-21,IXIC,13497.589844
2023-08-21,JPYKRW100,921.506405
2023-08-21,KOSDAQ,888.710022
2023-08-21,KOSPI,2508.800049
2023-08-21,KTB10Y,3.977
2023-08-21,KTB3Y,3.799
2023-08-21,KTB5Y,3.869
2023-08-21,N225,31565.640625
2023-08-21,SOX,3560.73999
2023-08-21,SPX,4399.77002
2023-08-21,USDJPY,145.304993
2023-08-21,USDKRW,1339.170044
2023-08-21,WTI,80.720001
2023-08-22,CALL,3.54
2023-08-22,CD91,3.7
2023-08-22,CNYKRW,186.126702
2023-08-22,CORPAA3Y,4.569
2023-08-22,DJI,34288.828125
2023-08-22,DXY,103.559998
2023-08-22,EURKRW,1459.839966
2023-08-22,EURUSD,1.089835
2023-08-22,GBPUSD,1.27608
2023-08-22,GOLD_INTL,1896.400024
2023-08-22,HSI,17791.009766
2023-08-22,IXIC,13505.870117
2023-08-22,JPYKRW100,916.450405
2023-08-22,KOSDAQ,893.330017
2023-08-22,KOSPI,2515.73999
2023-08-22,KTB10Y,3.986
2023-08-22,KTB3Y,3.803
2023-08-22,KTB5Y,3.868
2023-08-22,N225,31856.710938
2023-08-22,SOX,3527.689941
2023-08-22,SPX,4387.549805
2023-08-22,USDJPY,146.238007
2023-08-22,USDKRW,1339.73999
2023-08-22,WTI,80.349998
2023-08-23,CALL,3.56
2023-08-23,CD91,3.69
2023-08-23,CNYKRW,183.710433
2023-08-23,CORPAA3Y,4.536
2023-08-23,DJI,34472.980469
2023-08-23,DXY,103.360001
2023-08-23,EURKRW,1452.680054
2023-08-23,EURUSD,1.084669
2023-08-23,GBPUSD,1.273156
2023-08-23,GOLD_INTL,1918.5
2023-08-23,HSI,17845.919922
2023-08-23,IXIC,13721.030273
2023-08-23,JPYKRW100,919.042397
2023-08-23,KOSDAQ,882.869995
2023-08-23,KOSPI,2505.5
2023-08-23,KTB10Y,3.913
2023-08-23,KTB3Y,3.766
2023-08-23,KTB5Y,3.82
2023-08-23,N225,32010.259766
2023-08-23,SOX,3602.01001
2023-08-23,SPX,4436.009766
2023-08-23,USDJPY,145.763
2023-08-23,USDKRW,1339.689941
2023-08-23,WTI,78.889999
2023-08-24,CALL,3.572
2023-08-24,CD91,3.69
2023-08-24,CNYKRW,185.172591
2023-08-24,CORPAA3Y,4.524
2023-08-24,DJI,34099.421875
2023-08-24,DXY,103.980003
2023-08-24,EURKRW,1442.099976
2023-08-24,EURUSD,1.086579
2023-08-24,GBPUSD,1.272054
2023-08-24,GOLD_INTL,1918.199951
2023-08-24,HSI,18212.169922
2023-08-24,IXIC,13463.969727
2023-08-24,JPYKRW100,919.986725
2023-08-24,KOSDAQ,901.73999
2023-08-24,KOSPI,2537.679932
2023-08-24,KTB10Y,3.88
2023-08-24,KTB3Y,3.761
2023-08-24,KTB5Y,3.807
2023-08-24,N225,32287.210938
2023-08-24,SOX,3481.300049
2023-08-24,SPX,4376.310059
2023-08-24,USDJPY,144.673004
2023-08-24,USDKRW,1327.780029
2023-08-24,WTI,79.050003
2023-08-25,CALL,3.565
2023-08-25,CD91,3.69
2023-08-25,CNYKRW,182.315667
2023-08-25,CORPAA3Y,4.554
2023-08-25,DJI,34346.898438
2023-08-25,DXY,104.080002
2023-08-25,EURKRW,1431.619995
2023-08-25,EURUSD,1.079914
2023-08-25,GBPUSD,1.259287
2023-08-25,GOLD_INTL,1911.099976
2023-08-25,HSI,18119.390625
2023-08-25,IXIC,13590.650391
2023-08-25,JPYKRW100,908.217716
2023-08-25,KOSDAQ,899.380005
2023-08-25,KOSPI,2519.139893
2023-08-25,KTB10Y,3.934
2023-08-25,KTB3Y,3.788
2023-08-25,KTB5Y,3.843
2023-08-25,N225,31624.279297
2023-08-25,SOX,3495.649902
2023-08-25,SPX,4405.709961
2023-08-25,USDJPY,146.067001
2023-08-25,USDKRW,1326.619995
2023-08-25,WTI,79.830002
2023-08-28,CALL,3.563
2023-08-28,CD91,3.69
2023-08-28,CNYKRW,181.590064
2023-08-28,CORPAA3Y,4.524
2023-08-28,DJI,34559.980469
2023-08-28,DXY,104.059998
2023-08-28,EURKRW,1432.5
2023-08-28,EURUSD,1.079739
2023-08-28,GBPUSD,1.25897
2023-08-28,GOLD_INTL,1917.900024
2023-08-28,HSI,18130.740234
2023-08-28,IXIC,13705.129883
2023-08-28,JPYKRW100,903.269196
2023-08-28,KOSDAQ,909.380005
2023-08-28,KOSPI,2543.409912
2023-08-28,KTB10Y,3.871
2023-08-28,KTB3Y,3.759
2023-08-28,KTB5Y,3.795
2023-08-28,N225,32169.990234
2023-08-28,SOX,3537.870117
2023-08-28,SPX,4433.310059
2023-08-28,USDJPY,146.531006
2023-08-28,USDKRW,1323.609985
2023-08-28,WTI,80.099998
2023-08-29,CALL,3.564
2023-08-29,CD91,3.69
2023-08-29,CNYKRW,181.479183
2023-08-29,CORPAA3Y,4.503
2023-08-29,DJI,34852.671875
2023-08-29,DXY,103.550003
2023-08-29,EURKRW,1431.27002
2023-08-29,EURUSD,1.082556
2023-08-29,GBPUSD,1.261114
2023-08-29,GOLD_INTL,1936.5
2023-08-29,HSI,18484.029297
2023-08-29,IXIC,13943.759766
2023-08-29,JPYKRW100,902.86417
2023-08-29,KOSDAQ,916.23999
2023-08-29,KOSPI,2552.159912
2023-08-29,KTB10Y,3.833
2023-08-29,KTB3Y,3.736
2023-08-29,KTB5Y,3.768
2023-08-29,N225,32226.970703
2023-08-29,SOX,3629.570068
2023-08-29,SPX,4497.629883
2023-08-29,USDJPY,146.464005
2023-08-29,USDKRW,1322.819946
2023-08-29,WTI,81.160004
2023-08-30,CALL,3.577
2023-08-30,CD91,3.69
2023-08-30,CNYKRW,181.480612
2023-08-30,CORPAA3Y,4.496
2023-08-30,DJI,34890.238281
2023-08-30,DXY,103.160004
2023-08-30,EURKRW,1435.540039
2023-08-30,EURUSD,1.086921
2023-08-30,GBPUSD,1.263679
2023-08-30,GOLD_INTL,1944.300049
2023-08-30,HSI,18482.859375
2023-08-30,IXIC,14019.30957
2023-08-30,JPYKRW100,904.922962
2023-08-30,KOSDAQ,923.809998
2023-08-30,KOSPI,2561.219971
2023-08-30,KTB10Y,3.846
2023-08-30,KTB3Y,3.73
2023-08-30,KTB5Y,3.78
2023-08-30,N225,32333.460938
2023-08-30,SOX,3643.919922
2023-08-30,SPX,4514.870117
2023-08-30,USDJPY,145.988007
2023-08-30,USDKRW,1321.069946
2023-08-30,WTI,81.629997
2023-08-31,CALL,3.62
2023-08-31,CD91,3.69
2023-08-31,CNYKRW,181.645073
2023-08-31,CORPAA3Y,4.473
2023-08-31,DJI,34721.910156
2023-08-31,DXY,103.620003
2023-08-31,EURKRW,1444.849976
2023-08-31,EURUSD,1.093255
2023-08-31,GBPUSD,1.271179
2023-08-31,GOLD_INTL,1938.199951
2023-08-31,HSI,18382.060547
2023-08-31,IXIC,14034.969727
2023-08-31,JPYKRW100,905.401707
2023-08-31,KOSDAQ,928.400024
2023-08-31,KOSPI,2556.27002
2023-08-31,KTB10Y,3.822
2023-08-31,KTB3Y,3.707
2023-08-31,KTB5Y,3.744
2023-08-31,N225,32619.339844
2023-08-31,SOX,3670.929932
2023-08-31,SPX,4507.660156
2023-08-31,USDJPY,146.098999
2023-08-31,USDKRW,1323.030029
2023-08-31,WTI,83.629997
2023-09-01,CALL,3.567
2023-09-01,CD91,3.68
2023-09-01,CNYKRW,182.535249
2023-09-01,CORPAA3Y,4.447
2023-09-01,DJI,34837.710938
2023-09-01,DXY,104.239998
2023-09-01,EURKRW,1441.26001
2023-09-01,EURUSD,1.08441
2023-09-01,GBPUSD,1.267283
2023-09-01,GOLD_INTL,1939.800049
2023-09-01,IXIC,14031.80957
2023-09-01,JPYKRW100,910.571289
2023-09-01,KOSDAQ,919.73999
2023-09-01,KOSPI,2563.709961
2023-09-01,KTB10Y,3.776
2023-09-01,KTB3Y,3.689
2023-09-01,KTB5Y,3.719
2023-09-01,N225,32710.619141
2023-09-01,SOX,3682.840088
2023-09-01,SPX,4515.77002
2023-09-01,USDJPY,145.473007
2023-09-01,USDKRW,1324.640015
2023-09-01,WTI,85.550003
2023-09-04,CALL,3.545
2023-09-04,CD91,3.69
2023-09-04,CNYKRW,184.515618
2023-09-04,CORPAA3Y,4.498
2023-09-04,EURKRW,1400.145996
2023-09-04,EURUSD,1.077586
2023-09-04,GBPUSD,1.259145
2023-09-04,HSI,18844.160156
2023-09-04,JPYKRW100,901.992989
2023-09-04,KOSDAQ,919.159973
2023-09-04,KOSPI,2584.550049
2023-09-04,KTB10Y,3.856
2023-09-04,KTB3Y,3.74
2023-09-04,KTB5Y,3.779
2023-09-04,N225,32939.179688
2023-09-04,USDJPY,146.057007
2023-09-04,USDKRW,1317.459961
2023-09-05,CALL,3.51
2023-09-05,CD91,3.7
2023-09-05,CNYKRW,181.23873
2023-09-05,CORPAA3Y,4.527
2023-09-05,DJI,34641.96875
2023-09-05,DXY,104.809998
2023-09-05,EURKRW,1428.400024
2023-09-05,EURUSD,1.079447
2023-09-05,GBPUSD,1.262307
2023-09-05,GOLD_INTL,1926.199951
2023-09-05,HSI,18456.910156
2023-09-05,IXIC,14020.950195
2023-09-05,JPYKRW100,899.333
2023-09-05,KOSDAQ,921.47998
2023-09-05,KOSPI,2582.179932
2023-09-05,KTB10Y,3.888
2023-09-05,KTB3Y,3.761
2023-09-05,KTB5Y,3.813
2023-09-05,N225,33036.761719
2023-09-05,SOX,3683.790039
2023-09-05,SPX,4496.830078
2023-09-05,USDJPY,146.542999
2023-09-05,USDKRW,1317.949951
2023-09-05,WTI,86.690002
2023-09-06,CALL,3.496
2023-09-06,CD91,3.71
2023-09-06,CNYKRW,182.343836
2023-09-06,CORPAA3Y,4.521
2023-09-06,DJI,34443.191406
2023-09-06,DXY,104.860001
2023-09-06,EURKRW,1428.560059
2023-09-06,EURUSD,1.072616
2023-09-06,GBPUSD,1.257055
2023-09-06,GOLD_INTL,1918.099976
2023-09-06,HSI,18449.980469
2023-09-06,IXIC,13872.469727
2023-09-06,JPYKRW100,902.668858
2023-09-06,KOSDAQ,917.950012
2023-09-06,KOSPI,2563.340088
2023-09-06,KTB10Y,3.883
2023-09-06,KTB3Y,3.757
2023-09-06,KTB5Y,3.809
2023-09-06,N225,33241.019531
2023-09-06,SOX,3654.459961
2023-09-06,SPX,4465.47998
2023-09-06,USDJPY,147.470993
2023-09-06,USDKRW,1331.72998
2023-09-06,WTI,87.540001
2023-09-07,CALL,3.54
2023-09-07,CD91,3.72
2023-09-07,CNYKRW,182.268756
2023-09-07,CORPAA3Y,4.599
2023-09-07,DJI,34500.730469
2023-09-07,DXY,105.059998
2023-09-07,EURKRW,1430.119995
2023-09-07,EURUSD,1.07242
2023-09-07,GBPUSD,1.249875
2023-09-07,GOLD_INTL,1917.5
2023-09-07,HSI,18202.070313
2023-09-07,IXIC,13748.830078
2023-09-07,JPYKRW100,902.746201
2023-09-07,KOSDAQ,906.359985
2023-09-07,KOSPI,2548.26001
2023-09-07,KTB10Y,3.977
2023-09-07,KTB3Y,3.849
2023-09-07,KTB5Y,3.896
2023-09-07,N225,32991.078125
2023-09-07,SOX,3582.110107
2023-09-07,SPX,4451.140137
2023-09-07,USDJPY,147.709
2023-09-07,USDKRW,1333.459961
2023-09-07,WTI,86.870003
2023-09-08,CALL,3.593
2023-09-08,CD91,3.72
2023-09-08,CNYKRW,182.04919
2023-09-08,CORPAA3Y,4.552
2023-09-08,DJI,34576.589844
2023-09-08,DXY,105.089996
2023-09-08,EURKRW,1427.829956
2023-09-08,EURUSD,1.069782
2023-09-08,GBPUSD,1.247505
2023-09-08,GOLD_INTL,1918.400024
2023-09-08,IXIC,13761.530273
2023-09-08,JPYKRW100,907.280827
2023-09-08,KOSDAQ,914.179993
2023-09-08,KOSPI,2547.679932
2023-09-08,KTB10Y,3.896
2023-09-08,KTB3Y,3.794
2023-09-08,KTB5Y,3.8
2023-09-08,N225,32606.839844
2023-09-08,SOX,3565.98999
2023-09-08,SPX,4457.490234
2023-09-08,USDJPY,147.330994
2023-09-08,USDKRW,1334.02002
2023-09-08,WTI,87.510002
2023-09-11,CALL,3.602
2023-09-11,CD91,3.72
2023-09-11,CNYKRW,184.630269
2023-09-11,CORPAA3Y,4.622
2023-09-11,DJI,34663.71875
2023-09-11,DXY,104.57
2023-09-11,EURKRW,1398.581055
2023-09-11,EURUSD,1.071811
2023-09-11,GBPUSD,1.248999
2023-09-11,GOLD_INTL,1923.300049
2023-09-11,HSI,18096.449219
2023-09-11,IXIC,13917.889648
2023-09-11,JPYKRW100,907.763386
2023-09-11,KOSDAQ,912.549988
2023-09-11,KOSPI,2556.879883
2023-09-11,KTB10Y,3.97
2023-09-11,KTB3Y,3.869
2023-09-11,KTB5Y,3.894
2023-09-11,N225,32467.759766
2023-09-11,SOX,3569.22998
2023-09-11,SPX,4487.459961
2023-09-11,USDJPY,147.113007
2023-09-11,USDKRW,1335.319946
2023-09-11,WTI,87.290001
2023-09-12,CALL,3.597
2023-09-12,CD91,3.73
2023-09-12,CNYKRW,181.180011
2023-09-12,CORPAA3Y,4.621
2023-09-12,DJI,34645.988281
2023-09-12,DXY,104.709999
2023-09-12,EURKRW,1422.75
2023-09-12,EURUSD,1.075038
2023-09-12,GBPUSD,1.250876
2023-09-12,GOLD_INTL,1911.300049
2023-09-12,HSI,18025.890625
2023-09-12,IXIC,13773.610352
2023-09-12,JPYKRW100,900.202847
2023-09-12,KOSDAQ,898.039978
2023-09-12,KOSPI,2536.580078
2023-09-12,KTB10Y,3.962
2023-09-12,KTB3Y,3.863
2023-09-12,KTB5Y,3.89
2023-09-12,N225,32776.371094
2023-09-12,SOX,3541.090088
2023-09-12,SPX,4461.899902
2023-09-12,USDJPY,146.677994
2023-09-12,USDKRW,1320.439941
2023-09-12,WTI,88.839996
2023-09-13,CALL,3.592
2023-09-13,CD91,3.75
2023-09-13,CNYKRW,181.609943
2023-09-13,CORPAA3Y,4.617
2023-09-13,DJI,34575.53125
2023-09-13,DXY,104.769997
2023-09-13,EURKRW,1424.920044
2023-09-13,EURUSD,1.075327
2023-09-13,GBPUSD,1.249172
2023-09-13,GOLD_INTL,1909.099976
2023-09-13,HSI,18009.220703
2023-09-13,IXIC,13813.589844
2023-09-13,JPYKRW100,899.488258
2023-09-13,KOSDAQ,882.719971
2023-09-13,KOSPI,2534.699951
2023-09-13,KTB10Y,3.953
2023-09-13,KTB3Y,3.871
2023-09-13,KTB5Y,3.893
2023-09-13,N225,32706.519531
2023-09-13,SOX,3560.459961
2023-09-13,SPX,4467.439941
2023-09-13,USDJPY,147.158005
2023-09-13,USDKRW,1324.099976
2023-09-13,WTI,88.519997
2023-09-14,CALL,3.587
2023-09-14,CD91,3.76
2023-09-14,CNYKRW,182.942172
2023-09-14,CORPAA3Y,4.596
2023-09-14,DJI,34907.109375
2023-09-14,DXY,105.410004
2023-09-14,EURKRW,1424.050049
2023-09-14,EURUSD,1.073422
2023-09-14,GBPUSD,1.248954
2023-09-14,GOLD_INTL,1910
2023-09-14,HSI,18047.919922
2023-09-14,IXIC,13926.049805
2023-09-14,JPYKRW100,899.58086
2023-09-14,KOSDAQ,899.469971
2023-09-14,KOSPI,2572.889893
2023-09-14,KTB10Y,3.917
2023-09-14,KTB3Y,3.836
2023-09-14,KTB5Y,3.863
2023-09-14,N225,33168.101563
2023-09-14,SOX,3584.22998
2023-09-14,SPX,4505.100098
2023-09-14,USDJPY,147.345993
2023-09-14,USDKRW,1329.77002
2023-09-14,WTI,90.160004
2023-09-15,CALL,3.58
2023-09-15,CD91,3.78
2023-09-15,CNYKRW,182.391193
2023-09-15,CORPAA3Y,4.608
2023-09-15,DJI,34618.238281
2023-09-15,DXY,105.32
2023-09-15,EURKRW,1413.699951
2023-09-15,EURUSD,1.063717
2023-09-15,GBPUSD,1.240187
2023-09-15,GOLD_INTL,1923.699951
2023-09-15,HSI,18182.890625
2023-09-15,IXIC,13708.330078
2023-09-15,JPYKRW100,900.28553
2023-09-15,KOSDAQ,899.030029
2023-09-15,KOSPI,2601.280029
2023-09-15,KTB10Y,3.928
2023-09-15,KTB3Y,3.85
2023-09-15,KTB5Y,3.881
2023-09-15,N225,33533.089844
2023-09-15,SOX,3476.389893
2023-09-15,SPX,4450.319824
2023-09-15,USDJPY,147.481995
2023-09-15,USDKRW,1327.060059
2023-09-15,WTI,90.769997
2023-09-18,CALL,3.583
2023-09-18,CD91,3.79
2023-09-18,CNYKRW,182.628306
2023-09-18,CORPAA3Y,4.648
2023-09-18,DJI,34624.300781
2023-09-18,DXY,105.199997
2023-09-18,EURKRW,1413.040039
2023-09-18,EURUSD,1.066826
2023-09-18,GBPUSD,1.239757
2023-09-18,GOLD_INTL,1931.5
2023-09-18,HSI,17930.550781
2023-09-18,IXIC,13710.240234
2023-09-18,JPYKRW100,898.361111
2023-09-18,KOSDAQ,891.289978
2023-09-18,KOSPI,2574.719971
2023-09-18,KTB10Y,3.983
2023-09-18,KTB3Y,3.889
2023-09-18,KTB5Y,3.935
2023-09-18,SOX,3492.469971
2023-09-18,SPX,4453.529785
2023-09-18,USDJPY,147.867996
2023-09-18,USDKRW,1328.420044
2023-09-18,WTI,91.480003
2023-09-19,CALL,3.609
2023-09-19,CD91,3.8
2023-09-19,CNYKRW,182.38006
2023-09-19,CORPAA3Y,4.641
2023-09-19,DJI,34517.730469
2023-09-19,DXY,105.199997
2023-09-19,EURKRW,1422.339966
2023-09-19,EURUSD,1.069267
2023-09-19,GBPUSD,1.238375
2023-09-19,GOLD_INTL,1932
2023-09-19,HSI,17997.169922
2023-09-19,IXIC,13678.19043
2023-09-19,JPYKRW100,900.820065
2023-09-19,KOSDAQ,883.890015
2023-09-19,KOSPI,2559.209961
2023-09-19,KTB10Y,3.951
2023-09-19,KTB3Y,3.89
2023-09-19,KTB5Y,3.917
2023-09-19,N225,33242.589844
2023-09-19,SOX,3459.02002
2023-09-19,SPX,4443.950195
2023-09-19,USDJPY,147.604996
2023-09-19,USDKRW,1329.660034
2023-09-19,WTI,91.199997
2023-09-20,CALL,3.619
2023-09-20,CD91,3.81
2023-09-20,CNYKRW,182.100176
2023-09-20,CORPAA3Y,4.645
2023-09-20,DJI,34440.878906
2023-09-20,DXY,105.160004
2023-09-20,EURKRW,1416.400024
2023-09-20,EURUSD,1.068205
2023-09-20,GBPUSD,1.239357
2023-09-20,GOLD_INTL,1945.599976
2023-09-20,HSI,17885.599609
2023-09-20,IXIC,13469.129883
2023-09-20,JPYKRW100,899.195576
2023-09-20,KOSDAQ,882.719971
2023-09-20,KOSPI,2559.73999
2023-09-20,KTB10Y,3.978
2023-09-20,KTB3Y,3.89
2023-09-20,KTB5Y,3.926
2023-09-20,N225,33023.78125
2023-09-20,SOX,3398.810059
2023-09-20,SPX,4402.200195
2023-09-20,USDJPY,147.742004
2023-09-20,USDKRW,1328.530029
2023-09-20,WTI,90.279999
2023-09-21,CALL,3.594
2023-09-21,CD91,3.82
2023-09-21,CNYKRW,182.863026
2023-09-21,CORPAA3Y,4.689
2023-09-21,DJI,34070.421875
2023-09-21,DXY,105.360001
2023-09-21,EURKRW,1419.310059
2023-09-21,EURUSD,1.065303
2023-09-21,GBPUSD,1.232894
2023-09-21,GOLD_INTL,1919.199951
2023-09-21,HSI,17655.410156
2023-09-21,IXIC,13223.980469
2023-09-21,JPYKRW100,899.073887
2023-09-21,KOSDAQ,860.679993
2023-09-21,KOSPI,2514.969971
2023-09-21,KTB10Y,4.031
2023-09-21,KTB3Y,3.93
2023-09-21,KTB5Y,3.975
2023-09-21,N225,32571.029297
2023-09-21,SOX,3338.850098
2023-09-21,SPX,4330
2023-09-21,USDJPY,148.320999
2023-09-21,USDKRW,1332.339966
2023-09-21,WTI,89.629997
2023-09-22,CALL,3.618
2023-09-22,CD91,3.83
2023-09-22,CNYKRW,183.558482
2023-09-22,CORPAA3Y,4.65
2023-09-22,DJI,33963.839844
2023-09-22,DXY,105.580002
2023-09-22,EURKRW,1426.900024
2023-09-22,EURUSD,1.066155
2023-09-22,GBPUSD,1.229423
2023-09-22,GOLD_INTL,1925.400024
2023-09-22,HSI,18057.449219
2023-09-22,IXIC,13211.80957
2023-09-22,JPYKRW100,908.000565
2023-09-22,KOSDAQ,857.349976
2023-09-22,KOSPI,2508.129883
2023-09-22,KTB10Y,4.015
2023-09-22,KTB3Y,3.892
2023-09-22,KTB5Y,3.942
2023-09-22,N225,32402.410156
2023-09-22,SOX,3365.290039
2023-09-22,SPX,4320.060059
2023-09-22,USDJPY,147.643997
2023-09-22,USDKRW,1341.170044
2023-09-22,WTI,90.029999
2023-09-25,CALL,3.63
2023-09-25,CD91,3.83
2023-09-25,CNYKRW,182.892773
2023-09-25,CORPAA3Y,4.64
2023-09-25,DJI,34006.878906
2023-09-25,DXY,106
2023-09-25,EURKRW,1420.069946
2023-09-25,EURUSD,1.064849
2023-09-25,GBPUSD,1.224185
2023-09-25,GOLD_INTL,1916.599976
2023-09-25,HSI,17729.289063
2023-09-25,IXIC,13271.320313
2023-09-25,JPYKRW100,899.160576
2023-09-25,KOSDAQ,839.169983
2023-09-25,KOSPI,2495.76001
2023-09-25,KTB10Y,4.007
2023-09-25,KTB3Y,3.869
2023-09-25,KTB5Y,3.923
2023-09-25,N225,32678.619141
2023-09-25,SOX,3389.459961
2023-09-25,SPX,4337.439941
2023-09-25,USDJPY,148.434006
2023-09-25,USDKRW,1334.660034
2023-09-25,WTI,89.68
2023-09-26,CALL,3.62
2023-09-26,CD91,3.83
2023-09-26,CNYKRW,183.100998
2023-09-26,CORPAA3Y,4.654
2023-09-26,DJI,33618.878906
2023-09-26,DXY,106.230003
2023-09-26,EURKRW,1393.939941
2023-09-26,EURUSD,1.059165
2023-09-26,GBPUSD,1.221314
2023-09-26,GOLD_INTL,1900.400024
2023-09-26,HSI,17466.900391
2023-09-26,IXIC,13063.610352
2023-09-26,JPYKRW100,899.420357
2023-09-26,KOSDAQ,827.820007
2023-09-26,KOSPI,2462.969971
2023-09-26,KTB10Y,4.042
2023-09-26,KTB3Y,3.881
2023-09-26,KTB5Y,3.952
2023-09-26,N225,32315.050781
2023-09-26,SOX,3329.620117
2023-09-26,SPX,4273.529785
2023-09-26,USDJPY,148.811005
2023-09-26,USDKRW,1338.449951
2023-09-26,WTI,90.389999
2023-09-27,CALL,3.829
2023-09-27,CD91,3.83
2023-09-27,CNYKRW,185.173788
2023-09-27,CORPAA3Y,4.658
2023-09-27,DJI,33550.269531
2023-09-27,DXY,106.669998
2023-09-27,EURKRW,1429.359985
2023-09-27,EURUSD,1.056948
2023-09-27,GBPUSD,1.214683
2023-09-27,GOLD_INTL,1871.599976
2023-09-27,HSI,17611.869141
2023-09-27,IXIC,13092.849609
2023-09-27,JPYKRW100,908.224773
2023-09-27,KOSDAQ,841.02002
2023-09-27,KOSPI,2465.070068
2023-09-27,KTB10Y,4.031
2023-09-27,KTB3Y,3.888
2023-09-27,KTB5Y,3.945
2023-09-27,N225,32371.900391
2023-09-27,SOX,3361.409912
2023-09-27,SPX,4274.509766
2023-09-27,USDJPY,149.044998
2023-09-27,USDKRW,1353.75
2023-09-27,WTI,93.68
2023-09-28,CNYKRW,185.112397
2023-09-28,DJI,33666.339844
2023-09-28,DXY,106.220001
2023-09-28,EURKRW,1423.73999
2023-09-28,EURUSD,1.050531
2023-09-28,GBPUSD,1.213533
2023-09-28,GOLD_INTL,1860.400024
2023-09-28,HSI,17373.029297
2023-09-28,IXIC,13201.280273
2023-09-28,JPYKRW100,903.4729
2023-09-28,N225,31872.519531
2023-09-28,SOX,3420.98999
2023-09-28,SPX,4299.700195
2023-09-28,USDJPY,149.498001
2023-09-28,USDKRW,1352.819946
2023-09-28,WTI,91.709999
2023-09-29,CNYKRW,184.639511
2023-09-29,DJI,33507.5
2023-09-29,DXY,106.169998
2023-09-29,EURKRW,1428.47998
2023-09-29,EURUSD,1.056245
2023-09-29,GBPUSD,1.22048
2023-09-29,GOLD_INTL,1848.099976
2023-09-29,HSI,17809.660156
2023-09-29,IXIC,13219.320313
2023-09-29,JPYKRW100,902.17886
2023-09-29,N225,31857.619141
2023-09-29,SOX,3434.290039
2023-09-29,SPX,4288.049805
2023-09-29,USDJPY,149.337006
2023-09-29,USDKRW,1347.849976
2023-09-29,WTI,90.790001
2023-10-02,CNYKRW,188.723539
2023-10-02,DJI,33433.351563
2023-10-02,DXY,106.900002
2023-10-02,EURKRW,1395.180054
2023-10-02,EURUSD,1.056524
2023-10-02,GBPUSD,1.219304
2023-10-02,GOLD_INTL,1830
2023-10-02,IXIC,13307.769531
2023-10-02,JPYKRW100,904.029465
2023-10-02,KTB10Y,4.012
2023-10-02,KTB3Y,3.875
2023-10-02,KTB5Y,3.925
2023-10-02,N225,31759.880859
2023-10-02,SOX,3448.850098
2023-10-02,SPX,4288.390137
2023-10-02,USDJPY,149.539993
2023-10-02,USDKRW,1351.939941
2023-10-02,WTI,88.82
2023-10-03,CNYKRW,188.608464
2023-10-03,DJI,33002.378906
2023-10-03,DXY,107
2023-10-03,EURKRW,1420.790039
2023-10-03,EURUSD,1.048075
2023-10-03,GBPUSD,1.209117
2023-10-03,GOLD_INTL,1824.599976
2023-10-03,HSI,17331.220703
2023-10-03,IXIC,13059.469727
2023-10-03,JPYKRW100,903.654766
2023-10-03,N225,31237.939453
2023-10-03,SOX,3376.580078
2023-10-03,SPX,4229.450195
2023-10-03,USDJPY,149.850998
2023-10-03,USDKRW,1354.189941
2023-10-03,WTI,89.230003
2023-10-04,CALL,3.555
2023-10-04,CD91,3.84
2023-10-04,CNYKRW,188.930117
2023-10-04,CORPAA3Y,4.871
2023-10-04,DJI,33129.550781
2023-10-04,DXY,106.800003
2023-10-04,EURKRW,1425.380005
2023-10-04,EURUSD,1.04723
2023-10-04,GBPUSD,1.207846
2023-10-04,GOLD_INTL,1818.5
2023-10-04,HSI,17195.839844
2023-10-04,IXIC,13236.009766
2023-10-04,JPYKRW100,911.026669
2023-10-04,KOSDAQ,807.400024
2023-10-04,KOSPI,2405.689941
2023-10-04,KTB10Y,4.35
2023-10-04,KTB3Y,4.099
2023-10-04,KTB5Y,4.199
2023-10-04,N225,30526.880859
2023-10-04,SOX,3424.919922
2023-10-04,SPX,4263.75
2023-10-04,USDJPY,149.192001
2023-10-04,USDKRW,1359.219971
2023-10-04,WTI,84.220001
2023-10-05,CALL,3.527
2023-10-05,CD91,3.83
2023-10-05,CNYKRW,187.653291
2023-10-05,CORPAA3Y,4.855
2023-10-05,DJI,33119.570313
2023-10-05,DXY,106.330002
2023-10-05,EURKRW,1408.380005
2023-10-05,EURUSD,1.050707
2023-10-05,GBPUSD,1.21374
2023-10-05,GOLD_INTL,1816.599976
2023-10-05,HSI,17213.869141
2023-10-05,IXIC,13219.830078
2023-10-05,JPYKRW100,907.007504
2023-10-05,KOSDAQ,801.02002
2023-10-05,KOSPI,2403.600098
2023-10-05,KTB10Y,4.327
2023-10-05,KTB3Y,4.079
2023-10-05,KTB5Y,4.182
2023-10-05,N225,31075.359375
2023-10-05,SOX,3406.97998
2023-10-05,SPX,4258.189941
2023-10-05,USDJPY,148.966003
2023-10-05,USDKRW,1351.160034
2023-10-05,WTI,82.309998
2023-10-06,CALL,3.502
2023-10-06,CD91,3.82
2023-10-06,CNYKRW,187.012525
2023-10-06,CORPAA3Y,4.796
2023-10-06,DJI,33407.578125
2023-10-06,DXY,106.040001
2023-10-06,EURKRW,1414.22998
2023-10-06,EURUSD,1.054663
2023-10-06,GBPUSD,1.218769
2023-10-06,GOLD_INTL,1830.199951
2023-10-06,HSI,17485.980469
2023-10-06,IXIC,13431.339844
2023-10-06,JPYKRW100,906.357002
2023-10-06,KOSDAQ,816.390015
2023-10-06,KOSPI,2408.72998
2023-10-06,KTB10Y,4.241
2023-10-06,KTB3Y,4.014
2023-10-06,KTB5Y,4.108
2023-10-06,N225,30994.669922
2023-10-06,SOX,3475.209961
2023-10-06,SPX,4308.5
2023-10-06,USDJPY,148.462997
2023-10-06,USDKRW,1346.060059
2023-10-06,WTI,82.790001
2023-10-09,CNYKRW,184.009315
2023-10-09,DJI,33604.648438
2023-10-09,DXY,106.080002
2023-10-09,EURKRW,1423.310059
2023-10-09,EURUSD,1.056747
2023-10-09,GBPUSD,1.22209
2023-10-09,GOLD_INTL,1849.5
2023-10-09,HSI,17517.400391
2023-10-09,IXIC,13484.240234
2023-10-09,JPYKRW100,900.517178
2023-10-09,SOX,3467.350098
2023-10-09,SPX,4335.660156
2023-10-09,USDJPY,149.160004
2023-10-09,USDKRW,1343.359985
2023-10-09,WTI,86.379997
2023-10-10,CALL,3.471
2023-10-10,CD91,3.82
2023-10-10,CNYKRW,184.748438
2023-10-10,CORPAA3Y,4.777
2023-10-10,DJI,33739.300781
2023-10-10,DXY,105.830002
2023-10-10,EURKRW,1426.609985
2023-10-10,EURUSD,1.057888
2023-10-10,GBPUSD,1.22504
2023-10-10,GOLD_INTL,1861
2023-10-10,HSI,17664.730469
2023-10-10,IXIC,13562.839844
2023-10-10,JPYKRW100,908.02393
2023-10-10,KOSDAQ,795
2023-10-10,KOSPI,2402.580078
2023-10-10,KTB10Y,4.216
2023-10-10,KTB3Y,3.991
2023-10-10,KTB5Y,4.085
2023-10-10,N225,31746.529297
2023-10-10,SOX,3512.070068
2023-10-10,SPX,4358.240234
2023-10-10,USDJPY,148.326996
2023-10-10,USDKRW,1346.890015
2023-10-10,WTI,85.970001
2023-10-11,CALL,3.473
2023-10-11,CD91,3.82
2023-10-11,CNYKRW,183.946539
2023-10-11,CORPAA3Y,4.735
2023-10-11,DJI,33804.871094
2023-10-11,DXY,105.82
2023-10-11,EURKRW,1426.130005
2023-10-11,EURUSD,1.060479
2023-10-11,GBPUSD,1.229136
2023-10-11,GOLD_INTL,1872.800049
2023-10-11,HSI,17893.099609
2023-10-11,IXIC,13659.679688
2023-10-11,JPYKRW100,902.81496
2023-10-11,KOSDAQ,817.119995
2023-10-11,KOSPI,2450.080078
2023-10-11,KTB10Y,4.152
2023-10-11,KTB3Y,3.964
2023-10-11,KTB5Y,4.048
2023-10-11,N225,31936.509766
2023-10-11,SOX,3537.830078
2023-10-11,SPX,4376.950195
2023-10-11,USDJPY,148.628006
2023-10-11,USDKRW,1341.890015
2023-10-11,WTI,83.489998
2023-10-12,CALL,3.512
2023-10-12,CD91,3.82
2023-10-12,CNYKRW,183.355945
2023-10-12,CORPAA3Y,4.719
2023-10-12,DJI,33631.140625
2023-10-12,DXY,106.57
2023-10-12,EURKRW,1421.319946
2023-10-12,EURUSD,1.062428
2023-10-12,GBPUSD,1.231633
2023-10-12,GOLD_INTL,1869.300049
2023-10-12,HSI,18238.210938
2023-10-12,IXIC,13574.219727
2023-10-12,JPYKRW100,896.329117
2023-10-12,KOSDAQ,835.48999
2023-10-12,KOSPI,2479.820068
2023-10-12,KTB10Y,4.093
2023-10-12,KTB3Y,3.932
2023-10-12,KTB5Y,4.004
2023-10-12,N225,32494.660156
2023-10-12,SOX,3548.620117
2023-10-12,SPX,4349.609863
2023-10-12,USDJPY,149.035995
2023-10-12,USDKRW,1338.26001
2023-10-12,WTI,82.910004
2023-10-13,CALL,3.542
2023-10-13,CD91,3.82
2023-10-13,CNYKRW,184.666164
2023-10-13,CORPAA3Y,4.748
2023-10-13,DJI,33670.289063
2023-10-13,DXY,106.650002
2023-10-13,EURKRW,1417.47998
2023-10-13,EURUSD,1.053674
2023-10-13,GBPUSD,1.218324
2023-10-13,GOLD_INTL,1927.400024
2023-10-13,HSI,17813.449219
2023-10-13,IXIC,13407.230469
2023-10-13,JPYKRW100,900.162601
2023-10-13,KOSDAQ,822.780029
2023-10-13,KOSPI,2456.149902
2023-10-13,KTB10Y,4.175
2023-10-13,KTB3Y,3.959
2023-10-13,KTB5Y,4.035
2023-10-13,N225,32315.990234
2023-10-13,SOX,3452.969971
2023-10-13,SPX,4327.779785
2023-10-13,USDJPY,149.789993
2023-10-13,USDKRW,1348.339966
2023-10-13,WTI,87.690002
2023-10-16,CALL,3.518
2023-10-16,CD91,3.82
2023-10-16,CNYKRW,188.623201
2023-10-16,CORPAA3Y,4.769
2023-10-16,DJI,33984.539063
2023-10-16,DXY,106.239998
2023-10-16,EURKRW,1420.48999
2023-10-16,EURUSD,1.052155
2023-10-16,GBPUSD,1.215377
2023-10-16,GOLD_INTL,1921.099976
2023-10-16,HSI,17640.359375
2023-10-16,IXIC,13567.980469
2023-10-16,JPYKRW100,903.923035
2023-10-16,KOSDAQ,810.539978
2023-10-16,KOSPI,2436.23999
2023-10-16,KTB10Y,4.182
2023-10-16,KTB3Y,3.968
2023-10-16,KTB5Y,4.061
2023-10-16,N225,31659.029297
2023-10-16,SOX,3502.51001
2023-10-16,SPX,4373.629883
2023-10-16,USDJPY,149.565994
2023-10-16,USDKRW,1352.069946
2023-10-16,WTI,86.660004
2023-10-17,CALL,3.493
2023-10-17,CD91,3.82
2023-10-17,CNYKRW,184.389753
2023-10-17,CORPAA3Y,4.787
2023-10-17,DJI,33997.648438
2023-10-17,DXY,106.25
2023-10-17,EURKRW,1421.859985
2023-10-17,EURUSD,1.055431
2023-10-17,GBPUSD,1.22115
2023-10-17,GOLD_INTL,1922.699951
2023-10-17,HSI,17773.339844
2023-10-17,IXIC,13533.75
2023-10-17,JPYKRW100,901.029491
2023-10-17,KOSDAQ,820.380005
2023-10-17,KOSPI,2460.169922
2023-10-17,KTB10Y,4.227
2023-10-17,KTB3Y,3.992
2023-10-17,KTB5Y,4.098
2023-10-17,N225,32040.289063
2023-10-17,SOX,3474.659912
2023-10-17,SPX,4373.200195
2023-10-17,USDJPY,149.578003
2023-10-17,USDKRW,1347.76001
2023-10-17,WTI,86.660004
2023-10-18,CALL,3.492
2023-10-18,CD91,3.82
2023-10-18,CNYKRW,185.04452
2023-10-18,CORPAA3Y,4.83
2023-10-18,DJI,33665.078125
2023-10-18,DXY,106.57
2023-10-18,EURKRW,1429.630005
2023-10-18,EURUSD,1.057306
2023-10-18,GBPUSD,1.217878
2023-10-18,GOLD_INTL,1955.300049
2023-10-18,HSI,17732.519531
2023-10-18,IXIC,13314.299805
2023-10-18,JPYKRW100,903.402615
2023-10-18,KOSDAQ,808.890015
2023-10-18,KOSPI,2462.600098
2023-10-18,KTB10Y,4.291
2023-10-18,KTB3Y,4.037
2023-10-18,KTB5Y,4.151
2023-10-18,N225,32042.25
2023-10-18,SOX,3413.449951
2023-10-18,SPX,4314.600098
2023-10-18,USDJPY,149.759003
2023-10-18,USDKRW,1352.98999
2023-10-18,WTI,88.32
2023-10-19,CALL,3.505
2023-10-19,CD91,3.82
2023-10-19,CNYKRW,185.213656
2023-10-19,CORPAA3Y,4.872
2023-10-19,DJI,33414.171875
2023-10-19,DXY,106.25
2023-10-19,EURKRW,1425.51001
2023-10-19,EURUSD,1.053852
2023-10-19,GBPUSD,1.214344
2023-10-19,GOLD_INTL,1968.400024
2023-10-19,HSI,17295.890625
2023-10-19,IXIC,13186.179688
2023-10-19,JPYKRW100,904.355431
2023-10-19,KOSDAQ,784.039978
2023-10-19,KOSPI,2415.800049
2023-10-19,KTB10Y,4.378
2023-10-19,KTB3Y,4.077
2023-10-19,KTB5Y,4.221
2023-10-19,N225,31430.619141
2023-10-19,SOX,3367.77002
2023-10-19,SPX,4278
2023-10-19,USDJPY,149.742004
2023-10-19,USDKRW,1354.560059
2023-10-19,WTI,89.370003
2023-10-20,CALL,3.523
2023-10-20,CD91,3.82
2023-10-20,CNYKRW,185.500322
2023-10-20,CORPAA3Y,4.838
2023-10-20,DJI,33127.28125
2023-10-20,DXY,106.160004
2023-10-20,EURKRW,1436.23999
2023-10-20,EURUSD,1.058649
2023-10-20,GBPUSD,1.213725
2023-10-20,GOLD_INTL,1982.5
2023-10-20,HSI,17172.130859
2023-10-20,IXIC,12983.80957
2023-10-20,JPYKRW100,905.393696
2023-10-20,KOSDAQ,769.25
2023-10-20,KOSPI,2375
2023-10-20,KTB10Y,4.332
2023-10-20,KTB3Y,4.041
2023-10-20,KTB5Y,4.185
2023-10-20,N225,31259.359375
2023-10-20,SOX,3316.139893
2023-10-20,SPX,4224.160156
2023-10-20,USDJPY,149.802002
2023-10-20,USDKRW,1356.22998
2023-10-20,WTI,88.75
2023-10-23,CALL,3.538
2023-10-23,CD91,3.82
2023-10-23,CNYKRW,184.45197
2023-10-23,CORPAA3Y,4.861
2023-10-23,DJI,32936.410156
2023-10-23,DXY,105.540001
2023-10-23,EURKRW,1429.579956
2023-10-23,EURUSD,1.058997
2023-10-23,GBPUSD,1.216397
2023-10-23,GOLD_INTL,1976.300049
2023-10-23,IXIC,13018.330078
2023-10-23,JPYKRW100,900.229168
2023-10-23,KOSDAQ,763.690002
2023-10-23,KOSPI,2357.02002
2023-10-23,KTB10Y,4.366
2023-10-23,KTB3Y,4.054
2023-10-23,KTB5Y,4.221
2023-10-23,N225,30999.550781
2023-10-23,SOX,3298.540039
2023-10-23,SPX,4217.040039
2023-10-23,USDJPY,149.880005
2023-10-23,USDKRW,1349.339966
2023-10-23,WTI,85.489998
2023-10-24,CALL,3.531
2023-10-24,CD91,3.82
2023-10-24,CNYKRW,182.447598
2023-10-24,CORPAA3Y,4.81
2023-10-24,DJI,33141.378906
2023-10-24,DXY,106.269997
2023-10-24,EURKRW,1424.869995
2023-10-24,EURUSD,1.066985
2023-10-24,GBPUSD,1.225025
2023-10-24,GOLD_INTL,1975
2023-10-24,HSI,16991.529297
2023-10-24,IXIC,13139.870117
2023-10-24,JPYKRW100,896.529865
2023-10-24,KOSDAQ,784.859985
2023-10-24,KOSPI,2383.51001
2023-10-24,KTB10Y,4.273
2023-10-24,KTB3Y,4.007
2023-10-24,KTB5Y,4.144
2023-10-24,N225,31062.349609
2023-10-24,SOX,3343.939941
2023-10-24,SPX,4247.680176
2023-10-24,USDJPY,149.768997
2023-10-24,USDKRW,1334.439941
2023-10-24,WTI,83.739998
2023-10-25,CALL,3.561
2023-10-25,CD91,3.82
2023-10-25,CNYKRW,183.833631
2023-10-25,CORPAA3Y,4.844
2023-10-25,DJI,33035.929688
2023-10-25,DXY,106.529999
2023-10-25,EURKRW,1413.420044
2023-10-25,EURUSD,1.059535
2023-10-25,GBPUSD,1.21619
2023-10-25,GOLD_INTL,1984.099976
2023-10-25,HSI,17085.330078
2023-10-25,IXIC,12821.219727
2023-10-25,JPYKRW100,896.608829
2023-10-25,KOSDAQ,770.840027
2023-10-25,KOSPI,2363.169922
2023-10-25,KTB10Y,4.259
2023-10-25,KTB3Y,4.032
2023-10-25,KTB5Y,4.145
2023-10-25,N225,31269.919922
2023-10-25,SOX,3205.840088
2023-10-25,SPX,4186.77002
2023-10-25,USDJPY,149.854004
2023-10-25,USDKRW,1343.640015
2023-10-25,WTI,85.389999
2023-10-26,CALL,3.556
2023-10-26,CD91,3.82
2023-10-26,CNYKRW,184.900972
2023-10-26,CORPAA3Y,4.906
2023-10-26,DJI,32784.300781
2023-10-26,DXY,106.599998
2023-10-26,EURKRW,1427.430054
2023-10-26,EURUSD,1.056725
2023-10-26,GBPUSD,1.210346
2023-10-26,GOLD_INTL,1987.199951
2023-10-26,HSI,17044.609375
2023-10-26,IXIC,12595.610352
2023-10-26,JPYKRW100,901.263905
2023-10-26,KOSDAQ,743.849976
2023-10-26,KOSPI,2299.080078
2023-10-26,KTB10Y,4.387
2023-10-26,KTB3Y,4.098
2023-10-26,KTB5Y,4.232
2023-10-26,N225,30601.779297
2023-10-26,SOX,3188.419922
2023-10-26,SPX,4137.22998
2023-10-26,USDJPY,150.098007
2023-10-26,USDKRW,1352.680054
2023-10-26,WTI,83.209999
2023-10-27,CALL,3.494
2023-10-27,CD91,3.82
2023-10-27,CNYKRW,184.601291
2023-10-27,CORPAA3Y,4.884
2023-10-27,DJI,32417.589844
2023-10-27,DXY,106.559998
2023-10-27,EURKRW,1423.51001
2023-10-27,EURUSD,1.056446
2023-10-27,GBPUSD,1.21371
2023-10-27,GOLD_INTL,1988.599976
2023-10-27,HSI,17398.730469
2023-10-27,IXIC,12643.009766
2023-10-27,JPYKRW100,898.08321
2023-10-27,KOSDAQ,748.48999
2023-10-27,KOSPI,2302.810059
2023-10-27,KTB10Y,4.28
2023-10-27,KTB3Y,4.072
2023-10-27,KTB5Y,4.176
2023-10-27,N225,30991.689453
2023-10-27,SOX,3227.090088
2023-10-27,SPX,4117.370117
2023-10-27,USDJPY,150.365997
2023-10-27,USDKRW,1350.339966
2023-10-27,WTI,85.540001
2023-10-30,CALL,3.515
2023-10-30,CD91,3.82
2023-10-30,CNYKRW,189.310905
2023-10-30,CORPAA3Y,4.905
2023-10-30,DJI,32928.960938
2023-10-30,DXY,106.120003
2023-10-30,EURKRW,1401.136963
2023-10-30,EURUSD,1.056245
2023-10-30,GBPUSD,1.211372
2023-10-30,GOLD_INTL,1996.199951
2023-10-30,HSI,17406.359375
2023-10-30,IXIC,12789.480469
2023-10-30,JPYKRW100,905.103302
2023-10-30,KOSDAQ,757.119995
2023-10-30,KOSPI,2310.550049
2023-10-30,KTB10Y,4.318
2023-10-30,KTB3Y,4.095
2023-10-30,KTB5Y,4.211
2023-10-30,N225,30696.960938
2023-10-30,SOX,3185.179932
2023-10-30,SPX,4166.819824
2023-10-30,USDJPY,149.733002
2023-10-30,USDKRW,1355.219971
2023-10-30,WTI,82.309998
2023-10-31,CALL,3.5
2023-10-31,CD91,3.82
2023-10-31,CNYKRW,184.361532
2023-10-31,CORPAA3Y,4.908
2023-10-31,DJI,33052.871094
2023-10-31,DXY,106.660004
2023-10-31,EURKRW,1430.47998
2023-10-31,EURUSD,1.061504
2023-10-31,GBPUSD,1.216575
2023-10-31,GOLD_INTL,1985.199951
2023-10-31,HSI,17112.480469
2023-10-31,IXIC,12851.240234
2023-10-31,JPYKRW100,904.065418
2023-10-31,KOSDAQ,736.099976
2023-10-31,KOSPI,2277.98999
2023-10-31,KTB10Y,4.325
2023-10-31,KTB3Y,4.086
2023-10-31,KTB5Y,4.202
2023-10-31,N225,30858.849609
2023-10-31,SOX,3215.889893
2023-10-31,SPX,4193.799805
2023-10-31,USDJPY,149.110992
2023-10-31,USDKRW,1348.069946
2023-10-31,WTI,81.019997
2023-11-01,CALL,3.516
2023-11-01,CD91,3.83
2023-11-01,CNYKRW,184.561558
2023-11-01,CORPAA3Y,4.9
2023-11-01,DJI,33274.578125
2023-11-01,DXY,106.879997
2023-11-01,EURKRW,1429.959961
2023-11-01,EURUSD,1.05791
2023-11-01,GBPUSD,1.215214
2023-11-01,GOLD_INTL,1978.800049
2023-11-01,HSI,17101.779297
2023-11-01,IXIC,13061.469727
2023-11-01,JPYKRW100,892.284298
2023-11-01,KOSDAQ,739.22998
2023-11-01,KOSPI,2301.560059
2023-11-01,KTB10Y,4.288
2023-11-01,KTB3Y,4.073
2023-11-01,KTB5Y,4.174
2023-11-01,N225,31601.650391
2023-11-01,SOX,3290.949951
2023-11-01,SPX,4237.859863
2023-11-01,USDJPY,151.294006
2023-11-01,USDKRW,1350.160034
2023-11-01,WTI,80.440002
2023-11-02,CALL,3.49
2023-11-02,CD91,3.83
2023-11-02,CNYKRW,184.234338
2023-11-02,CORPAA3Y,4.811
2023-11-02,DJI,33839.078125
2023-11-02,DXY,106.120003
2023-11-02,EURKRW,1424.219971
2023-11-02,EURUSD,1.058705
2023-11-02,GBPUSD,1.21822
2023-11-02,GOLD_INTL,1985.599976
2023-11-02,HSI,17230.589844
2023-11-02,IXIC,13294.19043
2023-11-02,JPYKRW100,894.764996
2023-11-02,KOSDAQ,772.840027
2023-11-02,KOSPI,2343.120117
2023-11-02,KTB10Y,4.17
2023-11-02,KTB3Y,3.977
2023-11-02,KTB5Y,4.072
2023-11-02,N225,31949.890625
2023-11-02,SOX,3368.540039
2023-11-02,SPX,4317.779785
2023-11-02,USDJPY,150.574997
2023-11-02,USDKRW,1347.839966
2023-11-02,WTI,82.459999
2023-11-03,CALL,3.52
2023-11-03,CD91,3.83
2023-11-03,CNYKRW,182.343705
2023-11-03,CORPAA3Y,4.789
2023-11-03,DJI,34061.320313
2023-11-03,DXY,105.019997
2023-11-03,EURKRW,1415.23999
2023-11-03,EURUSD,1.061909
2023-11-03,GBPUSD,1.219185
2023-11-03,GOLD_INTL,1991.5
2023-11-03,HSI,17664.119141
2023-11-03,IXIC,13478.280273
2023-11-03,JPYKRW100,886.172009
2023-11-03,KOSDAQ,782.049988
2023-11-03,KOSPI,2368.340088
2023-11-03,KTB10Y,4.106
2023-11-03,KTB3Y,3.951
2023-11-03,KTB5Y,4.021
2023-11-03,SOX,3454.570068
2023-11-03,SPX,4358.339844
2023-11-03,USDJPY,150.496994
2023-11-03,USDKRW,1333.680054
2023-11-03,WTI,80.510002
2023-11-06,CALL,3.526
2023-11-06,CD91,3.83
2023-11-06,CNYKRW,179.192979
2023-11-06,CORPAA3Y,4.721
2023-11-06,DJI,34095.859375
2023-11-06,DXY,105.220001
2023-11-06,EURKRW,1403.890015
2023-11-06,EURUSD,1.073215
2023-11-06,GBPUSD,1.237379
2023-11-06,GOLD_INTL,1981.599976
2023-11-06,HSI,17966.589844
2023-11-06,IXIC,13518.780273
2023-11-06,JPYKRW100,875.284767
2023-11-06,KOSDAQ,839.450012
2023-11-06,KOSPI,2502.370117
2023-11-06,KTB10Y,4.059
2023-11-06,KTB3Y,3.878
2023-11-06,KTB5Y,3.953
2023-11-06,N225,32708.480469
2023-11-06,SOX,3444.889893
2023-11-06,SPX,4365.97998
2023-11-06,USDJPY,149.449005
2023-11-06,USDKRW,1307.839966
2023-11-06,WTI,80.82
2023-11-07,CALL,3.463
2023-11-07,CD91,3.83
2023-11-07,CNYKRW,178.453896
2023-11-07,CORPAA3Y,4.731
2023-11-07,DJI,34152.601563
2023-11-07,DXY,105.540001
2023-11-07,EURKRW,1390.930054
2023-11-07,EURUSD,1.072156
2023-11-07,GBPUSD,1.234553
2023-11-07,GOLD_INTL,1966.800049
2023-11-07,HSI,17670.160156
2023-11-07,IXIC,13639.860352
2023-11-07,JPYKRW100,864.794827
2023-11-07,KOSDAQ,824.369995
2023-11-07,KOSPI,2443.959961
2023-11-07,KTB10Y,4.056
2023-11-07,KTB3Y,3.889
2023-11-07,KTB5Y,3.962
2023-11-07,N225,32271.820313
2023-11-07,SOX,3471.459961
2023-11-07,SPX,4378.379883
2023-11-07,USDJPY,149.988998
2023-11-07,USDKRW,1297.109985
2023-11-07,WTI,77.370003
2023-11-08,CALL,3.484
2023-11-08,CD91,3.83
2023-11-08,CNYKRW,179.243215
2023-11-08,CORPAA3Y,4.715
2023-11-08,DJI,34112.269531
2023-11-08,DXY,105.589996
2023-11-08,EURKRW,1395.109985
2023-11-08,EURUSD,1.06961
2023-11-08,GBPUSD,1.229181
2023-11-08,GOLD_INTL,1951.5
2023-11-08,HSI,17568.460938
2023-11-08,IXIC,13650.410156
2023-11-08,JPYKRW100,867.398453
2023-11-08,KOSDAQ,811.02002
2023-11-08,KOSPI,2421.620117
2023-11-08,KTB10Y,4.012
2023-11-08,KTB3Y,3.866
2023-11-08,KTB5Y,3.928
2023-11-08,N225,32166.480469
2023-11-08,SOX,3472.669922
2023-11-08,SPX,4382.779785
2023-11-08,USDJPY,150.395996
2023-11-08,USDKRW,1304.550049
2023-11-08,WTI,75.330002
2023-11-09,CALL,3.563
2023-11-09,CD91,3.83
2023-11-09,CNYKRW,179.704087
2023-11-09,CORPAA3Y,4.695
2023-11-09,DJI,33891.941406
2023-11-09,DXY,105.910004
2023-11-09,EURKRW,1400.22998
2023-11-09,EURUSD,1.071042
2023-11-09,GBPUSD,1.228501
2023-11-09,GOLD_INTL,1964.199951
2023-11-09,HSI,17511.289063
2023-11-09,IXIC,13521.450195
2023-11-09,JPYKRW100,867.056942
2023-11-09,KOSDAQ,802.869995
2023-11-09,KOSPI,2427.080078
2023-11-09,KTB10Y,3.953
2023-11-09,KTB3Y,3.856
2023-11-09,KTB5Y,3.894
2023-11-09,N225,32646.460938
2023-11-09,SOX,3452.340088
2023-11-09,SPX,4347.350098
2023-11-09,USDJPY,150.863998
2023-11-09,USDKRW,1308.119995
2023-11-09,WTI,75.739998
2023-11-10,CALL,3.593
2023-11-10,CD91,3.83
2023-11-10,CNYKRW,180.602276
2023-11-10,CORPAA3Y,4.711
2023-11-10,DJI,34283.101563
2023-11-10,DXY,105.860001
2023-11-10,EURKRW,1403.540039
2023-11-10,EURUSD,1.066758
2023-11-10,GBPUSD,1.221702
2023-11-10,GOLD_INTL,1932.599976
2023-11-10,HSI,17203.259766
2023-11-10,IXIC,13798.110352
2023-11-10,JPYKRW100,869.582176
2023-11-10,KOSDAQ,789.309998
2023-11-10,KOSPI,2409.659912
2023-11-10,KTB10Y,3.971
2023-11-10,KTB3Y,3.863
2023-11-10,KTB5Y,3.911
2023-11-10,N225,32568.109375
2023-11-10,SOX,3591.73999
2023-11-10,SPX,4415.240234
2023-11-10,USDJPY,151.348999
2023-11-10,USDKRW,1315.199951
2023-11-10,WTI,77.169998
2023-11-13,CALL,3.575
2023-11-13,CD91,3.83
2023-11-13,CNYKRW,183.745024
2023-11-13,CORPAA3Y,4.727
2023-11-13,DJI,34337.871094
2023-11-13,DXY,105.660004
2023-11-13,EURKRW,1376.970947
2023-11-13,EURUSD,1.069016
2023-11-13,GBPUSD,1.222823
2023-11-13,GOLD_INTL,1945.5
2023-11-13,HSI,17426.210938
2023-11-13,IXIC,13767.740234
2023-11-13,JPYKRW100,869.607067
2023-11-13,KOSDAQ,774.419983
2023-11-13,KOSPI,2403.76001
2023-11-13,KTB10Y,4.001
2023-11-13,KTB3Y,3.876
2023-11-13,KTB5Y,3.925
2023-11-13,N225,32585.109375
2023-11-13,SOX,3556.75
2023-11-13,SPX,4411.549805
2023-11-13,USDJPY,151.468994
2023-11-13,USDKRW,1319.619995
2023-11-13,WTI,78.260002
2023-11-14,CALL,3.579
2023-11-14,CD91,3.83
2023-11-14,CNYKRW,180.967203
2023-11-14,CORPAA3Y,4.704
2023-11-14,DJI,34827.699219
2023-11-14,DXY,104.110001
2023-11-14,EURKRW,1414.219971
2023-11-14,EURUSD,1.070183
2023-11-14,GBPUSD,1.228064
2023-11-14,GOLD_INTL,1961.800049
2023-11-14,HSI,17396.859375
2023-11-14,IXIC,14094.379883
2023-11-14,JPYKRW100,869.80629
2023-11-14,KOSDAQ,794.190002
2023-11-14,KOSPI,2433.25
2023-11-14,KTB10Y,3.984
2023-11-14,KTB3Y,3.859
2023-11-14,KTB5Y,3.913
2023-11-14,N225,32695.929688
2023-11-14,SOX,3685.570068
2023-11-14,SPX,4495.700195
2023-11-14,USDJPY,151.645996
2023-11-14,USDKRW,1319.069946
2023-11-14,WTI,78.260002
2023-11-15,CALL,3.57
2023-11-15,CD91,3.83
2023-11-15,CNYKRW,179.843079
2023-11-15,CORPAA3Y,4.591
2023-11-15,DJI,34991.210938
2023-11-15,DXY,104.389999
2023-11-15,EURKRW,1421.530029
2023-11-15,EURUSD,1.087831
2023-11-15,GBPUSD,1.249453
2023-11-15,GOLD_INTL,1960.099976
2023-11-15,HSI,18079
2023-11-15,IXIC,14103.839844
2023-11-15,JPYKRW100,866.702557
2023-11-15,KOSDAQ,809.359985
2023-11-15,KOSPI,2486.669922
2023-11-15,KTB10Y,3.813
2023-11-15,KTB3Y,3.739
2023-11-15,KTB5Y,3.756
2023-11-15,N225,33519.699219
2023-11-15,SOX,3712.090088
2023-11-15,SPX,4502.879883
2023-11-15,USDJPY,150.485001
2023-11-15,USDKRW,1304.23999
2023-11-15,WTI,76.660004
2023-11-16,CALL,3.585
2023-11-16,CD91,3.83
2023-11-16,CNYKRW,179.670979
2023-11-16,CORPAA3Y,4.541
2023-11-16,DJI,34945.46875
2023-11-16,DXY,104.370003
2023-11-16,EURKRW,1413.939941
2023-11-16,EURUSD,1.085458
2023-11-16,GBPUSD,1.242236
2023-11-16,GOLD_INTL,1983.900024
2023-11-16,HSI,17832.820313
2023-11-16,IXIC,14113.669922
2023-11-16,JPYKRW100,860.961628
2023-11-16,KOSDAQ,811.109985
2023-11-16,KOSPI,2488.179932
2023-11-16,KTB10Y,3.809
2023-11-16,KTB3Y,3.705
2023-11-16,KTB5Y,3.73
2023-11-16,N225,33424.410156
2023-11-16,SOX,3724.100098
2023-11-16,SPX,4508.240234
2023-11-16,USDJPY,151.214996
2023-11-16,USDKRW,1301.859985
2023-11-16,WTI,72.900002
2023-11-17,CALL,3.601
2023-11-17,CD91,3.83
2023-11-17,CNYKRW,178.490529
2023-11-17,CORPAA3Y,4.504
2023-11-17,DJI,34947.28125
2023-11-17,DXY,103.82
2023-11-17,EURKRW,1402.890015
2023-11-17,EURUSD,1.085376
2023-11-17,GBPUSD,1.241496
2023-11-17,GOLD_INTL,1981.599976
2023-11-17,HSI,17454.189453
2023-11-17,IXIC,14125.480469
2023-11-17,JPYKRW100,857.585526
2023-11-17,KOSDAQ,799.059998
2023-11-17,KOSPI,2469.850098
2023-11-17,KTB10Y,3.789
2023-11-17,KTB3Y,3.683
2023-11-17,KTB5Y,3.719
2023-11-17,N225,33585.199219
2023-11-17,SOX,3748.649902
2023-11-17,SPX,4514.02002
2023-11-17,USDJPY,150.705002
2023-11-17,USDKRW,1292.449951
2023-11-17,WTI,75.889999
2023-11-20,CALL,3.597
2023-11-20,CD91,3.83
2023-11-20,CNYKRW,179.549771
2023-11-20,CORPAA3Y,4.469
2023-11-20,DJI,35151.039063
2023-11-20,DXY,103.470001
2023-11-20,EURKRW,1379.025024
2023-11-20,EURUSD,1.090703
2023-11-20,GBPUSD,1.245454
2023-11-20,GOLD_INTL,1977.699951
2023-11-20,HSI,17778.070313
2023-11-20,IXIC,14284.530273
2023-11-20,JPYKRW100,864.0728
2023-11-20,KOSDAQ,813.080017
2023-11-20,KOSPI,2491.199951
2023-11-20,KTB10Y,3.759
2023-11-20,KTB3Y,3.67
2023-11-20,KTB5Y,3.706
2023-11-20,N225,33388.03125
2023-11-20,SOX,3805.810059
2023-11-20,SPX,4547.379883
2023-11-20,USDJPY,149.942001
2023-11-20,USDKRW,1294.5
2023-11-20,WTI,77.599998
2023-11-21,CALL,3.585
2023-11-21,CD91,3.83
2023-11-21,CNYKRW,179.720966
2023-11-21,CORPAA3Y,4.436
2023-11-21,DJI,35088.289063
2023-11-21,DXY,103.589996
2023-11-21,EURKRW,1408.219971
2023-11-21,EURUSD,1.094595
2023-11-21,GBPUSD,1.250907
2023-11-21,GOLD_INTL,1999.300049
2023-11-21,HSI,17733.890625
2023-11-21,IXIC,14199.980469
2023-11-21,JPYKRW100,868.253803
2023-11-21,KOSDAQ,817.01001
2023-11-21,KOSPI,2510.419922
2023-11-21,KTB10Y,3.728
2023-11-21,KTB3Y,3.645
2023-11-21,KTB5Y,3.677
2023-11-21,N225,33354.140625
2023-11-21,SOX,3732.790039
2023-11-21,SPX,4538.189941
2023-11-21,USDJPY,148.362
2023-11-21,USDKRW,1288.150024
2023-11-21,WTI,77.769997
2023-11-22,CALL,3.62
2023-11-22,CD91,3.83
2023-11-22,CNYKRW,182.758314
2023-11-22,CORPAA3Y,4.45
2023-11-22,DJI,35273.03125
2023-11-22,DXY,103.919998
2023-11-22,EURKRW,1412.219971
2023-11-22,EURUSD,1.091822
2023-11-22,GBPUSD,1.254422
2023-11-22,GOLD_INTL,1991.400024
2023-11-22,HSI,17734.599609
2023-11-22,IXIC,14265.860352
2023-11-22,JPYKRW100,874.242306
2023-11-22,KOSDAQ,814.609985
2023-11-22,KOSPI,2511.699951
2023-11-22,KTB10Y,3.762
2023-11-22,KTB3Y,3.668
2023-11-22,KTB5Y,3.705
2023-11-22,N225,33451.828125
2023-11-22,SOX,3744.959961
2023-11-22,SPX,4556.620117
2023-11-22,USDJPY,148.151993
2023-11-22,USDKRW,1295.189941
2023-11-22,WTI,77.099998
2023-11-23,CALL,3.598
2023-11-23,CD91,3.84
2023-11-23,CNYKRW,181.542314
2023-11-23,CORPAA3Y,4.418
2023-11-23,EURKRW,1411.319946
2023-11-23,EURUSD,1.089087
2023-11-23,GBPUSD,1.249001
2023-11-23,HSI,17910.839844
2023-11-23,JPYKRW100,867.119408
2023-11-23,KOSDAQ,815.97998
2023-11-23,KOSPI,2514.959961
2023-11-23,KTB10Y,3.712
2023-11-23,KTB3Y,3.645
2023-11-23,KTB5Y,3.678
2023-11-23,USDJPY,149.460007
2023-11-23,USDKRW,1298.790039
2023-11-24,CALL,3.606
2023-11-24,CD91,3.84
2023-11-24,CNYKRW,183.490929
2023-11-24,CORPAA3Y,4.443
2023-11-24,DJI,35390.148438
2023-11-24,DXY,103.400002
2023-11-24,EURKRW,1415.130005
2023-11-24,EURUSD,1.090631
2023-11-24,GBPUSD,1.253353
2023-11-24,GOLD_INTL,2002.199951
2023-11-24,HSI,17559.419922
2023-11-24,IXIC,14250.849609
2023-11-24,JPYKRW100,868.889427
2023-11-24,KOSDAQ,815
2023-11-24,KOSPI,2496.629883
2023-11-24,KTB10Y,3.779
2023-11-24,KTB3Y,3.678
2023-11-24,KTB5Y,3.722
2023-11-24,N225,33625.53125
2023-11-24,SOX,3747.929932
2023-11-24,SPX,4559.339844
2023-11-24,USDJPY,149.634995
2023-11-24,USDKRW,1300.180054
2023-11-24,WTI,75.540001
2023-11-27,CALL,3.604
2023-11-27,CD91,3.84
2023-11-27,CNYKRW,182.124856
2023-11-27,CORPAA3Y,4.448
2023-11-27,DJI,35333.46875
2023-11-27,DXY,103.199997
2023-11-27,EURKRW,1425.75
2023-11-27,EURUSD,1.094044
2023-11-27,GBPUSD,1.260033
2023-11-27,GOLD_INTL,2011.800049
2023-11-27,HSI,17525.060547
2023-11-27,IXIC,14241.019531
2023-11-27,JPYKRW100,862.283039
2023-11-27,KOSDAQ,810.25
2023-11-27,KOSPI,2495.659912
2023-11-27,KTB10Y,3.768
2023-11-27,KTB3Y,3.689
2023-11-27,KTB5Y,3.723
2023-11-27,N225,33447.671875
2023-11-27,SOX,3739.310059
2023-11-27,SPX,4550.430176
2023-11-27,USDJPY,149.570999
2023-11-27,USDKRW,1289.790039
2023-11-27,WTI,74.860001
2023-11-28,CALL,3.581
2023-11-28,CD91,3.84
2023-11-28,CNYKRW,182.675346
2023-11-28,CORPAA3Y,4.397
2023-11-28,DJI,35416.980469
2023-11-28,DXY,102.75
2023-11-28,EURKRW,1428
2023-11-28,EURUSD,1.095842
2023-11-28,GBPUSD,1.26344
2023-11-28,GOLD_INTL,2039.699951
2023-11-28,HSI,17354.140625
2023-11-28,IXIC,14281.759766
2023-11-28,JPYKRW100,877.461433
2023-11-28,KOSDAQ,816.440002
2023-11-28,KOSPI,2521.76001
2023-11-28,KTB10Y,3.721
2023-11-28,KTB3Y,3.647
2023-11-28,KTB5Y,3.67
2023-11-28,N225,33408.390625
2023-11-28,SOX,3718.350098
2023-11-28,SPX,4554.890137
2023-11-28,USDJPY,148.451996
2023-11-28,USDKRW,1302.530029
2023-11-28,WTI,76.410004
2023-11-29,CALL,3.595
2023-11-29,CD91,3.84
2023-11-29,CNYKRW,182.27159
2023-11-29,CORPAA3Y,4.297
2023-11-29,DJI,35430.421875
2023-11-29,DXY,102.769997
2023-11-29,EURKRW,1416.359985
2023-11-29,EURUSD,1.100594
2023-11-29,GBPUSD,1.27123
2023-11-29,GOLD_INTL,2047.099976
2023-11-29,HSI,16993.439453
2023-11-29,IXIC,14258.490234
2023-11-29,JPYKRW100,875.572872
2023-11-29,KOSDAQ,822.440002
2023-11-29,KOSPI,2519.810059
2023-11-29,KTB10Y,3.641
2023-11-29,KTB3Y,3.554
2023-11-29,KTB5Y,3.578
2023-11-29,N225,33321.21875
2023-11-29,SOX,3753.360107
2023-11-29,SPX,4550.580078
2023-11-29,USDJPY,147.063004
2023-11-29,USDKRW,1287.530029
2023-11-29,WTI,77.860001
2023-11-30,CALL,3.67
2023-11-30,CD91,3.84
2023-11-30,CNYKRW,182.00003
2023-11-30,CORPAA3Y,4.319
2023-11-30,DJI,35950.890625
2023-11-30,DXY,103.5
2023-11-30,EURKRW,1416.040039
2023-11-30,EURUSD,1.09737
2023-11-30,GBPUSD,1.26964
2023-11-30,GOLD_INTL,2038.099976
2023-11-30,HSI,17042.880859
2023-11-30,IXIC,14226.219727
2023-11-30,JPYKRW100,876.346016
2023-11-30,KOSDAQ,831.679993
2023-11-30,KOSPI,2535.290039
2023-11-30,KTB10Y,3.701
2023-11-30,KTB3Y,3.586
2023-11-30,KTB5Y,3.622
2023-11-30,N225,33486.890625
2023-11-30,SOX,3724.580078
2023-11-30,SPX,4567.799805
2023-11-30,USDJPY,147.039001
2023-11-30,USDKRW,1288.359985
2023-11-30,WTI,75.959999
2023-12-01,CALL,3.552
2023-12-01,CD91,3.84
2023-12-01,CNYKRW,183.263145
2023-12-01,CORPAA3Y,4.309
2023-12-01,DJI,36245.5
2023-12-01,DXY,103.269997
2023-12-01,EURKRW,1415.209961
2023-12-01,EURUSD,1.089206
2023-12-01,GBPUSD,1.263169
2023-12-01,GOLD_INTL,2071
2023-12-01,HSI,16830.300781
2023-12-01,IXIC,14305.030273
2023-12-01,JPYKRW100,876.109791
2023-12-01,KOSDAQ,827.23999
2023-12-01,KOSPI,2505.01001
2023-12-01,KTB10Y,3.689
2023-12-01,KTB3Y,3.577
2023-12-01,KTB5Y,3.611
2023-12-01,N225,33431.511719
2023-12-01,SOX,3738.27002
2023-12-01,SPX,4594.629883
2023-12-01,USDJPY,147.998993
2023-12-01,USDKRW,1296.660034
2023-12-01,WTI,74.07
2023-12-04,CALL,3.556
2023-12-04,CD91,3.84
2023-12-04,CNYKRW,183.974332
2023-12-04,CORPAA3Y,4.252
2023-12-04,DJI,36204.441406
2023-12-04,DXY,103.639999
2023-12-04,EURKRW,1391.920044
2023-12-04,EURUSD,1.088815
2023-12-04,GBPUSD,1.27131
2023-12-04,GOLD_INTL,2024.099976
2023-12-04,HSI,16646.050781
2023-12-04,IXIC,14185.490234
2023-12-04,JPYKRW100,883.769131
2023-12-04,KOSDAQ,828.52002
2023-12-04,KOSPI,2514.949951
2023-12-04,KTB10Y,3.621
2023-12-04,KTB3Y,3.529
2023-12-04,KTB5Y,3.559
2023-12-04,N225,33231.269531
2023-12-04,SOX,3693.439941
2023-12-04,SPX,4569.779785
2023-12-04,USDJPY,146.393005
2023-12-04,USDKRW,1299.189941
2023-12-04,WTI,73.040001
2023-12-05,CALL,3.549
2023-12-05,CD91,3.84
2023-12-05,CNYKRW,183.288491
2023-12-05,CORPAA3Y,4.197
2023-12-05,DJI,36124.558594
2023-12-05,DXY,104.050003
2023-12-05,EURKRW,1416.890015
2023-12-05,EURUSD,1.083776
2023-12-05,GBPUSD,1.263408
2023-12-05,GOLD_INTL,2018.5
2023-12-05,HSI,16327.860352
2023-12-05,IXIC,14229.910156
2023-12-05,JPYKRW100,888.882065
2023-12-05,KOSDAQ,813.380005
2023-12-05,KOSPI,2494.280029
2023-12-05,KTB10Y,3.587
2023-12-05,KTB3Y,3.486
2023-12-05,KTB5Y,3.523
2023-12-05,N225,32775.820313
2023-12-05,SOX,3672.399902
2023-12-05,SPX,4567.180176
2023-12-05,USDJPY,147.326996
2023-12-05,USDKRW,1307.800049
2023-12-05,WTI,72.32
2023-12-06,CALL,3.516
2023-12-06,CD91,3.84
2023-12-06,CNYKRW,183.801224
2023-12-06,CORPAA3Y,4.17
2023-12-06,DJI,36054.429688
2023-12-06,DXY,104.150002
2023-12-06,EURKRW,1416.599976
2023-12-06,EURUSD,1.079366
2023-12-06,GBPUSD,1.259446
2023-12-06,GOLD_INTL,2030.5
2023-12-06,HSI,16463.259766
2023-12-06,IXIC,14146.709961
2023-12-06,JPYKRW100,892.386627
2023-12-06,KOSDAQ,819.539978
2023-12-06,KOSPI,2495.379883
2023-12-06,KTB10Y,3.524
2023-12-06,KTB3Y,3.455
2023-12-06,KTB5Y,3.476
2023-12-06,N225,33445.898438
2023-12-06,SOX,3645.820068
2023-12-06,SPX,4549.339844
2023-12-06,USDJPY,147.184998
2023-12-06,USDKRW,1313.369995
2023-12-06,WTI,69.379997
2023-12-07,CALL,3.618
2023-12-07,CD91,3.84
2023-12-07,CNYKRW,183.875932
2023-12-07,CORPAA3Y,4.211
2023-12-07,DJI,36117.378906
2023-12-07,DXY,103.540001
2023-12-07,EURKRW,1420.390015
2023-12-07,EURUSD,1.07667
2023-12-07,GBPUSD,1.255871
2023-12-07,GOLD_INTL,2029.900024
2023-12-07,HSI,16345.889648
2023-12-07,IXIC,14339.990234
2023-12-07,JPYKRW100,892.739677
2023-12-07,KOSDAQ,813.200012
2023-12-07,KOSPI,2492.070068
2023-12-07,KTB10Y,3.578
2023-12-07,KTB3Y,3.513
2023-12-07,KTB5Y,3.522
2023-12-07,N225,32858.308594
2023-12-07,SOX,3747.540039
2023-12-07,SPX,4585.589844
2023-12-07,USDJPY,147.184006
2023-12-07,USDKRW,1313.719971
2023-12-07,WTI,69.339996
2023-12-08,CALL,3.683
2023-12-08,CD91,3.84
2023-12-08,CNYKRW,183.633621
2023-12-08,CORPAA3Y,4.167
2023-12-08,DJI,36247.871094
2023-12-08,DXY,104.010002
2023-12-08,EURKRW,1416.380005
2023-12-08,EURUSD,1.079214
2023-12-08,GBPUSD,1.258954
2023-12-08,GOLD_INTL,1998.300049
2023-12-08,HSI,16334.370117
2023-12-08,IXIC,14403.969727
2023-12-08,JPYKRW100,909.866524
2023-12-08,KOSDAQ,830.369995
2023-12-08,KOSPI,2517.850098
2023-12-08,KTB10Y,3.561
2023-12-08,KTB3Y,3.478
2023-12-08,KTB5Y,3.488
2023-12-08,N225,32307.859375
2023-12-08,SOX,3774.169922
2023-12-08,SPX,4604.370117
2023-12-08,USDJPY,144.278
2023-12-08,USDKRW,1312.76001
2023-12-08,WTI,71.230003
2023-12-11,CALL,3.712
2023-12-11,CD91,3.84
2023-12-11,CNYKRW,184.731857
2023-12-11,CORPAA3Y,4.196
2023-12-11,DJI,36404.929688
2023-12-11,DXY,104.099998
2023-12-11,EURKRW,1381.069946
2023-12-11,EURUSD,1.076577
2023-12-11,GBPUSD,1.255477
2023-12-11,GOLD_INTL,1978
2023-12-11,HSI,16201.490234
2023-12-11,IXIC,14432.490234
2023-12-11,JPYKRW100,908.031845
2023-12-11,KOSDAQ,835.25
2023-12-11,KOSPI,2525.360107
2023-12-11,KTB10Y,3.566
2023-12-11,KTB3Y,3.478
2023-12-11,KTB5Y,3.521
2023-12-11,N225,32791.800781
2023-12-11,SOX,3902.389893
2023-12-11,SPX,4622.439941
2023-12-11,USDJPY,144.983002
2023-12-11,USDKRW,1316.51001
2023-12-11,WTI,71.32
2023-12-12,CALL,3.68
2023-12-12,CD91,3.84
2023-12-12,CNYKRW,183.10334
2023-12-12,CORPAA3Y,4.171
2023-12-12,DJI,36577.941406
2023-12-12,DXY,103.870003
2023-12-12,EURKRW,1416.069946
2023-12-12,EURUSD,1.076658
2023-12-12,GBPUSD,1.255461
2023-12-12,GOLD_INTL,1977.800049
2023-12-12,HSI,16374.5
2023-12-12,IXIC,14533.400391
2023-12-12,JPYKRW100,899.210072
2023-12-12,KOSDAQ,839.530029
2023-12-12,KOSPI,2535.27002
2023-12-12,KTB10Y,3.526
2023-12-12,KTB3Y,3.446
2023-12-12,KTB5Y,3.491
2023-12-12,N225,32843.699219
2023-12-12,SOX,3930.179932
2023-12-12,SPX,4643.700195
2023-12-12,USDJPY,146.085007
2023-12-12,USDKRW,1313.619995
2023-12-12,WTI,68.610001
2023-12-13,CALL,3.655
2023-12-13,CD91,3.84
2023-12-13,CNYKRW,182.572463
2023-12-13,CORPAA3Y,4.186
2023-12-13,DJI,37090.238281
2023-12-13,DXY,102.870003
2023-12-13,EURKRW,1414.329956
2023-12-13,EURUSD,1.079867
2023-12-13,GBPUSD,1.257071
2023-12-13,GOLD_INTL,1982.300049
2023-12-13,HSI,16228.75
2023-12-13,IXIC,14733.959961
2023-12-13,JPYKRW100,901.778603
2023-12-13,KOSDAQ,829.309998
2023-12-13,KOSPI,2510.659912
2023-12-13,KTB10Y,3.524
2023-12-13,KTB3Y,3.465
2023-12-13,KTB5Y,3.501
2023-12-13,N225,32926.351563
2023-12-13,SOX,3990.949951
2023-12-13,SPX,4707.089844
2023-12-13,USDJPY,145.279999
2023-12-13,USDKRW,1310.140015
2023-12-13,WTI,69.470001
2023-12-14,CALL,3.674
2023-12-14,CD91,3.83
2023-12-14,CNYKRW,180.15394
2023-12-14,CORPAA3Y,3.98
2023-12-14,DJI,37248.351563
2023-12-14,DXY,101.959999
2023-12-14,EURKRW,1408.98999
2023-12-14,EURUSD,1.088613
2023-12-14,GBPUSD,1.262292
2023-12-14,GOLD_INTL,2030.199951
2023-12-14,HSI,16402.189453
2023-12-14,IXIC,14761.55957
2023-12-14,JPYKRW100,904.867077
2023-12-14,KOSDAQ,840.590027
2023-12-14,KOSPI,2544.179932
2023-12-14,KTB10Y,3.342
2023-12-14,KTB3Y,3.256
2023-12-14,KTB5Y,3.301
2023-12-14,N225,32686.25
2023-12-14,SOX,4097.470215
2023-12-14,SPX,4719.549805
2023-12-14,USDJPY,142.772995
2023-12-14,USDKRW,1292.01001
2023-12-14,WTI,71.580002
2023-12-15,CALL,3.649
2023-12-15,CD91,3.83
2023-12-15,CNYKRW,182.810253
2023-12-15,CORPAA3Y,4.01
2023-12-15,DJI,37305.160156
2023-12-15,DXY,102.550003
2023-12-15,EURKRW,1420.969971
2023-12-15,EURUSD,1.09936
2023-12-15,GBPUSD,1.277139
2023-12-15,GOLD_INTL,2021.099976
2023-12-15,HSI,16792.189453
2023-12-15,IXIC,14813.919922
2023-12-15,JPYKRW100,908.034706
2023-12-15,KOSDAQ,838.309998
2023-12-15,KOSPI,2563.560059
2023-12-15,KTB10Y,3.362
2023-12-15,KTB3Y,3.284
2023-12-15,KTB5Y,3.312
2023-12-15,N225,32970.550781
2023-12-15,SOX,4117
2023-12-15,SPX,4719.189941
2023-12-15,USDJPY,142.279007
2023-12-15,USDKRW,1291.920044
2023-12-15,WTI,71.43
2023-12-18,CALL,3.69
2023-12-18,CD91,3.83
2023-12-18,CNYKRW,180.534614
2023-12-18,CORPAA3Y,4.005
2023-12-18,DJI,37306.019531
2023-12-18,DXY,102.510002
2023-12-18,EURKRW,1388.125
2023-12-18,EURUSD,1.089526
2023-12-18,GBPUSD,1.267234
2023-12-18,GOLD_INTL,2026.300049
2023-12-18,HSI,16629.230469
2023-12-18,IXIC,14904.80957
2023-12-18,JPYKRW100,896.872997
2023-12-18,KOSDAQ,850.960022
2023-12-18,KOSPI,2566.860107
2023-12-18,KTB10Y,3.332
2023-12-18,KTB3Y,3.275
2023-12-18,KTB5Y,3.298
2023-12-18,N225,32758.980469
2023-12-18,SOX,4103.790039
2023-12-18,SPX,4740.560059
2023-12-18,USDJPY,142.313004
2023-12-18,USDKRW,1276.469971
2023-12-18,WTI,72.470001
2023-12-19,CALL,3.719
2023-12-19,CD91,3.83
2023-12-19,CNYKRW,182.687894
2023-12-19,CORPAA3Y,4.022
2023-12-19,DJI,37557.921875
2023-12-19,DXY,102.169998
2023-12-19,EURKRW,1428.02002
2023-12-19,EURUSD,1.092383
2023-12-19,GBPUSD,1.265182
2023-12-19,GOLD_INTL,2038.400024
2023-12-19,HSI,16505
2023-12-19,IXIC,15003.219727
2023-12-19,JPYKRW100,912.853909
2023-12-19,KOSDAQ,858.299988
2023-12-19,KOSPI,2568.550049
2023-12-19,KTB10Y,3.322
2023-12-19,KTB3Y,3.294
2023-12-19,KTB5Y,3.302
2023-12-19,N225,33219.390625
2023-12-19,SOX,4125.560059
2023-12-19,SPX,4768.370117
2023-12-19,USDJPY,142.722
2023-12-19,USDKRW,1302.930054
2023-12-19,WTI,73.440002
2023-12-20,CALL,3.686
2023-12-20,CD91,3.83
2023-12-20,CNYKRW,183.621038
2023-12-20,CORPAA3Y,3.975
2023-12-20,DJI,37082
2023-12-20,DXY,102.410004
2023-12-20,EURKRW,1427.890015
2023-12-20,EURUSD,1.098105
2023-12-20,GBPUSD,1.273269
2023-12-20,GOLD_INTL,2034.5
2023-12-20,HSI,16613.810547
2023-12-20,IXIC,14777.94043
2023-12-20,JPYKRW100,901.917458
2023-12-20,KOSDAQ,862.97998
2023-12-20,KOSPI,2614.300049
2023-12-20,KTB10Y,3.277
2023-12-20,KTB3Y,3.237
2023-12-20,KTB5Y,3.251
2023-12-20,N225,33675.941406
2023-12-20,SOX,4007.659912
2023-12-20,SPX,4698.350098
2023-12-20,USDJPY,143.889008
2023-12-20,USDKRW,1297.76001
2023-12-20,WTI,74.220001
2023-12-21,CALL,3.629
2023-12-21,CD91,3.83
2023-12-21,CNYKRW,181.800085
2023-12-21,CORPAA3Y,3.975
2023-12-21,DJI,37404.351563
2023-12-21,DXY,101.839996
2023-12-21,EURKRW,1426.079956
2023-12-21,EURUSD,1.094571
2023-12-21,GBPUSD,1.264127
2023-12-21,GOLD_INTL,2039.099976
2023-12-21,HSI,16621.130859
2023-12-21,IXIC,14963.870117
2023-12-21,JPYKRW100,903.790474
2023-12-21,KOSDAQ,859.440002
2023-12-21,KOSPI,2600.02002
2023-12-21,KTB10Y,3.302
2023-12-21,KTB3Y,3.237
2023-12-21,KTB5Y,3.257
2023-12-21,N225,33140.46875
2023-12-21,SOX,4118.589844
2023-12-21,SPX,4746.75
2023-12-21,USDJPY,143.522995
2023-12-21,USDKRW,1296.97998
2023-12-21,WTI,73.889999
2023-12-22,CALL,3.638
2023-12-22,CD91,3.83
2023-12-22,CNYKRW,180.949768
2023-12-22,CORPAA3Y,3.972
2023-12-22,DJI,37385.96875
2023-12-22,DXY,101.699997
2023-12-22,EURKRW,1429.5
2023-12-22,EURUSD,1.100619
2023-12-22,GBPUSD,1.268499
2023-12-22,GOLD_INTL,2057.100098
2023-12-22,HSI,16340.410156
2023-12-22,IXIC,14992.969727
2023-12-22,JPYKRW100,910.109711
2023-12-22,KOSDAQ,854.619995
2023-12-22,KOSPI,2599.51001
2023-12-22,KTB10Y,3.308
2023-12-22,KTB3Y,3.235
2023-12-22,KTB5Y,3.263
2023-12-22,N225,33169.050781
2023-12-22,SOX,4132.850098
2023-12-22,SPX,4754.629883
2023-12-22,USDJPY,142.070007
2023-12-22,USDKRW,1291.709961
2023-12-22,WTI,73.559998
2023-12-25,CNYKRW,183.157563
2023-12-25,EURKRW,1401.459961
2023-12-25,EURUSD,1.102657
2023-12-25,GBPUSD,1.2677
2023-12-25,JPYKRW100,910.747623
2023-12-25,N225,33254.03125
2023-12-25,USDJPY,142.341995
2023-12-25,USDKRW,1297.359985
2023-12-26,CALL,3.632
2023-12-26,CD91,3.83
2023-12-26,CNYKRW,181.428066
2023-12-26,CORPAA3Y,3.962
2023-12-26,DJI,37545.328125
2023-12-26,DXY,101.470001
2023-12-26,EURKRW,1429.170044
2023-12-26,EURUSD,1.102026
2023-12-26,GBPUSD,1.270487
2023-12-26,GOLD_INTL,2058.199951
2023-12-26,IXIC,15074.570313
2023-12-26,JPYKRW100,910.115433
2023-12-26,KOSDAQ,848.340027
2023-12-26,KOSPI,2602.590088
2023-12-26,KTB10Y,3.261
2023-12-26,KTB3Y,3.216
2023-12-26,KTB5Y,3.216
2023-12-26,N225,33305.851563
2023-12-26,SOX,4207.450195
2023-12-26,SPX,4774.75
2023-12-26,USDJPY,142.229996
2023-12-26,USDKRW,1294.579956
2023-12-26,WTI,75.57
2023-12-27,CALL,3.556
2023-12-27,CD91,3.83
2023-12-27,CNYKRW,181.160406
2023-12-27,CORPAA3Y,3.958
2023-12-27,DJI,37656.519531
2023-12-27,DXY,100.989998
2023-12-27,EURKRW,1429.170044
2023-12-27,EURUSD,1.104301
2023-12-27,GBPUSD,1.272718
2023-12-27,GOLD_INTL,2081.899902
2023-12-27,HSI,16624.839844
2023-12-27,IXIC,15099.179688
2023-12-27,JPYKRW100,908.233929
2023-12-27,KOSDAQ,859.789978
2023-12-27,KOSPI,2613.5
2023-12-27,KTB10Y,3.263
2023-12-27,KTB3Y,3.222
2023-12-27,KTB5Y,3.226
2023-12-27,N225,33681.238281
2023-12-27,SOX,4214.589844
2023-12-27,SPX,4781.580078
2023-12-27,USDJPY,142.460999
2023-12-27,USDKRW,1293.920044
2023-12-27,WTI,74.110001
2023-12-28,CALL,3.6
2023-12-28,CD91,3.83
2023-12-28,CNYKRW,181.333854
2023-12-28,CORPAA3Y,3.898
2023-12-28,DJI,37710.101563
2023-12-28,DXY,101.230003
2023-12-28,EURKRW,1433.01001
2023-12-28,EURUSD,1.110864
2023-12-28,GBPUSD,1.280082
2023-12-28,GOLD_INTL,2073.899902
2023-12-28,HSI,17043.529297
2023-12-28,IXIC,15095.139648
2023-12-28,JPYKRW100,915.710735
2023-12-28,KOSDAQ,866.570007
2023-12-28,KOSPI,2655.280029
2023-12-28,KTB10Y,3.198
2023-12-28,KTB3Y,3.162
2023-12-28,KTB5Y,3.162
2023-12-28,N225,33539.621094
2023-12-28,SOX,4208.680176
2023-12-28,SPX,4783.350098
2023-12-28,USDJPY,141.399002
2023-12-28,USDKRW,1294.76001
2023-12-28,WTI,71.769997
2023-12-29,CALL,3.906
2023-12-29,CD91,3.83
2023-12-29,CNYKRW,179.800195
2023-12-29,CORPAA3Y,3.898
2023-12-29,DJI,37689.539063
2023-12-29,DXY,101.330002
2023-12-29,EURKRW,1425.449951
2023-12-29,EURUSD,1.106819
2023-12-29,GBPUSD,1.273399
2023-12-29,GOLD_INTL,2062.399902
2023-12-29,HSI,17047.390625
2023-12-29,IXIC,15011.349609
2023-12-29,JPYKRW100,903.485394
2023-12-29,KTB10Y,3.175
2023-12-29,KTB3Y,3.145
2023-12-29,KTB5Y,3.155
2023-12-29,N225,33464.171875
2023-12-29,SOX,4175.470215
2023-12-29,SPX,4769.830078
2023-12-29,USDJPY,141.429993
2023-12-29,USDKRW,1277.839966
2023-12-29,WTI,71.650002
2024-01-01,CNYKRW,182.996633
2024-01-01,EURKRW,1431.77002
2024-01-01,EURUSD,1.105583
2024-01-01,GBPUSD,1.273
2024-01-01,JPYKRW100,917.497253
2024-01-01,USDJPY,140.951996
2024-01-01,USDKRW,1293.530029
2024-01-02,CALL,3.535
2024-01-02,CD91,3.83
2024-01-02,CNYKRW,182.998049
2024-01-02,CORPAA3Y,3.98
2024-01-02,DJI,37715.039063
2024-01-02,DXY,102.199997
2024-01-02,EURKRW,1400.187012
2024-01-02,EURUSD,1.103875
2024-01-02,GBPUSD,1.27288
2024-01-02,GOLD_INTL,2064.399902
2024-01-02,HSI,16788.550781
2024-01-02,IXIC,14765.94043
2024-01-02,JPYKRW100,918.120003
2024-01-02,KOSDAQ,878.929993
2024-01-02,KOSPI,2669.810059
2024-01-02,KTB10Y,3.307
2024-01-02,KTB3Y,3.238
2024-01-02,KTB5Y,3.266
2024-01-02,SOX,4023.040039
2024-01-02,SPX,4742.830078
2024-01-02,USDJPY,141.126007
2024-01-02,USDKRW,1293.540039
2024-01-02,WTI,70.379997
2024-01-03,CALL,3.422
2024-01-03,CD91,3.83
2024-01-03,CNYKRW,184.441997
2024-01-03,CORPAA3Y,4.017
2024-01-03,DJI,37430.191406
2024-01-03,DXY,102.459999
2024-01-03,EURKRW,1433.339966
2024-01-03,EURUSD,1.094176
2024-01-03,GBPUSD,1.262307
2024-01-03,GOLD_INTL,2034.199951
2024-01-03,HSI,16646.410156
2024-01-03,IXIC,14592.209961
2024-01-03,JPYKRW100,919.851875
2024-01-03,KOSDAQ,871.570007
2024-01-03,KOSPI,2607.310059
2024-01-03,KTB10Y,3.338
2024-01-03,KTB3Y,3.278
2024-01-03,KTB5Y,3.313
2024-01-03,SOX,3941.209961
2024-01-03,SPX,4704.810059
2024-01-03,USDJPY,142.154999
2024-01-03,USDKRW,1307.619995
2024-01-03,WTI,72.699997
2024-01-04,CALL,3.391
2024-01-04,CD91,3.82
2024-01-04,CNYKRW,184.469433
2024-01-04,CORPAA3Y,3.977
2024-01-04,DJI,37440.339844
2024-01-04,DXY,102.419998
2024-01-04,EURKRW,1429.119995
2024-01-04,EURUSD,1.092777
2024-01-04,GBPUSD,1.267427
2024-01-04,GOLD_INTL,2042.300049
2024-01-04,HSI,16645.980469
2024-01-04,IXIC,14510.299805
2024-01-04,JPYKRW100,916.148758
2024-01-04,KOSDAQ,866.25
2024-01-04,KOSPI,2587.02002
2024-01-04,KTB10Y,3.285
2024-01-04,KTB3Y,3.224
2024-01-04,KTB5Y,3.252
2024-01-04,N225,33288.289063
2024-01-04,SOX,3908.850098
2024-01-04,SPX,4688.680176
2024-01-04,USDJPY,142.998993
2024-01-04,USDKRW,1309.530029
2024-01-04,WTI,72.190002
2024-01-05,CALL,3.384
2024-01-05,CD91,3.81
2024-01-05,CNYKRW,184.423344
2024-01-05,CORPAA3Y,4.032
2024-01-05,DJI,37466.109375
2024-01-05,DXY,102.410004
2024-01-05,EURKRW,1437.310059
2024-01-05,EURUSD,1.094739
2024-01-05,GBPUSD,1.268408
2024-01-05,GOLD_INTL,2042.400024
2024-01-05,HSI,16535.330078
2024-01-05,IXIC,14524.070313
2024-01-05,JPYKRW100,905.720139
2024-01-05,KOSDAQ,878.330017
2024-01-05,KOSPI,2578.080078
2024-01-05,KTB10Y,3.347
2024-01-05,KTB3Y,3.284
2024-01-05,KTB5Y,3.315
2024-01-05,N225,33377.421875
2024-01-05,SOX,3933.48999
2024-01-05,SPX,4697.240234
2024-01-05,USDJPY,144.764999
2024-01-05,USDKRW,1311.25
2024-01-05,WTI,73.809998
2024-01-08,CALL,3.378
2024-01-08,CD91,3.81
2024-01-08,CNYKRW,185.143457
2024-01-08,CORPAA3Y,4.045
2024-01-08,DJI,37683.011719
2024-01-08,DXY,102.209999
2024-01-08,EURKRW,1403.047974
2024-01-08,EURUSD,1.094224
2024-01-08,GBPUSD,1.271779
2024-01-08,GOLD_INTL,2026.599976
2024-01-08,HSI,16224.450195
2024-01-08,IXIC,14843.769531
2024-01-08,JPYKRW100,907.550812
2024-01-08,KOSDAQ,879.340027
2024-01-08,KOSPI,2567.820068
2024-01-08,KTB10Y,3.342
2024-01-08,KTB3Y,3.298
2024-01-08,KTB5Y,3.312
2024-01-08,SOX,4062.47998
2024-01-08,SPX,4763.540039
2024-01-08,USDJPY,144.716003
2024-01-08,USDKRW,1313.130005
2024-01-08,WTI,70.769997
2024-01-09,CALL,3.412
2024-01-09,CD91,3.8
2024-01-09,CNYKRW,185.021159
2024-01-09,CORPAA3Y,4.004
2024-01-09,DJI,37525.160156
2024-01-09,DXY,102.57
2024-01-09,EURKRW,1438.579956
2024-01-09,EURUSD,1.09517
2024-01-09,GBPUSD,1.274519
2024-01-09,GOLD_INTL,2026.400024
2024-01-09,HSI,16190.019531
2024-01-09,IXIC,14857.709961
2024-01-09,JPYKRW100,909.53207
2024-01-09,KOSDAQ,884.640015
2024-01-09,KOSPI,2561.23999
2024-01-09,KTB10Y,3.324
2024-01-09,KTB3Y,3.256
2024-01-09,KTB5Y,3.275
2024-01-09,N225,33763.179688
2024-01-09,SOX,4064.649902
2024-01-09,SPX,4756.5
2024-01-09,USDJPY,144.229996
2024-01-09,USDKRW,1311.800049
2024-01-09,WTI,72.239998
2024-01-10,CALL,3.503
2024-01-10,CD91,3.79
2024-01-10,CNYKRW,185.844036
2024-01-10,CORPAA3Y,4.017
2024-01-10,DJI,37695.730469
2024-01-10,DXY,102.360001
2024-01-10,EURKRW,1442.800049
2024-01-10,EURUSD,1.093243
2024-01-10,GBPUSD,1.271294
2024-01-10,GOLD_INTL,2021.699951
2024-01-10,HSI,16097.280273
2024-01-10,IXIC,14969.650391
2024-01-10,JPYKRW100,913.644409
2024-01-10,KOSDAQ,875.460022
2024-01-10,KOSPI,2541.97998
2024-01-10,KTB10Y,3.346
2024-01-10,KTB3Y,3.269
2024-01-10,KTB5Y,3.295
2024-01-10,N225,34441.71875
2024-01-10,SOX,4048.840088
2024-01-10,SPX,4783.450195
2024-01-10,USDJPY,144.427994
2024-01-10,USDKRW,1319.790039
2024-01-10,WTI,71.370003
2024-01-11,CALL,3.393
2024-01-11,CD91,3.78
2024-01-11,CNYKRW,183.741489
2024-01-11,CORPAA3Y,3.976
2024-01-11,DJI,37711.019531
2024-01-11,DXY,102.290001
2024-01-11,EURKRW,1445.51001
2024-01-11,EURUSD,1.097514
2024-01-11,GBPUSD,1.274519
2024-01-11,GOLD_INTL,2014.300049
2024-01-11,HSI,16302.040039
2024-01-11,IXIC,14970.19043
2024-01-11,JPYKRW100,903.976059
2024-01-11,KOSDAQ,882.530029
2024-01-11,KOSPI,2540.27002
2024-01-11,KTB10Y,3.303
2024-01-11,KTB3Y,3.227
2024-01-11,KTB5Y,3.256
2024-01-11,N225,35049.859375
2024-01-11,SOX,4067.899902
2024-01-11,SPX,4780.240234
2024-01-11,USDJPY,145.733994
2024-01-11,USDKRW,1317.5
2024-01-11,WTI,72.019997
2024-01-12,CALL,3.432
2024-01-12,CD91,3.77
2024-01-12,CNYKRW,184.706681
2024-01-12,CORPAA3Y,3.953
2024-01-12,DJI,37592.980469
2024-01-12,DXY,102.400002
2024-01-12,EURKRW,1440.459961
2024-01-12,EURUSD,1.098165
2024-01-12,GBPUSD,1.277776
2024-01-12,GOLD_INTL,2046.699951
2024-01-12,HSI,16244.580078
2024-01-12,IXIC,14972.759766
2024-01-12,JPYKRW100,904.409027
2024-01-12,KOSDAQ,868.080017
2024-01-12,KOSPI,2525.050049
2024-01-12,KTB10Y,3.31
2024-01-12,KTB3Y,3.206
2024-01-12,KTB5Y,3.244
2024-01-12,N225,35577.109375
2024-01-12,SOX,4052.429932
2024-01-12,SPX,4783.830078
2024-01-12,USDJPY,145.046005
2024-01-12,USDKRW,1311.98999
2024-01-12,WTI,72.68
2024-01-15,CALL,3.473
2024-01-15,CD91,3.74
2024-01-15,CNYKRW,184.892829
2024-01-15,CORPAA3Y,3.939
2024-01-15,EURKRW,1436.949951
2024-01-15,EURUSD,1.094571
2024-01-15,GBPUSD,1.273658
2024-01-15,HSI,16216.330078
2024-01-15,JPYKRW100,904.019833
2024-01-15,KOSDAQ,859.710022
2024-01-15,KOSPI,2525.98999
2024-01-15,KTB10Y,3.29
2024-01-15,KTB3Y,3.188
2024-01-15,KTB5Y,3.221
2024-01-15,N225,35901.789063
2024-01-15,USDJPY,145.149002
2024-01-15,USDKRW,1312.849976
2024-01-16,CALL,3.492
2024-01-16,CD91,3.72
2024-01-16,CNYKRW,185.953211
2024-01-16,CORPAA3Y,3.982
2024-01-16,DJI,37361.121094
2024-01-16,DXY,103.360001
2024-01-16,EURKRW,1444.189941
2024-01-16,EURUSD,1.094571
2024-01-16,GBPUSD,1.271617
2024-01-16,GOLD_INTL,2026
2024-01-16,HSI,15865.919922
2024-01-16,IXIC,14944.349609
2024-01-16,JPYKRW100,905.172634
2024-01-16,KOSDAQ,854.830017
2024-01-16,KOSPI,2497.590088
2024-01-16,KTB10Y,3.322
2024-01-16,KTB3Y,3.234
2024-01-16,KTB5Y,3.269
2024-01-16,N225,35619.179688
2024-01-16,SOX,4105.939941
2024-01-16,SPX,4765.97998
2024-01-16,USDJPY,145.794006
2024-01-16,USDKRW,1319.709961
2024-01-16,WTI,72.400002
2024-01-17,CALL,3.499
2024-01-17,CD91,3.71
2024-01-17,CNYKRW,187.98427
2024-01-17,CORPAA3Y,4.025
2024-01-17,DJI,37266.671875
2024-01-17,DXY,103.449997
2024-01-17,EURKRW,1452.410034
2024-01-17,EURUSD,1.087879
2024-01-17,GBPUSD,1.263855
2024-01-17,GOLD_INTL,2002.599976
2024-01-17,HSI,15276.900391
2024-01-17,IXIC,14855.620117
2024-01-17,JPYKRW100,908.525372
2024-01-17,KOSDAQ,833.049988
2024-01-17,KOSPI,2435.899902
2024-01-17,KTB10Y,3.374
2024-01-17,KTB3Y,3.279
2024-01-17,KTB5Y,3.317
2024-01-17,N225,35477.75
2024-01-17,SOX,4069.949951
2024-01-17,SPX,4739.209961
2024-01-17,USDJPY,147.246002
2024-01-17,USDKRW,1337.790039
2024-01-17,WTI,72.559998
2024-01-18,CALL,3.507
2024-01-18,CD91,3.69
2024-01-18,CNYKRW,188.917006
2024-01-18,CORPAA3Y,4.034
2024-01-18,DJI,37468.609375
2024-01-18,DXY,103.540001
2024-01-18,EURKRW,1462.25
2024-01-18,EURUSD,1.088578
2024-01-18,GBPUSD,1.267684
2024-01-18,GOLD_INTL,2018.599976
2024-01-18,HSI,15391.790039
2024-01-18,IXIC,15055.650391
2024-01-18,JPYKRW100,907.533169
2024-01-18,KOSDAQ,840.330017
2024-01-18,KOSPI,2440.040039
2024-01-18,KTB10Y,3.381
2024-01-18,KTB3Y,3.286
2024-01-18,KTB5Y,3.332
2024-01-18,N225,35466.171875
2024-01-18,SOX,4206.52002
2024-01-18,SPX,4780.939941
2024-01-18,USDJPY,148.117996
2024-01-18,USDKRW,1344.050049
2024-01-18,WTI,74.080002
2024-01-19,CALL,3.525
2024-01-19,CD91,3.68
2024-01-19,CNYKRW,188.005633
2024-01-19,CORPAA3Y,4.058
2024-01-19,DJI,37863.800781
2024-01-19,DXY,103.290001
2024-01-19,EURKRW,1454.689941
2024-01-19,EURUSD,1.087914
2024-01-19,GBPUSD,1.270987
2024-01-19,GOLD_INTL,2026.5
2024-01-19,HSI,15308.69043
2024-01-19,IXIC,15310.969727
2024-01-19,JPYKRW100,902.921391
2024-01-19,KOSDAQ,842.669983
2024-01-19,KOSPI,2472.73999
2024-01-19,KTB10Y,3.423
2024-01-19,KTB3Y,3.308
2024-01-19,KTB5Y,3.36
2024-01-19,N225,35963.269531
2024-01-19,SOX,4375.649902
2024-01-19,SPX,4839.810059
2024-01-19,USDJPY,148.128006
2024-01-19,USDKRW,1337.660034
2024-01-19,WTI,73.410004
2024-01-22,CALL,3.523
2024-01-22,CD91,3.68
2024-01-22,CNYKRW,187.588462
2024-01-22,CORPAA3Y,4.03
2024-01-22,DJI,38001.808594
2024-01-22,DXY,103.330002
2024-01-22,EURKRW,1424.255005
2024-01-22,EURUSD,1.08923
2024-01-22,GBPUSD,1.269986
2024-01-22,GOLD_INTL,2019.800049
2024-01-22,HSI,14961.179688
2024-01-22,IXIC,15360.290039
2024-01-22,JPYKRW100,900.817871
2024-01-22,KOSDAQ,839.690002
2024-01-22,KOSPI,2464.350098
2024-01-22,KTB10Y,3.367
2024-01-22,KTB3Y,3.273
2024-01-22,KTB5Y,3.311
2024-01-22,N225,36546.949219
2024-01-22,SOX,4386.600098
2024-01-22,SPX,4850.430176
2024-01-22,USDJPY,148.121002
2024-01-22,USDKRW,1333.209961
2024-01-22,WTI,75.190002
2024-01-23,CALL,3.474
2024-01-23,CD91,3.68
2024-01-23,CNYKRW,186.124822
2024-01-23,CORPAA3Y,4.041
2024-01-23,DJI,37905.449219
2024-01-23,DXY,103.620003
2024-01-23,EURKRW,1456.380005
2024-01-23,EURUSD,1.088021
2024-01-23,GBPUSD,1.270696
2024-01-23,GOLD_INTL,2023.699951
2024-01-23,HSI,15353.980469
2024-01-23,IXIC,15425.94043
2024-01-23,JPYKRW100,903.886509
2024-01-23,KOSDAQ,840.109985
2024-01-23,KOSPI,2478.610107
2024-01-23,KTB10Y,3.371
2024-01-23,KTB3Y,3.286
2024-01-23,KTB5Y,3.325
2024-01-23,N225,36517.570313
2024-01-23,SOX,4415.259766
2024-01-23,SPX,4864.600098
2024-01-23,USDJPY,148.141998
2024-01-23,USDKRW,1338.73999
2024-01-23,WTI,74.370003
2024-01-24,CALL,3.449
2024-01-24,CD91,3.68
2024-01-24,CNYKRW,188.874764
2024-01-24,CORPAA3Y,4.051
2024-01-24,DJI,37806.390625
2024-01-24,DXY,103.239998
2024-01-24,EURKRW,1452.72998
2024-01-24,EURUSD,1.085788
2024-01-24,GBPUSD,1.269197
2024-01-24,GOLD_INTL,2013.900024
2024-01-24,HSI,15899.870117
2024-01-24,IXIC,15481.919922
2024-01-24,JPYKRW100,901.663971
2024-01-24,KOSDAQ,836.210022
2024-01-24,KOSPI,2469.689941
2024-01-24,KTB10Y,3.4
2024-01-24,KTB3Y,3.302
2024-01-24,KTB5Y,3.344
2024-01-24,N225,36226.480469
2024-01-24,SOX,4483.330078
2024-01-24,SPX,4868.549805
2024-01-24,USDJPY,148.251007
2024-01-24,USDKRW,1336.780029
2024-01-24,WTI,75.089996
2024-01-25,CALL,3.46
2024-01-25,CD91,3.68
2024-01-25,CNYKRW,187.784532
2024-01-25,CORPAA3Y,4.061
2024-01-25,DJI,38049.128906
2024-01-25,DXY,103.57
2024-01-25,EURKRW,1449.469971
2024-01-25,EURUSD,1.088175
2024-01-25,GBPUSD,1.271876
2024-01-25,GOLD_INTL,2016.900024
2024-01-25,HSI,16211.959961
2024-01-25,IXIC,15510.5
2024-01-25,JPYKRW100,901.009464
2024-01-25,KOSDAQ,823.73999
2024-01-25,KOSPI,2470.340088
2024-01-25,KTB10Y,3.422
2024-01-25,KTB3Y,3.314
2024-01-25,KTB5Y,3.362
2024-01-25,N225,36236.46875
2024-01-25,SOX,4472.259766
2024-01-25,SPX,4894.160156
2024-01-25,USDJPY,147.591003
2024-01-25,USDKRW,1329.890015
2024-01-25,WTI,77.360001
2024-01-26,CALL,3.504
2024-01-26,CD91,3.68
2024-01-26,CNYKRW,188.675493
2024-01-26,CORPAA3Y,4.01
2024-01-26,DJI,38109.429688
2024-01-26,DXY,103.470001
2024-01-26,EURKRW,1447.420044
2024-01-26,EURUSD,1.084705
2024-01-26,GBPUSD,1.270826
2024-01-26,GOLD_INTL,2016.800049
2024-01-26,HSI,15952.230469
2024-01-26,IXIC,15455.360352
2024-01-26,JPYKRW100,904.023647
2024-01-26,KOSDAQ,837.23999
2024-01-26,KOSPI,2478.560059
2024-01-26,KTB10Y,3.384
2024-01-26,KTB3Y,3.262
2024-01-26,KTB5Y,3.314
2024-01-26,N225,35751.070313
2024-01-26,SOX,4342.100098
2024-01-26,SPX,4890.970215
2024-01-26,USDJPY,147.723007
2024-01-26,USDKRW,1336.030029
2024-01-26,WTI,78.010002
2024-01-29,CALL,3.484
2024-01-29,CD91,3.68
2024-01-29,CNYKRW,188.632072
2024-01-29,CORPAA3Y,4.051
2024-01-29,DJI,38333.449219
2024-01-29,DXY,103.610001
2024-01-29,EURKRW,1449.640015
2024-01-29,EURUSD,1.084352
2024-01-29,GBPUSD,1.269761
2024-01-29,GOLD_INTL,2025.199951
2024-01-29,HSI,16077.240234
2024-01-29,IXIC,15628.040039
2024-01-29,JPYKRW100,902.226639
2024-01-29,KOSDAQ,819.140015
2024-01-29,KOSPI,2500.649902
2024-01-29,KTB10Y,3.435
2024-01-29,KTB3Y,3.304
2024-01-29,KTB5Y,3.362
2024-01-29,N225,36026.941406
2024-01-29,SOX,4388.27002
2024-01-29,SPX,4927.930176
2024-01-29,USDJPY,148.139999
2024-01-29,USDKRW,1336.76001
2024-01-29,WTI,76.779999
2024-01-30,CALL,3.545
2024-01-30,CD91,3.68
2024-01-30,CNYKRW,188.186886
2024-01-30,CORPAA3Y,4.009
2024-01-30,DJI,38467.308594
2024-01-30,DXY,103.400002
2024-01-30,EURKRW,1442.359985
2024-01-30,EURUSD,1.083447
2024-01-30,GBPUSD,1.271326
2024-01-30,GOLD_INTL,2031.5
2024-01-30,HSI,15703.450195
2024-01-30,IXIC,15509.900391
2024-01-30,JPYKRW100,904.021263
2024-01-30,KOSDAQ,818.859985
2024-01-30,KOSPI,2498.810059
2024-01-30,KTB10Y,3.348
2024-01-30,KTB3Y,3.267
2024-01-30,KTB5Y,3.305
2024-01-30,N225,36065.859375
2024-01-30,SOX,4319.990234
2024-01-30,SPX,4924.970215
2024-01-30,USDJPY,147.468002
2024-01-30,USDKRW,1333.209961
2024-01-30,WTI,77.82
2024-01-31,CALL,3.613
2024-01-31,CD91,3.68
2024-01-31,CNYKRW,187.003284
2024-01-31,CORPAA3Y,4.002
2024-01-31,DJI,38150.300781
2024-01-31,DXY,103.269997
2024-01-31,EURKRW,1439.75
2024-01-31,EURUSD,1.08434
2024-01-31,GBPUSD,1.269551
2024-01-31,GOLD_INTL,2048.399902
2024-01-31,HSI,15485.070313
2024-01-31,IXIC,15164.009766
2024-01-31,JPYKRW100,900.092983
2024-01-31,KOSDAQ,799.23999
2024-01-31,KOSPI,2497.090088
2024-01-31,KTB10Y,3.346
2024-01-31,KTB3Y,3.261
2024-01-31,KTB5Y,3.293
2024-01-31,N225,36286.710938
2024-01-31,SOX,4260.919922
2024-01-31,SPX,4845.649902
2024-01-31,USDJPY,147.369003
2024-01-31,USDKRW,1326.619995
2024-01-31,WTI,75.849998
2024-02-01,CALL,3.573
2024-02-01,CD91,3.68
2024-02-01,CNYKRW,187.856134
2024-02-01,CORPAA3Y,4.001
2024-02-01,DJI,38519.839844
2024-02-01,DXY,103.050003
2024-02-01,EURKRW,1440.699951
2024-02-01,EURUSD,1.080392
2024-02-01,GBPUSD,1.267845
2024-02-01,GOLD_INTL,2053
2024-02-01,HSI,15566.209961
2024-02-01,IXIC,15361.639648
2024-02-01,JPYKRW100,907.600784
2024-02-01,KOSDAQ,798.72998
2024-02-01,KOSPI,2542.459961
2024-02-01,KTB10Y,3.339
2024-02-01,KTB3Y,3.266
2024-02-01,KTB5Y,3.293
2024-02-01,N225,36011.460938
2024-02-01,SOX,4280.47998
2024-02-01,SPX,4906.189941
2024-02-01,USDJPY,146.996002
2024-02-01,USDKRW,1333.910034
2024-02-01,WTI,73.82
2024-02-02,CALL,3.541
2024-02-02,CD91,3.68
2024-02-02,CNYKRW,187.479713
2024-02-02,CORPAA3Y,3.982
2024-02-02,DJI,38654.421875
2024-02-02,DXY,103.919998
2024-02-02,EURKRW,1444.72998
2024-02-02,EURUSD,1.087465
2024-02-02,GBPUSD,1.27473
2024-02-02,GOLD_INTL,2036.099976
2024-02-02,HSI,15533.55957
2024-02-02,IXIC,15628.950195
2024-02-02,JPYKRW100,907.414913
2024-02-02,KOSDAQ,814.77002
2024-02-02,KOSPI,2615.310059
2024-02-02,KTB10Y,3.286
2024-02-02,KTB3Y,3.248
2024-02-02,KTB5Y,3.26
2024-02-02,N225,36158.019531
2024-02-02,SOX,4336.72998
2024-02-02,SPX,4958.609863
2024-02-02,USDJPY,146.451004
2024-02-02,USDKRW,1328.949951
2024-02-02,WTI,72.279999
2024-02-05,CALL,3.573
2024-02-05,CD91,3.67
2024-02-05,CNYKRW,188.078903
2024-02-05,CORPAA3Y,4.047
2024-02-05,DJI,38380.121094
2024-02-05,DXY,104.449997
2024-02-05,EURKRW,1409.291992
2024-02-05,EURUSD,1.078004
2024-02-05,GBPUSD,1.262196
2024-02-05,GOLD_INTL,2025.699951
2024-02-05,HSI,15510.009766
2024-02-05,IXIC,15597.679688
2024-02-05,JPYKRW100,901.107693
2024-02-05,KOSDAQ,807.98999
2024-02-05,KOSPI,2591.310059
2024-02-05,KTB10Y,3.374
2024-02-05,KTB3Y,3.312
2024-02-05,KTB5Y,3.339
2024-02-05,N225,36354.160156
2024-02-05,SOX,4388.100098
2024-02-05,SPX,4942.810059
2024-02-05,USDJPY,148.501007
2024-02-05,USDKRW,1337.72998
2024-02-05,WTI,72.779999
2024-02-06,CALL,3.572
2024-02-06,CD91,3.67
2024-02-06,CNYKRW,187.576847
2024-02-06,CORPAA3Y,4.028
2024-02-06,DJI,38521.359375
2024-02-06,DXY,104.18
2024-02-06,EURKRW,1431.189941
2024-02-06,EURUSD,1.074183
2024-02-06,GBPUSD,1.253447
2024-02-06,GOLD_INTL,2034.5
2024-02-06,HSI,16136.870117
2024-02-06,IXIC,15609
2024-02-06,JPYKRW100,897.017765
2024-02-06,KOSDAQ,807.030029
2024-02-06,KOSPI,2576.199951
2024-02-06,KTB10Y,3.377
2024-02-06,KTB3Y,3.29
2024-02-06,KTB5Y,3.318
2024-02-06,N225,36160.660156
2024-02-06,SOX,4338.27002
2024-02-06,SPX,4954.22998
2024-02-06,USDJPY,148.639999
2024-02-06,USDKRW,1333.390015
2024-02-06,WTI,73.309998
2024-02-07,CALL,3.518
2024-02-07,CD91,3.67
2024-02-07,CNYKRW,186.869203
2024-02-07,CORPAA3Y,4.019
2024-02-07,DJI,38677.359375
2024-02-07,DXY,104.040001
2024-02-07,EURKRW,1429.939941
2024-02-07,EURUSD,1.07572
2024-02-07,GBPUSD,1.260653
2024-02-07,GOLD_INTL,2035.199951
2024-02-07,HSI,16081.889648
2024-02-07,IXIC,15756.639648
2024-02-07,JPYKRW100,897.550106
2024-02-07,KOSDAQ,811.919983
2024-02-07,KOSPI,2609.580078
2024-02-07,KTB10Y,3.378
2024-02-07,KTB3Y,3.286
2024-02-07,KTB5Y,3.319
2024-02-07,N225,36119.921875
2024-02-07,SOX,4408.72998
2024-02-07,SPX,4995.060059
2024-02-07,USDJPY,147.817993
2024-02-07,USDKRW,1326.790039
2024-02-07,WTI,73.860001
2024-02-08,CALL,3.601
2024-02-08,CD91,3.67
2024-02-08,CNYKRW,186.959767
2024-02-08,CORPAA3Y,4.034
2024-02-08,DJI,38726.328125
2024-02-08,DXY,104.150002
2024-02-08,EURKRW,1431.180054
2024-02-08,EURUSD,1.077575
2024-02-08,GBPUSD,1.262738
2024-02-08,GOLD_INTL,2032.199951
2024-02-08,HSI,15878.070313
2024-02-08,IXIC,15793.709961
2024-02-08,JPYKRW100,896.495438
2024-02-08,KOSDAQ,826.580017
2024-02-08,KOSPI,2620.320068
2024-02-08,KTB10Y,3.4
2024-02-08,KTB3Y,3.305
2024-02-08,KTB5Y,3.337
2024-02-08,N225,36863.28125
2024-02-08,SOX,4478.009766
2024-02-08,SPX,4997.910156
2024-02-08,USDJPY,148.085999
2024-02-08,USDKRW,1327.619995
2024-02-08,WTI,76.220001
2024-02-09,CNYKRW,187.346278
2024-02-09,DJI,38671.691406
2024-02-09,DXY,104.080002
2024-02-09,EURKRW,1433.930054
2024-02-09,EURUSD,1.077726
2024-02-09,GBPUSD,1.262053
2024-02-09,GOLD_INTL,2023.300049
2024-02-09,HSI,15746.580078
2024-02-09,IXIC,15990.660156
2024-02-09,JPYKRW100,892.017555
2024-02-09,N225,36897.421875
2024-02-09,SOX,4567.299805
2024-02-09,SPX,5026.609863
2024-02-09,USDJPY,149.259003
2024-02-09,USDKRW,1331.469971
2024-02-09,WTI,76.839996
2024-02-12,CNYKRW,185.27094
2024-02-12,DJI,38797.378906
2024-02-12,DXY,104.169998
2024-02-12,EURKRW,1432.780029
2024-02-12,EURUSD,1.07982
2024-02-12,GBPUSD,1.263727
2024-02-12,GOLD_INTL,2018.199951
2024-02-12,IXIC,15942.549805
2024-02-12,JPYKRW100,891.950226
2024-02-12,SOX,4560.040039
2024-02-12,SPX,5021.839844
2024-02-12,USDJPY,149.167007
2024-02-12,USDKRW,1330.060059
2024-02-12,WTI,76.919998
2024-02-13,CALL,3.62
2024-02-13,CD91,3.67
2024-02-13,CNYKRW,184.713991
2024-02-13,CORPAA3Y,4.074
2024-02-13,DJI,38272.75
2024-02-13,DXY,104.959999
2024-02-13,EURKRW,1430.079956
2024-02-13,EURUSD,1.077226
2024-02-13,GBPUSD,1.262754
2024-02-13,GOLD_INTL,1992.900024
2024-02-13,IXIC,15655.599609
2024-02-13,JPYKRW100,889.381981
2024-02-13,KOSDAQ,845.150024
2024-02-13,KOSPI,2649.639893
2024-02-13,KTB10Y,3.457
2024-02-13,KTB3Y,3.356
2024-02-13,KTB5Y,3.395
2024-02-13,N225,37963.96875
2024-02-13,SOX,4468.180176
2024-02-13,SPX,4953.169922
2024-02-13,USDJPY,149.404999
2024-02-13,USDKRW,1328.5
2024-02-13,WTI,77.870003
2024-02-14,CALL,3.644
2024-02-14,CD91,3.68
2024-02-14,CNYKRW,186.513556
2024-02-14,CORPAA3Y,4.141
2024-02-14,DJI,38424.269531
2024-02-14,DXY,104.720001
2024-02-14,EURKRW,1434.869995
2024-02-14,EURUSD,1.070893
2024-02-14,GBPUSD,1.259065
2024-02-14,GOLD_INTL,1990.300049
2024-02-14,HSI,15879.379883
2024-02-14,IXIC,15859.150391
2024-02-14,JPYKRW100,889.572239
2024-02-14,KOSDAQ,853.299988
2024-02-14,KOSPI,2620.419922
2024-02-14,KTB10Y,3.506
2024-02-14,KTB3Y,3.429
2024-02-14,KTB5Y,3.459
2024-02-14,N225,37703.320313
2024-02-14,SOX,4565.410156
2024-02-14,SPX,5000.620117
2024-02-14,USDJPY,150.723999
2024-02-14,USDKRW,1340.790039
2024-02-14,WTI,76.639999
2024-02-15,CALL,3.682
2024-02-15,CD91,3.68
2024-02-15,CNYKRW,184.785184
2024-02-15,CORPAA3Y,4.117
2024-02-15,DJI,38773.121094
2024-02-15,DXY,104.300003
2024-02-15,EURKRW,1426.23999
2024-02-15,EURUSD,1.073215
2024-02-15,GBPUSD,1.256834
2024-02-15,GOLD_INTL,2002.099976
2024-02-15,HSI,15944.629883
2024-02-15,IXIC,15906.169922
2024-02-15,JPYKRW100,880.802727
2024-02-15,KOSDAQ,859.210022
2024-02-15,KOSPI,2613.800049
2024-02-15,KTB10Y,3.473
2024-02-15,KTB3Y,3.404
2024-02-15,KTB5Y,3.44
2024-02-15,N225,38157.941406
2024-02-15,SOX,4558.100098
2024-02-15,SPX,5029.72998
2024-02-15,USDJPY,150.544006
2024-02-15,USDKRW,1326
2024-02-15,WTI,78.029999
2024-02-16,CALL,3.661
2024-02-16,CD91,3.68
2024-02-16,CNYKRW,185.326436
2024-02-16,CORPAA3Y,4.115
2024-02-16,DJI,38627.988281
2024-02-16,DXY,104.279999
2024-02-16,EURKRW,1431.119995
2024-02-16,EURUSD,1.077389
2024-02-16,GBPUSD,1.259922
2024-02-16,GOLD_INTL,2011.5
2024-02-16,HSI,16339.959961
2024-02-16,IXIC,15775.650391
2024-02-16,JPYKRW100,885.43129
2024-02-16,KOSDAQ,857.599976
2024-02-16,KOSPI,2648.76001
2024-02-16,KTB10Y,3.482
2024-02-16,KTB3Y,3.405
2024-02-16,KTB5Y,3.448
2024-02-16,N225,38487.238281
2024-02-16,SOX,4527.680176
2024-02-16,SPX,5005.569824
2024-02-16,USDJPY,149.945999
2024-02-16,USDKRW,1327.660034
2024-02-16,WTI,79.190002
2024-02-19,CALL,3.634
2024-02-19,CD91,3.69
2024-02-19,CNYKRW,187.05644
2024-02-19,CORPAA3Y,4.102
2024-02-19,EURKRW,1434.560059
2024-02-19,EURUSD,1.078493
2024-02-19,GBPUSD,1.261114
2024-02-19,HSI,16155.610352
2024-02-19,JPYKRW100,887.158108
2024-02-19,KOSDAQ,858.469971
2024-02-19,KOSPI,2680.26001
2024-02-19,KTB10Y,3.464
2024-02-19,KTB3Y,3.396
2024-02-19,KTB5Y,3.435
2024-02-19,N225,38470.378906
2024-02-19,USDJPY,150.091003
2024-02-19,USDKRW,1331.579956
2024-02-20,CALL,3.59
2024-02-20,CD91,3.69
2024-02-20,CNYKRW,185.258156
2024-02-20,CORPAA3Y,4.105
2024-02-20,DJI,38563.800781
2024-02-20,DXY,104.080002
2024-02-20,EURKRW,1436.630005
2024-02-20,EURUSD,1.07754
2024-02-20,GBPUSD,1.258764
2024-02-20,GOLD_INTL,2027.5
2024-02-20,HSI,16247.509766
2024-02-20,IXIC,15630.780273
2024-02-20,JPYKRW100,887.284374
2024-02-20,KOSDAQ,866.169983
2024-02-20,KOSPI,2657.790039
2024-02-20,KTB10Y,3.489
2024-02-20,KTB3Y,3.403
2024-02-20,KTB5Y,3.451
2024-02-20,N225,38363.609375
2024-02-20,SOX,4456.870117
2024-02-20,SPX,4975.509766
2024-02-20,USDJPY,150.270004
2024-02-20,USDKRW,1333.339966
2024-02-20,WTI,78.18
2024-02-21,CALL,3.625
2024-02-21,CD91,3.7
2024-02-21,CNYKRW,185.508432
2024-02-21,CORPAA3Y,4.09
2024-02-21,DJI,38612.238281
2024-02-21,DXY,104.010002
2024-02-21,EURKRW,1440.400024
2024-02-21,EURUSD,1.081315
2024-02-21,GBPUSD,1.262738
2024-02-21,GOLD_INTL,2022.300049
2024-02-21,HSI,16503.099609
2024-02-21,IXIC,15580.870117
2024-02-21,JPYKRW100,889.552116
2024-02-21,KOSDAQ,864.070007
2024-02-21,KOSPI,2653.310059
2024-02-21,KTB10Y,3.474
2024-02-21,KTB3Y,3.403
2024-02-21,KTB5Y,3.443
2024-02-21,N225,38262.160156
2024-02-21,SOX,4446.359863
2024-02-21,SPX,4981.799805
2024-02-21,USDJPY,149.938995
2024-02-21,USDKRW,1333.75
2024-02-21,WTI,77.910004
2024-02-22,CALL,3.659
2024-02-22,CD91,3.7
2024-02-22,CNYKRW,185.427306
2024-02-22,CORPAA3Y,4.023
2024-02-22,DJI,39069.109375
2024-02-22,DXY,103.959999
2024-02-22,EURKRW,1442.540039
2024-02-22,EURUSD,1.08204
2024-02-22,GBPUSD,1.263807
2024-02-22,GOLD_INTL,2019.699951
2024-02-22,HSI,16742.949219
2024-02-22,IXIC,16041.620117
2024-02-22,JPYKRW100,886.481953
2024-02-22,KOSDAQ,870.109985
2024-02-22,KOSPI,2664.27002
2024-02-22,KTB10Y,3.422
2024-02-22,KTB3Y,3.339
2024-02-22,KTB5Y,3.388
2024-02-22,N225,39098.679688
2024-02-22,SOX,4667.370117
2024-02-22,SPX,5087.029785
2024-02-22,USDJPY,150.354996
2024-02-22,USDKRW,1332.869995
2024-02-22,WTI,78.610001
2024-02-23,CALL,3.677
2024-02-23,CD91,3.7
2024-02-23,CNYKRW,184.500867
2024-02-23,CORPAA3Y,4.045
2024-02-23,DJI,39131.53125
2024-02-23,DXY,103.940002
2024-02-23,EURKRW,1434.22998
2024-02-23,EURUSD,1.082567
2024-02-23,GBPUSD,1.266368
2024-02-23,GOLD_INTL,2038.599976
2024-02-23,HSI,16725.859375
2024-02-23,IXIC,15996.820313
2024-02-23,JPYKRW100,881.925488
2024-02-23,KOSDAQ,868.570007
2024-02-23,KOSPI,2667.699951
2024-02-23,KTB10Y,3.467
2024-02-23,KTB3Y,3.374
2024-02-23,KTB5Y,3.429
2024-02-23,SOX,4615.029785
2024-02-23,SPX,5088.799805
2024-02-23,USDJPY,150.483002
2024-02-23,USDKRW,1327.170044
2024-02-23,WTI,76.489998
2024-02-26,CALL,3.568
2024-02-26,CD91,3.7
2024-02-26,CNYKRW,184.866011
2024-02-26,CORPAA3Y,4.005
2024-02-26,DJI,39069.230469
2024-02-26,DXY,103.830002
2024-02-26,EURKRW,1438.810059
2024-02-26,EURUSD,1.082005
2024-02-26,GBPUSD,1.267267
2024-02-26,GOLD_INTL,2028.5
2024-02-26,HSI,16634.740234
2024-02-26,IXIC,15976.25
2024-02-26,JPYKRW100,883.664417
2024-02-26,KOSDAQ,867.400024
2024-02-26,KOSPI,2647.080078
2024-02-26,KTB10Y,3.401
2024-02-26,KTB3Y,3.34
2024-02-26,KTB5Y,3.379
2024-02-26,N225,39233.710938
2024-02-26,SOX,4663.470215
2024-02-26,SPX,5069.529785
2024-02-26,USDJPY,150.498001
2024-02-26,USDKRW,1330
2024-02-26,WTI,77.580002
2024-02-27,CALL,3.465
2024-02-27,CD91,3.7
2024-02-27,CNYKRW,185.056205
2024-02-27,CORPAA3Y,4.025
2024-02-27,DJI,38972.410156
2024-02-27,DXY,103.830002
2024-02-27,EURKRW,1443.719971
2024-02-27,EURUSD,1.085093
2024-02-27,GBPUSD,1.268456
2024-02-27,GOLD_INTL,2034
2024-02-27,HSI,16790.800781
2024-02-27,IXIC,16035.299805
2024-02-27,JPYKRW100,884.618664
2024-02-27,KOSDAQ,853.75
2024-02-27,KOSPI,2625.050049
2024-02-27,KTB10Y,3.429
2024-02-27,KTB3Y,3.364
2024-02-27,KTB5Y,3.399
2024-02-27,N225,39239.519531
2024-02-27,SOX,4654.890137
2024-02-27,SPX,5078.180176
2024-02-27,USDJPY,150.565994
2024-02-27,USDKRW,1331.719971
2024-02-27,WTI,78.870003
2024-02-28,CALL,3.401
2024-02-28,CD91,3.7
2024-02-28,CNYKRW,185.037656
2024-02-28,CORPAA3Y,4.015
2024-02-28,DJI,38949.019531
2024-02-28,DXY,103.980003
2024-02-28,EURKRW,1444.599976
2024-02-28,EURUSD,1.084481
2024-02-28,GBPUSD,1.268166
2024-02-28,GOLD_INTL,2033
2024-02-28,HSI,16536.849609
2024-02-28,IXIC,15947.740234
2024-02-28,JPYKRW100,884.933758
2024-02-28,KOSDAQ,863.390015
2024-02-28,KOSPI,2652.290039
2024-02-28,KTB10Y,3.441
2024-02-28,KTB3Y,3.358
2024-02-28,KTB5Y,3.399
2024-02-28,N225,39208.03125
2024-02-28,SOX,4602.600098
2024-02-28,SPX,5069.759766
2024-02-28,USDJPY,150.494995
2024-02-28,USDKRW,1331.790039
2024-02-28,WTI,78.540001
2024-02-29,CALL,3.463
2024-02-29,CD91,3.69
2024-02-29,CNYKRW,185.294606
2024-02-29,CORPAA3Y,4.037
2024-02-29,DJI,38996.390625
2024-02-29,DXY,104.160004
2024-02-29,EURKRW,1446.130005
2024-02-29,EURUSD,1.083882
2024-02-29,GBPUSD,1.266304
2024-02-29,GOLD_INTL,2045.699951
2024-02-29,HSI,16511.439453
2024-02-29,IXIC,16091.919922
2024-02-29,JPYKRW100,885.149288
2024-02-29,KOSDAQ,862.960022
2024-02-29,KOSPI,2642.360107
2024-02-29,KTB10Y,3.474
2024-02-29,KTB3Y,3.387
2024-02-29,KTB5Y,3.432
2024-02-29,N225,39166.191406
2024-02-29,SOX,4726.919922
2024-02-29,SPX,5096.27002
2024-02-29,USDJPY,150.656006
2024-02-29,USDKRW,1333.380005
2024-02-29,WTI,78.260002
2024-03-01,CNYKRW,185.774702
2024-03-01,DJI,39087.378906
2024-03-01,DXY,103.860001
2024-03-01,EURKRW,1441
2024-03-01,EURUSD,1.080497
2024-03-01,GBPUSD,1.262547
2024-03-01,GOLD_INTL,2086.899902
2024-03-01,HSI,16589.439453
2024-03-01,IXIC,16274.94043
2024-03-01,JPYKRW100,889.626217
2024-03-01,N225,39910.820313
2024-03-01,SOX,4929.580078
2024-03-01,SPX,5137.080078
2024-03-01,USDJPY,150.095001
2024-03-01,USDKRW,1335.199951
2024-03-01,WTI,79.970001
2024-03-04,CALL,3.366
2024-03-04,CD91,3.68
2024-03-04,CNYKRW,184.955121
2024-03-04,CORPAA3Y,4.008
2024-03-04,DJI,38989.828125
2024-03-04,DXY,103.830002
2024-03-04,EURKRW,1443.079956
2024-03-04,EURUSD,1.084269
2024-03-04,GBPUSD,1.266031
2024-03-04,GOLD_INTL,2117.699951
2024-03-04,HSI,16595.970703
2024-03-04,IXIC,16207.509766
2024-03-04,JPYKRW100,886.623859
2024-03-04,KOSDAQ,872.969971
2024-03-04,KOSPI,2674.27002
2024-03-04,KTB10Y,3.434
2024-03-04,KTB3Y,3.36
2024-03-04,KTB5Y,3.403
2024-03-04,N225,40109.230469
2024-03-04,SOX,4981.970215
2024-03-04,SPX,5130.950195
2024-03-04,USDJPY,150.104996
2024-03-04,USDKRW,1330.900024
2024-03-04,WTI,78.739998
2024-03-05,CALL,3.237
2024-03-05,CD91,3.68
2024-03-05,CNYKRW,184.603189
2024-03-05,CORPAA3Y,3.992
2024-03-05,DJI,38585.191406
2024-03-05,DXY,103.800003
2024-03-05,EURKRW,1445.150024
2024-03-05,EURUSD,1.085517
2024-03-05,GBPUSD,1.269197
2024-03-05,GOLD_INTL,2133.5
2024-03-05,HSI,16162.639648
2024-03-05,IXIC,15939.589844
2024-03-05,JPYKRW100,883.754539
2024-03-05,KOSDAQ,866.369995
2024-03-05,KOSPI,2649.399902
2024-03-05,KTB10Y,3.407
2024-03-05,KTB3Y,3.346
2024-03-05,KTB5Y,3.384
2024-03-05,N225,40097.628906
2024-03-05,SOX,4879.830078
2024-03-05,SPX,5078.649902
2024-03-05,USDJPY,150.466003
2024-03-05,USDKRW,1328.939941
2024-03-05,WTI,78.150002
2024-03-06,CALL,3.477
2024-03-06,CD91,3.68
2024-03-06,CNYKRW,185.301561
2024-03-06,CORPAA3Y,3.962
2024-03-06,DJI,38661.050781
2024-03-06,DXY,103.370003
2024-03-06,EURKRW,1448.380005
2024-03-06,EURUSD,1.0856
2024-03-06,GBPUSD,1.270487
2024-03-06,GOLD_INTL,2150.300049
2024-03-06,HSI,16438.089844
2024-03-06,IXIC,16031.540039
2024-03-06,JPYKRW100,888.87701
2024-03-06,KOSDAQ,870.669983
2024-03-06,KOSPI,2641.48999
2024-03-06,KTB10Y,3.381
2024-03-06,KTB3Y,3.326
2024-03-06,KTB5Y,3.362
2024-03-06,N225,40090.78125
2024-03-06,SOX,4997.930176
2024-03-06,SPX,5104.759766
2024-03-06,USDJPY,150.048996
2024-03-06,USDKRW,1333.430054
2024-03-06,WTI,79.129997
2024-03-07,CALL,3.375
2024-03-07,CD91,3.68
2024-03-07,CNYKRW,184.42307
2024-03-07,CORPAA3Y,3.959
2024-03-07,DJI,38791.351563
2024-03-07,DXY,102.82
2024-03-07,EURKRW,1448.630005
2024-03-07,EURUSD,1.089954
2024-03-07,GBPUSD,1.273545
2024-03-07,GOLD_INTL,2158
2024-03-07,HSI,16229.780273
2024-03-07,IXIC,16273.379883
2024-03-07,JPYKRW100,889.035511
2024-03-07,KOSDAQ,863.369995
2024-03-07,KOSPI,2647.620117
2024-03-07,KTB10Y,3.399
2024-03-07,KTB3Y,3.32
2024-03-07,KTB5Y,3.362
2024-03-07,N225,39598.710938
2024-03-07,SOX,5165.830078
2024-03-07,SPX,5157.359863
2024-03-07,USDJPY,149.268997
2024-03-07,USDKRW,1327.089966
2024-03-07,WTI,78.93
2024-03-08,CALL,3.546
2024-03-08,CD91,3.68
2024-03-08,CNYKRW,183.693684
2024-03-08,CORPAA3Y,3.91
2024-03-08,DJI,38722.691406
2024-03-08,DXY,102.739998
2024-03-08,EURKRW,1448.839966
2024-03-08,EURUSD,1.095014
2024-03-08,GBPUSD,1.281558
2024-03-08,GOLD_INTL,2178.600098
2024-03-08,HSI,16353.389648
2024-03-08,IXIC,16085.110352
2024-03-08,JPYKRW100,893.443775
2024-03-08,KOSDAQ,873.179993
2024-03-08,KOSPI,2680.350098
2024-03-08,KTB10Y,3.334
2024-03-08,KTB3Y,3.271
2024-03-08,KTB5Y,3.269
2024-03-08,N225,39688.941406
2024-03-08,SOX,4957.779785
2024-03-08,SPX,5123.689941
2024-03-08,USDJPY,147.867996
2024-03-08,USDKRW,1321.180054
2024-03-08,WTI,78.010002
2024-03-11,CALL,3.4
2024-03-11,CD91,3.67
2024-03-11,CNYKRW,183.15147
2024-03-11,CORPAA3Y,3.914
2024-03-11,DJI,38769.660156
2024-03-11,DXY,102.870003
2024-03-11,EURKRW,1439.880005
2024-03-11,EURUSD,1.094296
2024-03-11,GBPUSD,1.285512
2024-03-11,GOLD_INTL,2182.5
2024-03-11,HSI,16587.570313
2024-03-11,IXIC,16019.269531
2024-03-11,JPYKRW100,896.776295
2024-03-11,KOSDAQ,875.929993
2024-03-11,KOSPI,2659.840088
2024-03-11,KTB10Y,3.34
2024-03-11,KTB3Y,3.275
2024-03-11,KTB5Y,3.284
2024-03-11,N225,38820.488281
2024-03-11,SOX,4890.200195
2024-03-11,SPX,5117.939941
2024-03-11,USDJPY,146.774002
2024-03-11,USDKRW,1315.97998
2024-03-11,WTI,77.93
2024-03-12,CALL,3.421
2024-03-12,CD91,3.66
2024-03-12,CNYKRW,182.429912
2024-03-12,CORPAA3Y,3.917
2024-03-12,DJI,39005.488281
2024-03-12,DXY,102.959999
2024-03-12,EURKRW,1431.410034
2024-03-12,EURUSD,1.093135
2024-03-12,GBPUSD,1.281981
2024-03-12,GOLD_INTL,2160.399902
2024-03-12,HSI,17093.5
2024-03-12,IXIC,16265.639648
2024-03-12,JPYKRW100,892.973042
2024-03-12,KOSDAQ,889.710022
2024-03-12,KOSPI,2681.810059
2024-03-12,KTB10Y,3.335
2024-03-12,KTB3Y,3.273
2024-03-12,KTB5Y,3.284
2024-03-12,N225,38797.511719
2024-03-12,SOX,4992.509766
2024-03-12,SPX,5175.27002
2024-03-12,USDJPY,146.731995
2024-03-12,USDKRW,1310.540039
2024-03-12,WTI,77.559998
2024-03-13,CALL,3.471
2024-03-13,CD91,3.65
2024-03-13,CNYKRW,182.585988
2024-03-13,CORPAA3Y,3.899
2024-03-13,DJI,39043.320313
2024-03-13,DXY,102.790001
2024-03-13,EURKRW,1429.52002
2024-03-13,EURUSD,1.092777
2024-03-13,GBPUSD,1.279591
2024-03-13,GOLD_INTL,2175.399902
2024-03-13,HSI,17082.109375
2024-03-13,IXIC,16177.769531
2024-03-13,JPYKRW100,888.063335
2024-03-13,KOSDAQ,889.929993
2024-03-13,KOSPI,2693.570068
2024-03-13,KTB10Y,3.335
2024-03-13,KTB3Y,3.253
2024-03-13,KTB5Y,3.275
2024-03-13,N225,38695.96875
2024-03-13,SOX,4868.950195
2024-03-13,SPX,5165.310059
2024-03-13,USDJPY,147.619003
2024-03-13,USDKRW,1311.150024
2024-03-13,WTI,79.720001
2024-03-14,CALL,3.486
2024-03-14,CD91,3.64
2024-03-14,CNYKRW,182.791582
2024-03-14,CORPAA3Y,3.922
2024-03-14,DJI,38905.660156
2024-03-14,DXY,103.360001
2024-03-14,EURKRW,1437.569946
2024-03-14,EURUSD,1.09553
2024-03-14,GBPUSD,1.280213
2024-03-14,GOLD_INTL,2163
2024-03-14,HSI,16961.660156
2024-03-14,IXIC,16128.530273
2024-03-14,JPYKRW100,889.874077
2024-03-14,KOSDAQ,887.52002
2024-03-14,KOSPI,2718.76001
2024-03-14,KTB10Y,3.354
2024-03-14,KTB3Y,3.274
2024-03-14,KTB5Y,3.302
2024-03-14,N225,38807.378906
2024-03-14,SOX,4783.649902
2024-03-14,SPX,5150.47998
2024-03-14,USDJPY,147.621002
2024-03-14,USDKRW,1313.650024
2024-03-14,WTI,81.260002
2024-03-15,CALL,3.464
2024-03-15,CD91,3.64
2024-03-15,CNYKRW,183.799117
2024-03-15,CORPAA3Y,3.953
2024-03-15,DJI,38714.769531
2024-03-15,DXY,103.43
2024-03-15,EURKRW,1439.079956
2024-03-15,EURUSD,1.088341
2024-03-15,GBPUSD,1.274584
2024-03-15,GOLD_INTL,2157.300049
2024-03-15,HSI,16720.890625
2024-03-15,IXIC,15973.169922
2024-03-15,JPYKRW100,891.123009
2024-03-15,KOSDAQ,880.460022
2024-03-15,KOSPI,2666.840088
2024-03-15,KTB10Y,3.41
2024-03-15,KTB3Y,3.309
2024-03-15,KTB5Y,3.344
2024-03-15,N225,38707.640625
2024-03-15,SOX,4757.709961
2024-03-15,SPX,5117.089844
2024-03-15,USDJPY,148.296005
2024-03-15,USDKRW,1321.920044
2024-03-15,WTI,81.040001
2024-03-18,CALL,3.441
2024-03-18,CD91,3.64
2024-03-18,CNYKRW,184.758851
2024-03-18,CORPAA3Y,3.993
2024-03-18,DJI,38790.429688
2024-03-18,DXY,103.580002
2024-03-18,EURKRW,1418.593994
2024-03-18,EURUSD,1.088258
2024-03-18,GBPUSD,1.273139
2024-03-18,GOLD_INTL,2160.699951
2024-03-18,HSI,16737.119141
2024-03-18,IXIC,16103.450195
2024-03-18,JPYKRW100,892.587376
2024-03-18,KOSDAQ,894.47998
2024-03-18,KOSPI,2685.840088
2024-03-18,KTB10Y,3.435
2024-03-18,KTB3Y,3.347
2024-03-18,KTB5Y,3.381
2024-03-18,N225,39740.441406
2024-03-18,SOX,4757.600098
2024-03-18,SPX,5149.419922
2024-03-18,USDJPY,148.955002
2024-03-18,USDKRW,1329.339966
2024-03-18,WTI,82.720001
2024-03-19,CALL,3.513
2024-03-19,CD91,3.64
2024-03-19,CNYKRW,185.640249
2024-03-19,CORPAA3Y,4.022
2024-03-19,DJI,39110.761719
2024-03-19,DXY,103.809998
2024-03-19,EURKRW,1451.98999
2024-03-19,EURUSD,1.087394
2024-03-19,GBPUSD,1.272718
2024-03-19,GOLD_INTL,2156.300049
2024-03-19,HSI,16529.480469
2024-03-19,IXIC,16166.790039
2024-03-19,JPYKRW100,895.685768
2024-03-19,KOSDAQ,891.909973
2024-03-19,KOSPI,2656.169922
2024-03-19,KTB10Y,3.469
2024-03-19,KTB3Y,3.379
2024-03-19,KTB5Y,3.416
2024-03-19,N225,40003.601563
2024-03-19,SOX,4712.810059
2024-03-19,SPX,5178.509766
2024-03-19,USDJPY,149.143997
2024-03-19,USDKRW,1336.089966
2024-03-19,WTI,83.470001
2024-03-20,CALL,3.533
2024-03-20,CD91,3.64
2024-03-20,CNYKRW,185.748823
2024-03-20,CORPAA3Y,4.006
2024-03-20,DJI,39512.128906
2024-03-20,DXY,103.410004
2024-03-20,EURKRW,1451.77002
2024-03-20,EURUSD,1.086331
2024-03-20,GBPUSD,1.271941
2024-03-20,GOLD_INTL,2157.899902
2024-03-20,HSI,16543.070313
2024-03-20,IXIC,16369.410156
2024-03-20,JPYKRW100,885.238457
2024-03-20,KOSDAQ,891.450012
2024-03-20,KOSPI,2690.139893
2024-03-20,KTB10Y,3.459
2024-03-20,KTB3Y,3.383
2024-03-20,KTB5Y,3.407
2024-03-20,SOX,4788.180176
2024-03-20,SPX,5224.620117
2024-03-20,USDJPY,151.035004
2024-03-20,USDKRW,1337.02002
2024-03-20,WTI,81.68
2024-03-21,CALL,3.529
2024-03-21,CD91,3.65
2024-03-21,CNYKRW,184.799101
2024-03-21,CORPAA3Y,3.942
2024-03-21,DJI,39781.371094
2024-03-21,DXY,104
2024-03-21,EURKRW,1452.160034
2024-03-21,EURUSD,1.093721
2024-03-21,GBPUSD,1.279836
2024-03-21,GOLD_INTL,2182.399902
2024-03-21,HSI,16863.099609
2024-03-21,IXIC,16401.839844
2024-03-21,JPYKRW100,882.325363
2024-03-21,KOSDAQ,904.289978
2024-03-21,KOSPI,2754.860107
2024-03-21,KTB10Y,3.411
2024-03-21,KTB3Y,3.306
2024-03-21,KTB5Y,3.35
2024-03-21,N225,40815.660156
2024-03-21,SOX,4897.879883
2024-03-21,SPX,5241.529785
2024-03-21,USDJPY,150.759995
2024-03-21,USDKRW,1330.109985
2024-03-21,WTI,81.07
2024-03-22,CALL,3.476
2024-03-22,CD91,3.65
2024-03-22,CNYKRW,185.418579
2024-03-22,CORPAA3Y,3.918
2024-03-22,DJI,39475.898438
2024-03-22,DXY,104.43
2024-03-22,EURKRW,1446.439941
2024-03-22,EURUSD,1.086236
2024-03-22,GBPUSD,1.266191
2024-03-22,GOLD_INTL,2158.100098
2024-03-22,HSI,16499.470703
2024-03-22,IXIC,16428.820313
2024-03-22,JPYKRW100,880.198383
2024-03-22,KOSDAQ,903.97998
2024-03-22,KOSPI,2748.560059
2024-03-22,KTB10Y,3.361
2024-03-22,KTB3Y,3.282
2024-03-22,KTB5Y,3.313
2024-03-22,N225,40888.429688
2024-03-22,SOX,4908.259766
2024-03-22,SPX,5234.180176
2024-03-22,USDJPY,151.632996
2024-03-22,USDKRW,1334.680054
2024-03-22,WTI,80.629997
2024-03-25,CALL,3.482
2024-03-25,CD91,3.65
2024-03-25,CNYKRW,185.885642
2024-03-25,CORPAA3Y,3.915
2024-03-25,DJI,39313.640625
2024-03-25,DXY,104.230003
2024-03-25,EURKRW,1451.98999
2024-03-25,EURUSD,1.080754
2024-03-25,GBPUSD,1.259795
2024-03-25,GOLD_INTL,2174.800049
2024-03-25,HSI,16473.640625
2024-03-25,IXIC,16384.470703
2024-03-25,JPYKRW100,887.97617
2024-03-25,KOSDAQ,913.690002
2024-03-25,KOSPI,2737.570068
2024-03-25,KTB10Y,3.369
2024-03-25,KTB3Y,3.289
2024-03-25,KTB5Y,3.331
2024-03-25,N225,40414.121094
2024-03-25,SOX,4891.490234
2024-03-25,SPX,5218.189941
2024-03-25,USDJPY,151.304993
2024-03-25,USDKRW,1343.599976
2024-03-25,WTI,81.949997
2024-03-26,CALL,3.472
2024-03-26,CD91,3.64
2024-03-26,CNYKRW,185.773549
2024-03-26,CORPAA3Y,3.923
2024-03-26,DJI,39282.328125
2024-03-26,DXY,104.290001
2024-03-26,EURKRW,1451.069946
2024-03-26,EURUSD,1.083823
2024-03-26,GBPUSD,1.263791
2024-03-26,GOLD_INTL,2175.600098
2024-03-26,HSI,16618.320313
2024-03-26,IXIC,16315.700195
2024-03-26,JPYKRW100,884.690857
2024-03-26,KOSDAQ,916.090027
2024-03-26,KOSPI,2757.090088
2024-03-26,KTB10Y,3.394
2024-03-26,KTB3Y,3.301
2024-03-26,KTB5Y,3.34
2024-03-26,N225,40398.03125
2024-03-26,SOX,4851.879883
2024-03-26,SPX,5203.580078
2024-03-26,USDJPY,151.373001
2024-03-26,USDKRW,1339.130005
2024-03-26,WTI,81.620003
2024-03-27,CALL,3.44
2024-03-27,CD91,3.63
2024-03-27,CNYKRW,186.078676
2024-03-27,CORPAA3Y,3.903
2024-03-27,DJI,39760.078125
2024-03-27,DXY,104.349998
2024-03-27,EURKRW,1451.51001
2024-03-27,EURUSD,1.083236
2024-03-27,GBPUSD,1.26285
2024-03-27,GOLD_INTL,2190.600098
2024-03-27,HSI,16392.839844
2024-03-27,IXIC,16399.519531
2024-03-27,JPYKRW100,886.338615
2024-03-27,KOSDAQ,911.25
2024-03-27,KOSPI,2755.110107
2024-03-27,KTB10Y,3.375
2024-03-27,KTB3Y,3.289
2024-03-27,KTB5Y,3.322
2024-03-27,N225,40762.730469
2024-03-27,SOX,4899.950195
2024-03-27,SPX,5248.490234
2024-03-27,USDJPY,151.529999
2024-03-27,USDKRW,1343.060059
2024-03-27,WTI,81.349998
2024-03-28,CALL,3.502
2024-03-28,CD91,3.64
2024-03-28,CNYKRW,186.802851
2024-03-28,CORPAA3Y,3.903
2024-03-28,DJI,39807.371094
2024-03-28,DXY,104.550003
2024-03-28,EURKRW,1461.069946
2024-03-28,EURUSD,1.081338
2024-03-28,GBPUSD,1.26167
2024-03-28,GOLD_INTL,2217.399902
2024-03-28,HSI,16541.419922
2024-03-28,IXIC,16379.459961
2024-03-28,JPYKRW100,892.176056
2024-03-28,KOSDAQ,910.049988
2024-03-28,KOSPI,2745.820068
2024-03-28,KTB10Y,3.375
2024-03-28,KTB3Y,3.292
2024-03-28,KTB5Y,3.322
2024-03-28,N225,40168.070313
2024-03-28,SOX,4905.209961
2024-03-28,SPX,5254.350098
2024-03-28,USDJPY,151.287003
2024-03-28,USDKRW,1349.800049
2024-03-28,WTI,83.169998
2024-03-29,CALL,3.574
2024-03-29,CD91,3.64
2024-03-29,CNYKRW,186.784756
2024-03-29,CORPAA3Y,3.926
2024-03-29,EURKRW,1454.52002
2024-03-29,EURUSD,1.079447
2024-03-29,GBPUSD,1.262626
2024-03-29,JPYKRW100,891.263008
2024-03-29,KOSDAQ,905.5
2024-03-29,KOSPI,2746.629883
2024-03-29,KTB10Y,3.414
2024-03-29,KTB3Y,3.322
2024-03-29,KTB5Y,3.355
2024-03-29,N225,40369.441406
2024-03-29,USDJPY,151.440002
2024-03-29,USDKRW,1349.800049
2024-04-01,CALL,3.501
2024-04-01,CD91,3.63
2024-04-01,CNYKRW,186.323286
2024-04-01,CORPAA3Y,3.896
2024-04-01,DJI,39566.851563
2024-04-01,DXY,105.019997
2024-04-01,EURKRW,1454.630005
2024-04-01,EURUSD,1.079273
2024-04-01,GBPUSD,1.263727
2024-04-01,GOLD_INTL,2236.5
2024-04-01,IXIC,16396.830078
2024-04-01,JPYKRW100,888.609314
2024-04-01,KOSDAQ,912.450012
2024-04-01,KOSPI,2747.860107
2024-04-01,KTB10Y,3.376
2024-04-01,KTB3Y,3.287
2024-04-01,KTB5Y,3.323
2024-04-01,N225,39803.089844
2024-04-01,SOX,4962.100098
2024-04-01,SPX,5243.77002
2024-04-01,USDJPY,151.397995
2024-04-01,USDKRW,1345.310059
2024-04-01,WTI,83.709999
2024-04-02,CALL,3.479
2024-04-02,CD91,3.63
2024-04-02,CNYKRW,187.494642
2024-04-02,CORPAA3Y,3.926
2024-04-02,DJI,39170.238281
2024-04-02,DXY,104.82
2024-04-02,EURKRW,1424.626953
2024-04-02,EURUSD,1.073722
2024-04-02,GBPUSD,1.254548
2024-04-02,GOLD_INTL,2261
2024-04-02,HSI,16931.519531
2024-04-02,IXIC,16240.450195
2024-04-02,JPYKRW100,894.231701
2024-04-02,KOSDAQ,891.590027
2024-04-02,KOSPI,2753.159912
2024-04-02,KTB10Y,3.425
2024-04-02,KTB3Y,3.333
2024-04-02,KTB5Y,3.368
2024-04-02,N225,39838.910156
2024-04-02,SOX,4886.939941
2024-04-02,SPX,5205.810059
2024-04-02,USDJPY,151.580994
2024-04-02,USDKRW,1355.530029
2024-04-02,WTI,85.150002
2024-04-03,CALL,3.445
2024-04-03,CD91,3.62
2024-04-03,CNYKRW,186.760963
2024-04-03,CORPAA3Y,3.927
2024-04-03,DJI,39127.140625
2024-04-03,DXY,104.25
2024-04-03,EURKRW,1455.02002
2024-04-03,EURUSD,1.076855
2024-04-03,GBPUSD,1.257688
2024-04-03,GOLD_INTL,2294.399902
2024-04-03,HSI,16725.099609
2024-04-03,IXIC,16277.459961
2024-04-03,JPYKRW100,891.281986
2024-04-03,KOSDAQ,879.960022
2024-04-03,KOSPI,2706.969971
2024-04-03,KTB10Y,3.453
2024-04-03,KTB3Y,3.341
2024-04-03,KTB5Y,3.38
2024-04-03,N225,39451.851563
2024-04-03,SOX,4903.5
2024-04-03,SPX,5211.490234
2024-04-03,USDJPY,151.539993
2024-04-03,USDKRW,1350.72998
2024-04-03,WTI,85.43
2024-04-04,CALL,3.499
2024-04-04,CD91,3.62
2024-04-04,CNYKRW,185.895168
2024-04-04,CORPAA3Y,3.919
2024-04-04,DJI,38596.980469
2024-04-04,DXY,104.120003
2024-04-04,EURKRW,1458.140015
2024-04-04,EURUSD,1.083835
2024-04-04,GBPUSD,1.265182
2024-04-04,GOLD_INTL,2288.800049
2024-04-04,IXIC,16049.080078
2024-04-04,JPYKRW100,887.277031
2024-04-04,KOSDAQ,882.900024
2024-04-04,KOSPI,2742
2024-04-04,KTB10Y,3.456
2024-04-04,KTB3Y,3.339
2024-04-04,KTB5Y,3.377
2024-04-04,N225,39773.140625
2024-04-04,SOX,4756.069824
2024-04-04,SPX,5147.209961
2024-04-04,USDJPY,151.580994
2024-04-04,USDKRW,1344.839966
2024-04-04,WTI,86.589996
2024-04-05,CALL,3.526
2024-04-05,CD91,3.58
2024-04-05,CNYKRW,186.809324
2024-04-05,CORPAA3Y,3.902
2024-04-05,DJI,38904.039063
2024-04-05,DXY,104.300003
2024-04-05,EURKRW,1463.640015
2024-04-05,EURUSD,1.083705
2024-04-05,GBPUSD,1.264019
2024-04-05,GOLD_INTL,2325.699951
2024-04-05,HSI,16723.919922
2024-04-05,IXIC,16248.519531
2024-04-05,JPYKRW100,893.236732
2024-04-05,KOSDAQ,872.289978
2024-04-05,KOSPI,2714.209961
2024-04-05,KTB10Y,3.431
2024-04-05,KTB3Y,3.33
2024-04-05,KTB5Y,3.369
2024-04-05,N225,38992.078125
2024-04-05,SOX,4819.129883
2024-04-05,SPX,5204.339844
2024-04-05,USDJPY,151.292007
2024-04-05,USDKRW,1351.359985
2024-04-05,WTI,86.910004
2024-04-08,CALL,3.544
2024-04-08,CD91,3.56
2024-04-08,CNYKRW,186.723182
2024-04-08,CORPAA3Y,3.945
2024-04-08,DJI,38892.800781
2024-04-08,DXY,104.139999
2024-04-08,EURKRW,1435.432983
2024-04-08,EURUSD,1.083048
2024-04-08,GBPUSD,1.262531
2024-04-08,GOLD_INTL,2331.699951
2024-04-08,HSI,16732.849609
2024-04-08,IXIC,16253.959961
2024-04-08,JPYKRW100,890.121555
2024-04-08,KOSDAQ,860.570007
2024-04-08,KOSPI,2717.649902
2024-04-08,KTB10Y,3.489
2024-04-08,KTB3Y,3.386
2024-04-08,KTB5Y,3.425
2024-04-08,N225,39347.039063
2024-04-08,SOX,4825.390137
2024-04-08,SPX,5202.390137
2024-04-08,USDJPY,151.690002
2024-04-08,USDKRW,1350.27002
2024-04-08,WTI,86.43
2024-04-09,CALL,3.461
2024-04-09,CD91,3.57
2024-04-09,CNYKRW,187.313437
2024-04-09,CORPAA3Y,3.953
2024-04-09,DJI,38883.671875
2024-04-09,DXY,104.150002
2024-04-09,EURKRW,1466.829956
2024-04-09,EURUSD,1.086366
2024-04-09,GBPUSD,1.265871
2024-04-09,GOLD_INTL,2343.5
2024-04-09,HSI,16828.070313
2024-04-09,IXIC,16306.639648
2024-04-09,JPYKRW100,891.8437
2024-04-09,KOSDAQ,859.330017
2024-04-09,KOSPI,2705.159912
2024-04-09,KTB10Y,3.501
2024-04-09,KTB3Y,3.39
2024-04-09,KTB5Y,3.435
2024-04-09,N225,39773.128906
2024-04-09,SOX,4870.810059
2024-04-09,SPX,5209.910156
2024-04-09,USDJPY,151.843002
2024-04-09,USDKRW,1354.219971
2024-04-09,WTI,85.230003
2024-04-10,CNYKRW,186.502003
2024-04-10,DJI,38461.511719
2024-04-10,DXY,105.25
2024-04-10,EURKRW,1468.920044
2024-04-10,EURUSD,1.08593
2024-04-10,GBPUSD,1.267765
2024-04-10,GOLD_INTL,2329.600098
2024-04-10,HSI,17139.169922
2024-04-10,IXIC,16170.360352
2024-04-10,JPYKRW100,889.284897
2024-04-10,N225,39581.808594
2024-04-10,SOX,4790.350098
2024-04-10,SPX,5160.640137
2024-04-10,USDJPY,151.776993
2024-04-10,USDKRW,1348.540039
2024-04-10,WTI,86.209999
2024-04-11,CALL,3.503
2024-04-11,CD91,3.57
2024-04-11,CNYKRW,188.586045
2024-04-11,CORPAA3Y,4.016
2024-04-11,DJI,38459.078125
2024-04-11,DXY,105.279999
2024-04-11,EURKRW,1463.790039
2024-04-11,EURUSD,1.074172
2024-04-11,GBPUSD,1.253761
2024-04-11,GOLD_INTL,2354.800049
2024-04-11,HSI,17095.029297
2024-04-11,IXIC,16442.199219
2024-04-11,JPYKRW100,891.602802
2024-04-11,KOSDAQ,858.099976
2024-04-11,KOSPI,2706.959961
2024-04-11,KTB10Y,3.584
2024-04-11,KTB3Y,3.466
2024-04-11,KTB5Y,3.511
2024-04-11,N225,39442.628906
2024-04-11,SOX,4906.370117
2024-04-11,SPX,5199.060059
2024-04-11,USDJPY,152.964005
2024-04-11,USDKRW,1363.76001
2024-04-11,WTI,85.019997
2024-04-12,CALL,3.5
2024-04-12,CD91,3.56
2024-04-12,CNYKRW,189.035224
2024-04-12,CORPAA3Y,3.961
2024-04-12,DJI,37983.238281
2024-04-12,DXY,106.040001
2024-04-12,EURKRW,1467.290039
2024-04-12,EURUSD,1.072685
2024-04-12,GBPUSD,1.255477
2024-04-12,GOLD_INTL,2356.199951
2024-04-12,HSI,16721.689453
2024-04-12,IXIC,16175.089844
2024-04-12,JPYKRW100,892.942142
2024-04-12,KOSDAQ,860.469971
2024-04-12,KOSPI,2681.820068
2024-04-12,KTB10Y,3.541
2024-04-12,KTB3Y,3.407
2024-04-12,KTB5Y,3.455
2024-04-12,N225,39523.550781
2024-04-12,SOX,4745.049805
2024-04-12,SPX,5123.410156
2024-04-12,USDJPY,153.192001
2024-04-12,USDKRW,1367.839966
2024-04-12,WTI,85.660004
2024-04-15,CALL,3.494
2024-04-15,CD91,3.56
2024-04-15,CNYKRW,190.669742
2024-04-15,CORPAA3Y,3.983
2024-04-15,DJI,37735.109375
2024-04-15,DXY,106.209999
2024-04-15,EURKRW,1467.290039
2024-04-15,EURUSD,1.064963
2024-04-15,GBPUSD,1.246184
2024-04-15,GOLD_INTL,2365.800049
2024-04-15,HSI,16600.460938
2024-04-15,IXIC,15885.019531
2024-04-15,JPYKRW100,899.938393
2024-04-15,KOSDAQ,852.419983
2024-04-15,KOSPI,2670.429932
2024-04-15,KTB10Y,3.561
2024-04-15,KTB3Y,3.44
2024-04-15,KTB5Y,3.494
2024-04-15,N225,39232.800781
2024-04-15,SOX,4679.100098
2024-04-15,SPX,5061.819824
2024-04-15,USDJPY,153.283005
2024-04-15,USDKRW,1379.609985
2024-04-15,WTI,85.410004
2024-04-16,CALL,3.42
2024-04-16,CD91,3.56
2024-04-16,CNYKRW,191.746586
2024-04-16,CORPAA3Y,4.01
2024-04-16,DJI,37798.96875
2024-04-16,DXY,106.260002
2024-04-16,EURKRW,1474.949951
2024-04-16,EURUSD,1.062575
2024-04-16,GBPUSD,1.244741
2024-04-16,GOLD_INTL,2390.800049
2024-04-16,HSI,16248.969727
2024-04-16,IXIC,15865.25
2024-04-16,JPYKRW100,900.038338
2024-04-16,KOSDAQ,832.809998
2024-04-16,KOSPI,2609.629883
2024-04-16,KTB10Y,3.614
2024-04-16,KTB3Y,3.468
2024-04-16,KTB5Y,3.533
2024-04-16,N225,38471.199219
2024-04-16,SOX,4720.529785
2024-04-16,SPX,5051.410156
2024-04-16,USDJPY,154.205994
2024-04-16,USDKRW,1387.670044
2024-04-16,WTI,85.360001
2024-04-17,CALL,3.485
2024-04-17,CD91,3.55
2024-04-17,CNYKRW,191.722174
2024-04-17,CORPAA3Y,4.007
2024-04-17,DJI,37753.308594
2024-04-17,DXY,105.949997
2024-04-17,EURKRW,1477.369995
2024-04-17,EURUSD,1.062146
2024-04-17,GBPUSD,1.243101
2024-04-17,GOLD_INTL,2371.699951
2024-04-17,HSI,16251.839844
2024-04-17,IXIC,15683.370117
2024-04-17,JPYKRW100,898.991299
2024-04-17,KOSDAQ,833.030029
2024-04-17,KOSPI,2584.179932
2024-04-17,KTB10Y,3.642
2024-04-17,KTB3Y,3.483
2024-04-17,KTB5Y,3.551
2024-04-17,N225,37961.800781
2024-04-17,SOX,4567.310059
2024-04-17,SPX,5022.209961
2024-04-17,USDJPY,154.697998
2024-04-17,USDKRW,1387.339966
2024-04-17,WTI,82.690002
2024-04-18,CALL,3.519
2024-04-18,CD91,3.55
2024-04-18,CNYKRW,190.612655
2024-04-18,CORPAA3Y,3.96
2024-04-18,DJI,37775.378906
2024-04-18,DXY,106.150002
2024-04-18,EURKRW,1468.5
2024-04-18,EURUSD,1.06694
2024-04-18,GBPUSD,1.245377
2024-04-18,GOLD_INTL,2382.300049
2024-04-18,HSI,16385.869141
2024-04-18,IXIC,15601.5
2024-04-18,JPYKRW100,893.802834
2024-04-18,KOSDAQ,855.650024
2024-04-18,KOSPI,2634.699951
2024-04-18,KTB10Y,3.559
2024-04-18,KTB3Y,3.42
2024-04-18,KTB5Y,3.484
2024-04-18,N225,38079.699219
2024-04-18,SOX,4491.709961
2024-04-18,SPX,5011.120117
2024-04-18,USDJPY,154.341995
2024-04-18,USDKRW,1379.540039
2024-04-18,WTI,82.730003
2024-04-19,CALL,3.514
2024-04-19,CD91,3.55
2024-04-19,CNYKRW,190.611745
2024-04-19,CORPAA3Y,3.982
2024-04-19,DJI,37986.398438
2024-04-19,DXY,106.150002
2024-04-19,EURKRW,1465.300049
2024-04-19,EURUSD,1.064419
2024-04-19,GBPUSD,1.243766
2024-04-19,GOLD_INTL,2398.399902
2024-04-19,HSI,16224.139648
2024-04-19,IXIC,15282.009766
2024-04-19,JPYKRW100,892.162991
2024-04-19,KOSDAQ,841.909973
2024-04-19,KOSPI,2591.860107
2024-04-19,KTB10Y,3.584
2024-04-19,KTB3Y,3.469
2024-04-19,KTB5Y,3.535
2024-04-19,N225,37068.351563
2024-04-19,SOX,4306.870117
2024-04-19,SPX,4967.22998
2024-04-19,USDJPY,154.610001
2024-04-19,USDKRW,1379.400024
2024-04-19,WTI,83.139999
2024-04-22,CALL,3.533
2024-04-22,CD91,3.56
2024-04-22,CNYKRW,189.785075
2024-04-22,CORPAA3Y,4.019
2024-04-22,DJI,38239.980469
2024-04-22,DXY,106.080002
2024-04-22,EURKRW,1439.119995
2024-04-22,EURUSD,1.065825
2024-04-22,GBPUSD,1.237578
2024-04-22,GOLD_INTL,2332.199951
2024-04-22,HSI,16511.689453
2024-04-22,IXIC,15451.30957
2024-04-22,JPYKRW100,888.504505
2024-04-22,KOSDAQ,845.820007
2024-04-22,KOSPI,2629.439941
2024-04-22,KTB10Y,3.649
2024-04-22,KTB3Y,3.513
2024-04-22,KTB5Y,3.583
2024-04-22,N225,37438.609375
2024-04-22,SOX,4381.919922
2024-04-22,SPX,5010.600098
2024-04-22,USDJPY,154.639999
2024-04-22,USDKRW,1373.930054
2024-04-22,WTI,82.849998
2024-04-23,CALL,3.532
2024-04-23,CD91,3.56
2024-04-23,CNYKRW,190.381774
2024-04-23,CORPAA3Y,3.992
2024-04-23,DJI,38503.691406
2024-04-23,DXY,105.690002
2024-04-23,EURKRW,1464.22998
2024-04-23,EURUSD,1.065405
2024-04-23,GBPUSD,1.235025
2024-04-23,GOLD_INTL,2327.699951
2024-04-23,HSI,16828.929688
2024-04-23,IXIC,15696.639648
2024-04-23,JPYKRW100,890.668869
2024-04-23,KOSDAQ,845.440002
2024-04-23,KOSPI,2623.02002
2024-04-23,KTB10Y,3.624
2024-04-23,KTB3Y,3.489
2024-04-23,KTB5Y,3.554
2024-04-23,N225,37552.160156
2024-04-23,SOX,4478.799805
2024-04-23,SPX,5070.549805
2024-04-23,USDJPY,154.813004
2024-04-23,USDKRW,1378.839966
2024-04-23,WTI,83.360001
2024-04-24,CALL,3.519
2024-04-24,CD91,3.56
2024-04-24,CNYKRW,189.17523
2024-04-24,CORPAA3Y,4.004
2024-04-24,DJI,38460.921875
2024-04-24,DXY,105.860001
2024-04-24,EURKRW,1468.550049
2024-04-24,EURUSD,1.070435
2024-04-24,GBPUSD,1.24533
2024-04-24,GOLD_INTL,2324.5
2024-04-24,HSI,17201.269531
2024-04-24,IXIC,15712.75
2024-04-24,JPYKRW100,885.580444
2024-04-24,KOSDAQ,862.22998
2024-04-24,KOSPI,2675.75
2024-04-24,KTB10Y,3.645
2024-04-24,KTB3Y,3.51
2024-04-24,KTB5Y,3.581
2024-04-24,N225,38460.078125
2024-04-24,SOX,4526.200195
2024-04-24,SPX,5071.629883
2024-04-24,USDJPY,154.744003
2024-04-24,USDKRW,1370.47998
2024-04-24,WTI,82.809998
2024-04-25,CALL,3.562
2024-04-25,CD91,3.57
2024-04-25,CNYKRW,190.07895
2024-04-25,CORPAA3Y,4.029
2024-04-25,DJI,38085.800781
2024-04-25,DXY,105.599998
2024-04-25,EURKRW,1470.459961
2024-04-25,EURUSD,1.069988
2024-04-25,GBPUSD,1.245951
2024-04-25,GOLD_INTL,2329.800049
2024-04-25,HSI,17284.539063
2024-04-25,IXIC,15611.759766
2024-04-25,JPYKRW100,886.814404
2024-04-25,KOSDAQ,853.26001
2024-04-25,KOSPI,2628.620117
2024-04-25,KTB10Y,3.702
2024-04-25,KTB3Y,3.54
2024-04-25,KTB5Y,3.626
2024-04-25,N225,37628.480469
2024-04-25,SOX,4615.040039
2024-04-25,SPX,5048.419922
2024-04-25,USDJPY,155.259003
2024-04-25,USDKRW,1376.969971
2024-04-25,WTI,83.57
2024-04-26,CALL,3.581
2024-04-26,CD91,3.57
2024-04-26,CNYKRW,189.497968
2024-04-26,CORPAA3Y,4.012
2024-04-26,DJI,38239.660156
2024-04-26,DXY,105.940002
2024-04-26,EURKRW,1471.380005
2024-04-26,EURUSD,1.072961
2024-04-26,GBPUSD,1.250907
2024-04-26,GOLD_INTL,2334.800049
2024-04-26,HSI,17651.150391
2024-04-26,IXIC,15927.900391
2024-04-26,JPYKRW100,881.64587
2024-04-26,KOSDAQ,856.820007
2024-04-26,KOSPI,2656.330078
2024-04-26,KTB10Y,3.711
2024-04-26,KTB3Y,3.548
2024-04-26,KTB5Y,3.61
2024-04-26,N225,37934.761719
2024-04-26,SOX,4735.290039
2024-04-26,SPX,5099.959961
2024-04-26,USDJPY,155.597
2024-04-26,USDKRW,1371.699951
2024-04-26,WTI,83.849998
2024-04-29,CALL,3.573
2024-04-29,CD91,3.57
2024-04-29,CNYKRW,190.085029
2024-04-29,CORPAA3Y,4.024
2024-04-29,DJI,38386.089844
2024-04-29,DXY,105.580002
2024-04-29,EURKRW,1470.550049
2024-04-29,EURUSD,1.070687
2024-04-29,GBPUSD,1.251048
2024-04-29,GOLD_INTL,2345.399902
2024-04-29,HSI,17746.910156
2024-04-29,IXIC,15983.080078
2024-04-29,JPYKRW100,870.289803
2024-04-29,KOSDAQ,869.719971
2024-04-29,KOSPI,2687.439941
2024-04-29,KTB10Y,3.706
2024-04-29,KTB3Y,3.552
2024-04-29,KTB5Y,3.621
2024-04-29,SOX,4765.790039
2024-04-29,SPX,5116.169922
2024-04-29,USDJPY,158.223999
2024-04-29,USDKRW,1377.089966
2024-04-29,WTI,82.629997
2024-04-30,CALL,3.655
2024-04-30,CD91,3.57
2024-04-30,CNYKRW,189.927742
2024-04-30,CORPAA3Y,3.995
2024-04-30,DJI,37815.921875
2024-04-30,DXY,106.220001
2024-04-30,EURKRW,1472.540039
2024-04-30,EURUSD,1.07157
2024-04-30,GBPUSD,1.255982
2024-04-30,GOLD_INTL,2291.399902
2024-04-30,HSI,17763.029297
2024-04-30,IXIC,15657.820313
2024-04-30,JPYKRW100,879.451561
2024-04-30,KOSDAQ,868.929993
2024-04-30,KOSPI,2692.060059
2024-04-30,KTB10Y,3.656
2024-04-30,KTB3Y,3.53
2024-04-30,KTB5Y,3.585
2024-04-30,N225,38405.660156
2024-04-30,SOX,4673.299805
2024-04-30,SPX,5035.689941
2024-04-30,USDJPY,156.313995
2024-04-30,USDKRW,1374.640015
2024-04-30,WTI,81.93
2024-05-01,CNYKRW,191.343379
2024-05-01,DJI,37903.289063
2024-05-01,DXY,105.760002
2024-05-01,EURKRW,1477.380005
2024-05-01,EURUSD,1.066655
2024-05-01,GBPUSD,1.249016
2024-05-01,GOLD_INTL,2299.899902
2024-05-01,IXIC,15605.480469
2024-05-01,JPYKRW100,878.405094
2024-05-01,N225,38274.050781
2024-05-01,SOX,4507.680176
2024-05-01,SPX,5018.390137
2024-05-01,USDJPY,157.722
2024-05-01,USDKRW,1385.459961
2024-05-01,WTI,79
2024-05-02,CALL,3.489
2024-05-02,CD91,3.57
2024-05-02,CNYKRW,189.919747
2024-05-02,CORPAA3Y,3.972
2024-05-02,DJI,38225.660156
2024-05-02,DXY,105.300003
2024-05-02,EURKRW,1477.01001
2024-05-02,EURUSD,1.072156
2024-05-02,GBPUSD,1.253934
2024-05-02,GOLD_INTL,2299.199951
2024-05-02,HSI,18207.130859
2024-05-02,IXIC,15840.959961
2024-05-02,JPYKRW100,883.043289
2024-05-02,KOSDAQ,867.47998
2024-05-02,KOSPI,2683.649902
2024-05-02,KTB10Y,3.636
2024-05-02,KTB3Y,3.508
2024-05-02,KTB5Y,3.561
2024-05-02,N225,38236.070313
2024-05-02,SOX,4605.350098
2024-05-02,SPX,5064.200195
2024-05-02,USDJPY,155.703995
2024-05-02,USDKRW,1375
2024-05-02,WTI,78.949997
2024-05-03,CALL,3.475
2024-05-03,CD91,3.58
2024-05-03,CNYKRW,188.527854
2024-05-03,CORPAA3Y,3.958
2024-05-03,DJI,38675.679688
2024-05-03,DXY,105.029999
2024-05-03,EURKRW,1465.420044
2024-05-03,EURUSD,1.073307
2024-05-03,GBPUSD,1.25406
2024-05-03,GOLD_INTL,2299
2024-05-03,HSI,18475.919922
2024-05-03,IXIC,16156.330078
2024-05-03,JPYKRW100,891.901207
2024-05-03,KOSDAQ,865.590027
2024-05-03,KOSPI,2676.629883
2024-05-03,KTB10Y,3.611
2024-05-03,KTB3Y,3.499
2024-05-03,KTB5Y,3.548
2024-05-03,SOX,4716.189941
2024-05-03,SPX,5127.790039
2024-05-03,USDJPY,153.044998
2024-05-03,USDKRW,1364.640015
2024-05-03,WTI,78.110001
2024-05-06,CNYKRW,187.259898
2024-05-06,DJI,38852.269531
2024-05-06,DXY,105.050003
2024-05-06,EURKRW,1432.939941
2024-05-06,EURUSD,1.075812
2024-05-06,GBPUSD,1.254107
2024-05-06,GOLD_INTL,2321.600098
2024-05-06,HSI,18578.300781
2024-05-06,IXIC,16349.25
2024-05-06,JPYKRW100,882.438183
2024-05-06,SOX,4820.450195
2024-05-06,SPX,5180.740234
2024-05-06,USDJPY,153.565994
2024-05-06,USDKRW,1355.050049
2024-05-06,WTI,78.480003
2024-05-07,CALL,3.5
2024-05-07,CD91,3.58
2024-05-07,CNYKRW,187.592954
2024-05-07,CORPAA3Y,3.912
2024-05-07,DJI,38884.261719
2024-05-07,DXY,105.410004
2024-05-07,EURKRW,1460.400024
2024-05-07,EURUSD,1.076751
2024-05-07,GBPUSD,1.255982
2024-05-07,GOLD_INTL,2315.199951
2024-05-07,HSI,18479.369141
2024-05-07,IXIC,16332.55957
2024-05-07,JPYKRW100,876.788521
2024-05-07,KOSDAQ,871.26001
2024-05-07,KOSPI,2734.360107
2024-05-07,KTB10Y,3.534
2024-05-07,KTB3Y,3.449
2024-05-07,KTB5Y,3.481
2024-05-07,N225,38835.101563
2024-05-07,SOX,4784.879883
2024-05-07,SPX,5187.700195
2024-05-07,USDJPY,154.237
2024-05-07,USDKRW,1352.170044
2024-05-07,WTI,78.379997
2024-05-08,CALL,3.485
2024-05-08,CD91,3.58
2024-05-08,CNYKRW,188.092926
2024-05-08,CORPAA3Y,3.901
2024-05-08,DJI,39056.390625
2024-05-08,DXY,105.550003
2024-05-08,EURKRW,1461.02002
2024-05-08,EURUSD,1.075049
2024-05-08,GBPUSD,1.250141
2024-05-08,GOLD_INTL,2313.600098
2024-05-08,HSI,18313.859375
2024-05-08,IXIC,16302.759766
2024-05-08,JPYKRW100,877.352905
2024-05-08,KOSDAQ,872.419983
2024-05-08,KOSPI,2745.050049
2024-05-08,KTB10Y,3.527
2024-05-08,KTB3Y,3.438
2024-05-08,KTB5Y,3.471
2024-05-08,N225,38202.371094
2024-05-08,SOX,4790.379883
2024-05-08,SPX,5187.669922
2024-05-08,USDJPY,154.748001
2024-05-08,USDKRW,1357.72998
2024-05-08,WTI,78.989998
2024-05-09,CALL,3.5
2024-05-09,CD91,3.58
2024-05-09,CNYKRW,188.535107
2024-05-09,CORPAA3Y,3.913
2024-05-09,DJI,39387.761719
2024-05-09,DXY,105.230003
2024-05-09,EURKRW,1465.369995
2024-05-09,EURUSD,1.074691
2024-05-09,GBPUSD,1.249328
2024-05-09,GOLD_INTL,2332.100098
2024-05-09,HSI,18537.810547
2024-05-09,IXIC,16346.259766
2024-05-09,JPYKRW100,876.414871
2024-05-09,KOSDAQ,870.150024
2024-05-09,KOSPI,2712.139893
2024-05-09,KTB10Y,3.555
2024-05-09,KTB3Y,3.452
2024-05-09,KTB5Y,3.486
2024-05-09,N225,38073.980469
2024-05-09,SOX,4759.77002
2024-05-09,SPX,5214.080078
2024-05-09,USDJPY,155.419006
2024-05-09,USDKRW,1361.939941
2024-05-09,WTI,79.260002
2024-05-10,CALL,3.546
2024-05-10,CD91,3.58
2024-05-10,CNYKRW,189.147636
2024-05-10,CORPAA3Y,3.894
2024-05-10,DJI,39512.839844
2024-05-10,DXY,105.309998
2024-05-10,EURKRW,1469.869995
2024-05-10,EURUSD,1.078516
2024-05-10,GBPUSD,1.252568
2024-05-10,GOLD_INTL,2367.300049
2024-05-10,HSI,18963.679688
2024-05-10,IXIC,16340.870117
2024-05-10,JPYKRW100,878.697968
2024-05-10,KOSDAQ,864.159973
2024-05-10,KOSPI,2727.629883
2024-05-10,KTB10Y,3.538
2024-05-10,KTB3Y,3.442
2024-05-10,KTB5Y,3.482
2024-05-10,N225,38229.109375
2024-05-10,SOX,4808.029785
2024-05-10,SPX,5222.680176
2024-05-10,USDJPY,155.389008
2024-05-10,USDKRW,1365.400024
2024-05-10,WTI,78.260002
2024-05-13,CALL,3.574
2024-05-13,CD91,3.59
2024-05-13,CNYKRW,189.613604
2024-05-13,CORPAA3Y,3.904
2024-05-13,DJI,39431.511719
2024-05-13,DXY,105.220001
2024-05-13,EURKRW,1443.359985
2024-05-13,EURUSD,1.077041
2024-05-13,GBPUSD,1.252285
2024-05-13,GOLD_INTL,2336.100098
2024-05-13,HSI,19115.060547
2024-05-13,IXIC,16388.240234
2024-05-13,JPYKRW100,879.290199
2024-05-13,KOSDAQ,854.429993
2024-05-13,KOSPI,2727.209961
2024-05-13,KTB10Y,3.553
2024-05-13,KTB3Y,3.45
2024-05-13,KTB5Y,3.491
2024-05-13,N225,38179.460938
2024-05-13,SOX,4823.089844
2024-05-13,SPX,5221.419922
2024-05-13,USDJPY,155.817993
2024-05-13,USDKRW,1370.109985
2024-05-13,WTI,79.120003
2024-05-14,CALL,3.563
2024-05-14,CD91,3.6
2024-05-14,CNYKRW,188.569345
2024-05-14,CORPAA3Y,3.9
2024-05-14,DJI,39558.109375
2024-05-14,DXY,105.010002
2024-05-14,EURKRW,1473.780029
2024-05-14,EURUSD,1.079354
2024-05-14,GBPUSD,1.256187
2024-05-14,GOLD_INTL,2353.399902
2024-05-14,HSI,19073.710938
2024-05-14,IXIC,16511.179688
2024-05-14,JPYKRW100,872.881508
2024-05-14,KOSDAQ,862.150024
2024-05-14,KOSPI,2730.340088
2024-05-14,KTB10Y,3.546
2024-05-14,KTB3Y,3.454
2024-05-14,KTB5Y,3.489
2024-05-14,N225,38356.058594
2024-05-14,SOX,4903.930176
2024-05-14,SPX,5246.680176
2024-05-14,USDJPY,156.233002
2024-05-14,USDKRW,1363.790039
2024-05-14,WTI,78.019997
2024-05-15,CNYKRW,188.397894
2024-05-15,DJI,39908
2024-05-15,DXY,104.349998
2024-05-15,EURKRW,1475.640015
2024-05-15,EURUSD,1.081455
2024-05-15,GBPUSD,1.258527
2024-05-15,GOLD_INTL,2388.699951
2024-05-15,IXIC,16742.390625
2024-05-15,JPYKRW100,870.644474
2024-05-15,N225,38385.730469
2024-05-15,SOX,5045.080078
2024-05-15,SPX,5308.149902
2024-05-15,USDJPY,156.498001
2024-05-15,USDKRW,1362.550049
2024-05-15,WTI,78.629997
2024-05-16,CALL,3.542
2024-05-16,CD91,3.6
2024-05-16,CNYKRW,187.538963
2024-05-16,CORPAA3Y,3.82
2024-05-16,DJI,39869.378906
2024-05-16,DXY,104.459999
2024-05-16,EURKRW,1473.599976
2024-05-16,EURUSD,1.088981
2024-05-16,GBPUSD,1.269003
2024-05-16,GOLD_INTL,2380
2024-05-16,HSI,19376.529297
2024-05-16,IXIC,16698.320313
2024-05-16,JPYKRW100,877.317524
2024-05-16,KOSDAQ,870.369995
2024-05-16,KOSPI,2753
2024-05-16,KTB10Y,3.454
2024-05-16,KTB3Y,3.374
2024-05-16,KTB5Y,3.402
2024-05-16,N225,38920.261719
2024-05-16,SOX,5017.540039
2024-05-16,SPX,5297.100098
2024-05-16,USDJPY,154.281998
2024-05-16,USDKRW,1353.599976
2024-05-16,WTI,79.230003
2024-05-17,CALL,3.534
2024-05-17,CD91,3.6
2024-05-17,CNYKRW,186.509635
2024-05-17,CORPAA3Y,3.825
2024-05-17,DJI,40003.589844
2024-05-17,DXY,104.449997
2024-05-17,EURKRW,1465.209961
2024-05-17,EURUSD,1.086779
2024-05-17,GBPUSD,1.267201
2024-05-17,GOLD_INTL,2412.199951
2024-05-17,HSI,19553.609375
2024-05-17,IXIC,16685.970703
2024-05-17,JPYKRW100,866.263962
2024-05-17,KOSDAQ,855.059998
2024-05-17,KOSPI,2724.620117
2024-05-17,KTB10Y,3.458
2024-05-17,KTB3Y,3.384
2024-05-17,KTB5Y,3.417
2024-05-17,N225,38787.378906
2024-05-17,SOX,4983.02002
2024-05-17,SPX,5303.27002
2024-05-17,USDJPY,155.378998
2024-05-17,USDKRW,1346.040039
2024-05-17,WTI,80.059998
2024-05-20,CALL,3.539
2024-05-20,CD91,3.6
2024-05-20,CNYKRW,187.380065
2024-05-20,CORPAA3Y,3.853
2024-05-20,DJI,39806.769531
2024-05-20,DXY,104.57
2024-05-20,EURKRW,1441.259033
2024-05-20,EURUSD,1.087548
2024-05-20,GBPUSD,1.270648
2024-05-20,GOLD_INTL,2433.899902
2024-05-20,HSI,19636.220703
2024-05-20,IXIC,16794.869141
2024-05-20,JPYKRW100,868.950176
2024-05-20,KOSDAQ,847.080017
2024-05-20,KOSPI,2742.139893
2024-05-20,KTB10Y,3.499
2024-05-20,KTB3Y,3.416
2024-05-20,KTB5Y,3.445
2024-05-20,N225,39069.679688
2024-05-20,SOX,5090.350098
2024-05-20,SPX,5308.129883
2024-05-20,USDJPY,155.753998
2024-05-20,USDKRW,1353.390015
2024-05-20,WTI,79.800003
2024-05-21,CALL,3.531
2024-05-21,CD91,3.6
2024-05-21,CNYKRW,188.08303
2024-05-21,CORPAA3Y,3.853
2024-05-21,DJI,39872.988281
2024-05-21,DXY,104.660004
2024-05-21,EURKRW,1476.920044
2024-05-21,EURUSD,1.086083
2024-05-21,GBPUSD,1.271084
2024-05-21,GOLD_INTL,2421.699951
2024-05-21,HSI,19220.619141
2024-05-21,IXIC,16832.619141
2024-05-21,JPYKRW100,869.795418
2024-05-21,KOSDAQ,846.51001
2024-05-21,KOSPI,2724.179932
2024-05-21,KTB10Y,3.491
2024-05-21,KTB3Y,3.41
2024-05-21,KTB5Y,3.439
2024-05-21,N225,38946.929688
2024-05-21,SOX,5074.399902
2024-05-21,SPX,5321.410156
2024-05-21,USDJPY,156.369995
2024-05-21,USDKRW,1360.160034
2024-05-21,WTI,79.260002
2024-05-22,CALL,3.531
2024-05-22,CD91,3.6
2024-05-22,CNYKRW,188.380136
2024-05-22,CORPAA3Y,3.848
2024-05-22,DJI,39671.039063
2024-05-22,DXY,104.940002
2024-05-22,EURKRW,1479.280029
2024-05-22,EURUSD,1.085517
2024-05-22,GBPUSD,1.271133
2024-05-22,GOLD_INTL,2389.199951
2024-05-22,HSI,19195.599609
2024-05-22,IXIC,16801.539063
2024-05-22,JPYKRW100,872.625065
2024-05-22,KOSDAQ,845.719971
2024-05-22,KOSPI,2723.459961
2024-05-22,KTB10Y,3.473
2024-05-22,KTB3Y,3.408
2024-05-22,KTB5Y,3.433
2024-05-22,N225,38617.101563
2024-05-22,SOX,5126.810059
2024-05-22,SPX,5307.009766
2024-05-22,USDJPY,156.251007
2024-05-22,USDKRW,1363.420044
2024-05-22,WTI,77.57
2024-05-23,CALL,3.556
2024-05-23,CD91,3.6
2024-05-23,CNYKRW,188.639977
2024-05-23,CORPAA3Y,3.84
2024-05-23,DJI,39065.261719
2024-05-23,DXY,105.110001
2024-05-23,EURKRW,1476.189941
2024-05-23,EURUSD,1.08252
2024-05-23,GBPUSD,1.272103
2024-05-23,GOLD_INTL,2335
2024-05-23,HSI,18868.710938
2024-05-23,IXIC,16736.029297
2024-05-23,JPYKRW100,871.374989
2024-05-23,KOSDAQ,846.580017
2024-05-23,KOSPI,2721.810059
2024-05-23,KTB10Y,3.473
2024-05-23,KTB3Y,3.403
2024-05-23,KTB5Y,3.421
2024-05-23,N225,39103.21875
2024-05-23,SOX,5125.97998
2024-05-23,SPX,5267.839844
2024-05-23,USDJPY,156.703995
2024-05-23,USDKRW,1365.810059
2024-05-23,WTI,76.870003
2024-05-24,CALL,3.565
2024-05-24,CD91,3.6
2024-05-24,CNYKRW,188.858664
2024-05-24,CORPAA3Y,3.861
2024-05-24,DJI,39069.589844
2024-05-24,DXY,104.720001
2024-05-24,EURKRW,1475.98999
2024-05-24,EURUSD,1.081268
2024-05-24,GBPUSD,1.269406
2024-05-24,GOLD_INTL,2332.5
2024-05-24,HSI,18608.939453
2024-05-24,IXIC,16920.789063
2024-05-24,JPYKRW100,871.261978
2024-05-24,KOSDAQ,839.409973
2024-05-24,KOSPI,2687.600098
2024-05-24,KTB10Y,3.516
2024-05-24,KTB3Y,3.425
2024-05-24,KTB5Y,3.453
2024-05-24,N225,38646.109375
2024-05-24,SOX,5220.919922
2024-05-24,SPX,5304.720215
2024-05-24,USDJPY,156.973007
2024-05-24,USDKRW,1367.619995
2024-05-24,WTI,77.720001
2024-05-27,CALL,3.555
2024-05-27,CD91,3.61
2024-05-27,CNYKRW,188.594902
2024-05-27,CORPAA3Y,3.851
2024-05-27,EURKRW,1451.942505
2024-05-27,EURUSD,1.084763
2024-05-27,GBPUSD,1.27361
2024-05-27,HSI,18827.349609
2024-05-27,JPYKRW100,870.611
2024-05-27,KOSDAQ,847.98999
2024-05-27,KOSPI,2722.98999
2024-05-27,KTB10Y,3.498
2024-05-27,KTB3Y,3.417
2024-05-27,KTB5Y,3.438
2024-05-27,N225,38900.019531
2024-05-27,USDJPY,156.869995
2024-05-27,USDKRW,1365.709961
2024-05-28,CALL,3.52
2024-05-28,CD91,3.62
2024-05-28,CNYKRW,187.93483
2024-05-28,CORPAA3Y,3.828
2024-05-28,DJI,38852.859375
2024-05-28,DXY,104.610001
2024-05-28,EURKRW,1476.469971
2024-05-28,EURUSD,1.086189
2024-05-28,GBPUSD,1.277237
2024-05-28,GOLD_INTL,2355.199951
2024-05-28,HSI,18821.160156
2024-05-28,IXIC,17019.880859
2024-05-28,JPYKRW100,867.657757
2024-05-28,KOSDAQ,851.01001
2024-05-28,KOSPI,2722.850098
2024-05-28,KTB10Y,3.488
2024-05-28,KTB3Y,3.392
2024-05-28,KTB5Y,3.43
2024-05-28,N225,38855.371094
2024-05-28,SOX,5317.870117
2024-05-28,SPX,5306.040039
2024-05-28,USDJPY,156.845001
2024-05-28,USDKRW,1360.930054
2024-05-28,WTI,79.830002
2024-05-29,CALL,3.523
2024-05-29,CD91,3.61
2024-05-29,CNYKRW,188.096623
2024-05-29,CORPAA3Y,3.855
2024-05-29,DJI,38441.539063
2024-05-29,DXY,105.099998
2024-05-29,EURKRW,1478.660034
2024-05-29,EURUSD,1.085187
2024-05-29,GBPUSD,1.275836
2024-05-29,GOLD_INTL,2340.300049
2024-05-29,HSI,18477.009766
2024-05-29,IXIC,16920.580078
2024-05-29,JPYKRW100,866.523647
2024-05-29,KOSDAQ,838.450012
2024-05-29,KOSPI,2677.300049
2024-05-29,KTB10Y,3.535
2024-05-29,KTB3Y,3.421
2024-05-29,KTB5Y,3.462
2024-05-29,N225,38556.871094
2024-05-29,SOX,5219.319824
2024-05-29,SPX,5266.950195
2024-05-29,USDJPY,157.261993
2024-05-29,USDKRW,1362.76001
2024-05-29,WTI,79.230003
2024-05-30,CALL,3.528
2024-05-30,CD91,3.6
2024-05-30,CNYKRW,189.057029
2024-05-30,CORPAA3Y,3.867
2024-05-30,DJI,38111.480469
2024-05-30,DXY,104.720001
2024-05-30,EURKRW,1478.119995
2024-05-30,EURUSD,1.080182
2024-05-30,GBPUSD,1.269799
2024-05-30,GOLD_INTL,2342.899902
2024-05-30,HSI,18230.189453
2024-05-30,IXIC,16737.080078
2024-05-30,JPYKRW100,869.643784
2024-05-30,KOSDAQ,831.98999
2024-05-30,KOSPI,2635.439941
2024-05-30,KTB10Y,3.567
2024-05-30,KTB3Y,3.445
2024-05-30,KTB5Y,3.499
2024-05-30,N225,38054.128906
2024-05-30,SOX,5173.259766
2024-05-30,SPX,5235.47998
2024-05-30,USDJPY,157.608002
2024-05-30,USDKRW,1370.550049
2024-05-30,WTI,77.910004
2024-05-31,CALL,3.58
2024-05-31,CD91,3.61
2024-05-31,CNYKRW,190.173498
2024-05-31,CORPAA3Y,3.871
2024-05-31,DJI,38686.320313
2024-05-31,DXY,104.669998
2024-05-31,EURKRW,1489.310059
2024-05-31,EURUSD,1.083541
2024-05-31,GBPUSD,1.273042
2024-05-31,GOLD_INTL,2322.899902
2024-05-31,HSI,18079.609375
2024-05-31,IXIC,16735.019531
2024-05-31,JPYKRW100,876.422691
2024-05-31,KOSDAQ,839.97998
2024-05-31,KOSPI,2636.52002
2024-05-31,KTB10Y,3.578
2024-05-31,KTB3Y,3.458
2024-05-31,KTB5Y,3.513
2024-05-31,N225,38487.898438
2024-05-31,SOX,5123.359863
2024-05-31,SPX,5277.509766
2024-05-31,USDJPY,156.953003
2024-05-31,USDKRW,1375.619995
2024-05-31,WTI,76.989998
2024-06-03,CALL,3.539
2024-06-03,CD91,3.61
2024-06-03,CNYKRW,190.871419
2024-06-03,CORPAA3Y,3.853
2024-06-03,DJI,38571.03125
2024-06-03,DXY,104.139999
2024-06-03,EURKRW,1499.339966
2024-06-03,EURUSD,1.085305
2024-06-03,GBPUSD,1.274372
2024-06-03,GOLD_INTL,2346.600098
2024-06-03,HSI,18403.039063
2024-06-03,IXIC,16828.669922
2024-06-03,JPYKRW100,879.271221
2024-06-03,KOSDAQ,844.719971
2024-06-03,KOSPI,2682.52002
2024-06-03,KTB10Y,3.544
2024-06-03,KTB3Y,3.437
2024-06-03,KTB5Y,3.466
2024-06-03,N225,38923.03125
2024-06-03,SOX,5152.509766
2024-06-03,SPX,5283.399902
2024-06-03,USDJPY,157.179993
2024-06-03,USDKRW,1382.099976
2024-06-03,WTI,74.220001
2024-06-04,CALL,3.483
2024-06-04,CD91,3.6
2024-06-04,CNYKRW,189.28335
2024-06-04,CORPAA3Y,3.81
2024-06-04,DJI,38711.289063
2024-06-04,DXY,104.110001
2024-06-04,EURKRW,1494.400024
2024-06-04,EURUSD,1.090739
2024-06-04,GBPUSD,1.281017
2024-06-04,GOLD_INTL,2325.5
2024-06-04,HSI,18444.109375
2024-06-04,IXIC,16857.050781
2024-06-04,JPYKRW100,878.252697
2024-06-04,KOSDAQ,845.840027
2024-06-04,KOSPI,2662.100098
2024-06-04,KTB10Y,3.475
2024-06-04,KTB3Y,3.401
2024-06-04,KTB5Y,3.419
2024-06-04,N225,38837.460938
2024-06-04,SOX,5116.27002
2024-06-04,SPX,5291.339844
2024-06-04,USDJPY,156.076004
2024-06-04,USDKRW,1370.790039
2024-06-04,WTI,73.25
2024-06-05,CALL,3.502
2024-06-05,CD91,3.6
2024-06-05,CNYKRW,189.687925
2024-06-05,CORPAA3Y,3.771
2024-06-05,DJI,38807.328125
2024-06-05,DXY,104.269997
2024-06-05,EURKRW,1494.069946
2024-06-05,EURUSD,1.088187
2024-06-05,GBPUSD,1.277302
2024-06-05,GOLD_INTL,2354.100098
2024-06-05,HSI,18424.960938
2024-06-05,IXIC,17187.900391
2024-06-05,JPYKRW100,885.61964
2024-06-05,KOSDAQ,850.75
2024-06-05,KOSPI,2689.5
2024-06-05,KTB10Y,3.469
2024-06-05,KTB3Y,3.351
2024-06-05,KTB5Y,3.382
2024-06-05,N225,38490.171875
2024-06-05,SOX,5347.439941
2024-06-05,SPX,5354.029785
2024-06-05,USDJPY,155.123993
2024-06-05,USDKRW,1373.719971
2024-06-05,WTI,74.07
2024-06-06,CNYKRW,188.8777
2024-06-06,DJI,38886.171875
2024-06-06,DXY,104.099998
2024-06-06,EURKRW,1488.969971
2024-06-06,EURUSD,1.087453
2024-06-06,GBPUSD,1.279476
2024-06-06,GOLD_INTL,2370.300049
2024-06-06,HSI,18476.800781
2024-06-06,IXIC,17173.119141
2024-06-06,JPYKRW100,877.732182
2024-06-06,KTB10Y,3.432
2024-06-06,KTB3Y,3.343
2024-06-06,KTB5Y,3.367
2024-06-06,N225,38703.511719
2024-06-06,SOX,5301.680176
2024-06-06,SPX,5352.959961
2024-06-06,USDJPY,155.929001
2024-06-06,USDKRW,1368.73999
2024-06-06,WTI,75.550003
2024-06-07,CALL,3.587
2024-06-07,CD91,3.6
2024-06-07,CNYKRW,188.463713
2024-06-07,CORPAA3Y,3.736
2024-06-07,DJI,38798.988281
2024-06-07,DXY,104.889999
2024-06-07,EURKRW,1486.630005
2024-06-07,EURUSD,1.089443
2024-06-07,GBPUSD,1.279329
2024-06-07,GOLD_INTL,2305.199951
2024-06-07,HSI,18366.949219
2024-06-07,IXIC,17133.130859
2024-06-07,JPYKRW100,876.976013
2024-06-07,KOSDAQ,866.179993
2024-06-07,KOSPI,2722.669922
2024-06-07,KTB10Y,3.387
2024-06-07,KTB3Y,3.312
2024-06-07,KTB5Y,3.333
2024-06-07,N225,38683.929688
2024-06-07,SOX,5287.240234
2024-06-07,SPX,5346.990234
2024-06-07,USDJPY,155.697006
2024-06-07,USDKRW,1365.25
2024-06-07,WTI,75.529999
2024-06-10,CALL,3.599
2024-06-10,CD91,3.6
2024-06-10,CNYKRW,190.297795
2024-06-10,CORPAA3Y,3.782
2024-06-10,DJI,38868.039063
2024-06-10,DXY,105.150002
2024-06-10,EURKRW,1489.26001
2024-06-10,EURUSD,1.077888
2024-06-10,GBPUSD,1.272945
2024-06-10,GOLD_INTL,2307.699951
2024-06-10,IXIC,17192.529297
2024-06-10,JPYKRW100,879.288673
2024-06-10,KOSDAQ,864.710022
2024-06-10,KOSPI,2701.169922
2024-06-10,KTB10Y,3.432
2024-06-10,KTB3Y,3.344
2024-06-10,KTB5Y,3.383
2024-06-10,N225,39038.160156
2024-06-10,SOX,5362.399902
2024-06-10,SPX,5360.790039
2024-06-10,USDJPY,156.832993
2024-06-10,USDKRW,1379.050049
2024-06-10,WTI,77.739998
2024-06-11,CALL,3.591
2024-06-11,CD91,3.6
2024-06-11,CNYKRW,189.595404
2024-06-11,CORPAA3Y,3.775
2024-06-11,DJI,38747.421875
2024-06-11,DXY,105.230003
2024-06-11,EURKRW,1478.300049
2024-06-11,EURUSD,1.076426
2024-06-11,GBPUSD,1.272637
2024-06-11,GOLD_INTL,2307.5
2024-06-11,HSI,18176.339844
2024-06-11,IXIC,17343.550781
2024-06-11,JPYKRW100,874.882984
2024-06-11,KOSDAQ,868.359985
2024-06-11,KOSPI,2705.320068
2024-06-11,KTB10Y,3.43
2024-06-11,KTB3Y,3.344
2024-06-11,KTB5Y,3.367
2024-06-11,N225,39134.789063
2024-06-11,SOX,5365.379883
2024-06-11,SPX,5375.319824
2024-06-11,USDJPY,157.039993
2024-06-11,USDKRW,1373.959961
2024-06-11,WTI,77.900002
2024-06-12,CALL,3.556
2024-06-12,CD91,3.6
2024-06-12,CNYKRW,190.067206
2024-06-12,CORPAA3Y,3.745
2024-06-12,DJI,38712.210938
2024-06-12,DXY,104.650002
2024-06-12,EURKRW,1480
2024-06-12,EURUSD,1.074033
2024-06-12,GBPUSD,1.274048
2024-06-12,GOLD_INTL,2336
2024-06-12,HSI,17937.839844
2024-06-12,IXIC,17608.439453
2024-06-12,JPYKRW100,876.71299
2024-06-12,KOSDAQ,870.669983
2024-06-12,KOSPI,2728.169922
2024-06-12,KTB10Y,3.37
2024-06-12,KTB3Y,3.328
2024-06-12,KTB5Y,3.33
2024-06-12,N225,38876.710938
2024-06-12,SOX,5520.870117
2024-06-12,SPX,5421.029785
2024-06-12,USDJPY,157.104996
2024-06-12,USDKRW,1377.359985
2024-06-12,WTI,78.5
2024-06-13,CALL,3.531
2024-06-13,CD91,3.6
2024-06-13,CNYKRW,189.332839
2024-06-13,CORPAA3Y,3.718
2024-06-13,DJI,38647.101563
2024-06-13,DXY,105.199997
2024-06-13,EURKRW,1480.319946
2024-06-13,EURUSD,1.081315
2024-06-13,GBPUSD,1.279623
2024-06-13,GOLD_INTL,2300.199951
2024-06-13,HSI,18112.630859
2024-06-13,IXIC,17667.560547
2024-06-13,JPYKRW100,873.972034
2024-06-13,KOSDAQ,871.330017
2024-06-13,KOSPI,2754.889893
2024-06-13,KTB10Y,3.338
2024-06-13,KTB3Y,3.272
2024-06-13,KTB5Y,3.292
2024-06-13,N225,38720.46875
2024-06-13,SOX,5602.419922
2024-06-13,SPX,5433.740234
2024-06-13,USDJPY,156.800003
2024-06-13,USDKRW,1370.410034
2024-06-13,WTI,78.620003
2024-06-14,CALL,3.503
2024-06-14,CD91,3.6
2024-06-14,CNYKRW,189.439576
2024-06-14,CORPAA3Y,3.694
2024-06-14,DJI,38589.160156
2024-06-14,DXY,105.550003
2024-06-14,EURKRW,1476.97998
2024-06-14,EURUSD,1.073883
2024-06-14,GBPUSD,1.27551
2024-06-14,GOLD_INTL,2331.399902
2024-06-14,HSI,17941.779297
2024-06-14,IXIC,17688.880859
2024-06-14,JPYKRW100,874.266911
2024-06-14,KOSDAQ,862.190002
2024-06-14,KOSPI,2758.419922
2024-06-14,KTB10Y,3.311
2024-06-14,KTB3Y,3.253
2024-06-14,KTB5Y,3.263
2024-06-14,N225,38814.558594
2024-06-14,SOX,5598.310059
2024-06-14,SPX,5431.600098
2024-06-14,USDJPY,157.128006
2024-06-14,USDKRW,1373.73999
2024-06-14,WTI,78.449997
2024-06-17,CALL,3.503
2024-06-17,CD91,3.6
2024-06-17,CNYKRW,190.546298
2024-06-17,CORPAA3Y,3.662
2024-06-17,DJI,38778.101563
2024-06-17,DXY,105.32
2024-06-17,EURKRW,1449.845581
2024-06-17,EURUSD,1.070217
2024-06-17,GBPUSD,1.268311
2024-06-17,GOLD_INTL,2312.399902
2024-06-17,HSI,17936.119141
2024-06-17,IXIC,17857.019531
2024-06-17,JPYKRW100,877.554512
2024-06-17,KOSDAQ,858.960022
2024-06-17,KOSPI,2744.100098
2024-06-17,KTB10Y,3.401
2024-06-17,KTB3Y,3.225
2024-06-17,KTB5Y,3.23
2024-06-17,N225,38102.441406
2024-06-17,SOX,5688.100098
2024-06-17,SPX,5473.22998
2024-06-17,USDJPY,157.546005
2024-06-17,USDKRW,1382.280029
2024-06-17,WTI,80.330002
2024-06-18,CALL,3.506
2024-06-18,CD91,3.6
2024-06-18,CNYKRW,190.084085
2024-06-18,CORPAA3Y,3.666
2024-06-18,DJI,38834.859375
2024-06-18,DXY,105.260002
2024-06-18,EURKRW,1481.329956
2024-06-18,EURUSD,1.074068
2024-06-18,GBPUSD,1.2716
2024-06-18,GOLD_INTL,2330.399902
2024-06-18,HSI,17915.550781
2024-06-18,IXIC,17862.230469
2024-06-18,JPYKRW100,874.491119
2024-06-18,KOSDAQ,858.950012
2024-06-18,KOSPI,2763.919922
2024-06-18,KTB10Y,3.274
2024-06-18,KTB3Y,3.214
2024-06-18,KTB5Y,3.23
2024-06-18,N225,38482.109375
2024-06-18,SOX,5765.120117
2024-06-18,SPX,5487.029785
2024-06-18,USDJPY,157.699997
2024-06-18,USDKRW,1379.060059
2024-06-18,WTI,81.57
2024-06-19,CALL,3.505
2024-06-19,CD91,3.6
2024-06-19,CNYKRW,190.082316
2024-06-19,CORPAA3Y,3.62
2024-06-19,EURKRW,1482.27002
2024-06-19,EURUSD,1.074229
2024-06-19,GBPUSD,1.270745
2024-06-19,HSI,18430.390625
2024-06-19,JPYKRW100,874.290943
2024-06-19,KOSDAQ,861.169983
2024-06-19,KOSPI,2797.330078
2024-06-19,KTB10Y,3.256
2024-06-19,KTB3Y,3.16
2024-06-19,KTB5Y,3.189
2024-06-19,N225,38570.761719
2024-06-19,USDJPY,157.871002
2024-06-19,USDKRW,1378.609985
2024-06-20,CALL,3.519
2024-06-20,CD91,3.6
2024-06-20,CNYKRW,190.338055
2024-06-20,CORPAA3Y,3.648
2024-06-20,DJI,39134.761719
2024-06-20,DXY,105.589996
2024-06-20,EURKRW,1483.859985
2024-06-20,EURUSD,1.075153
2024-06-20,GBPUSD,1.2722
2024-06-20,GOLD_INTL,2353.800049
2024-06-20,HSI,18335.320313
2024-06-20,IXIC,17721.589844
2024-06-20,JPYKRW100,874.344826
2024-06-20,KOSDAQ,857.51001
2024-06-20,KOSPI,2807.629883
2024-06-20,KTB10Y,3.274
2024-06-20,KTB3Y,3.198
2024-06-20,KTB5Y,3.225
2024-06-20,N225,38633.019531
2024-06-20,SOX,5610.009766
2024-06-20,SPX,5473.169922
2024-06-20,USDJPY,157.957993
2024-06-20,USDKRW,1381.150024
2024-06-20,WTI,82.169998
2024-06-21,CALL,3.56
2024-06-21,CD91,3.6
2024-06-21,CNYKRW,191.734506
2024-06-21,CORPAA3Y,3.637
2024-06-21,DJI,39150.328125
2024-06-21,DXY,105.800003
2024-06-21,EURKRW,1491.560059
2024-06-21,EURUSD,1.070641
2024-06-21,GBPUSD,1.266047
2024-06-21,GOLD_INTL,2316.399902
2024-06-21,HSI,18028.519531
2024-06-21,IXIC,17689.359375
2024-06-21,JPYKRW100,875.732994
2024-06-21,KOSDAQ,852.669983
2024-06-21,KOSPI,2784.26001
2024-06-21,KTB10Y,3.255
2024-06-21,KTB3Y,3.177
2024-06-21,KTB5Y,3.188
2024-06-21,N225,38596.46875
2024-06-21,SOX,5538.540039
2024-06-21,SPX,5464.620117
2024-06-21,USDJPY,158.931
2024-06-21,USDKRW,1391.819946
2024-06-21,WTI,80.730003
2024-06-24,CALL,3.554
2024-06-24,CD91,3.6
2024-06-24,CNYKRW,191.259367
2024-06-24,CORPAA3Y,3.656
2024-06-24,DJI,39411.210938
2024-06-24,DXY,105.470001
2024-06-24,EURKRW,1453.31311
2024-06-24,EURUSD,1.068776
2024-06-24,GBPUSD,1.263903
2024-06-24,GOLD_INTL,2330
2024-06-24,HSI,18027.710938
2024-06-24,IXIC,17496.820313
2024-06-24,JPYKRW100,868.43853
2024-06-24,KOSDAQ,841.52002
2024-06-24,KOSPI,2764.72998
2024-06-24,KTB10Y,3.265
2024-06-24,KTB3Y,3.184
2024-06-24,KTB5Y,3.212
2024-06-24,N225,38804.648438
2024-06-24,SOX,5371.52002
2024-06-24,SPX,5447.870117
2024-06-24,USDJPY,159.860992
2024-06-24,USDKRW,1388.390015
2024-06-24,WTI,81.629997
2024-06-25,CALL,3.575
2024-06-25,CD91,3.6
2024-06-25,CNYKRW,190.984746
2024-06-25,CORPAA3Y,3.662
2024-06-25,DJI,39112.160156
2024-06-25,DXY,105.610001
2024-06-25,EURKRW,1487.130005
2024-06-25,EURUSD,1.073272
2024-06-25,GBPUSD,1.268343
2024-06-25,GOLD_INTL,2316.600098
2024-06-25,HSI,18072.900391
2024-06-25,IXIC,17717.650391
2024-06-25,JPYKRW100,868.204403
2024-06-25,KOSDAQ,841.98999
2024-06-25,KOSPI,2774.389893
2024-06-25,KTB10Y,3.271
2024-06-25,KTB3Y,3.201
2024-06-25,KTB5Y,3.217
2024-06-25,N225,39173.148438
2024-06-25,SOX,5467.660156
2024-06-25,SPX,5469.299805
2024-06-25,USDJPY,159.686005
2024-06-25,USDKRW,1386.109985
2024-06-25,WTI,80.830002
2024-06-26,CALL,3.552
2024-06-26,CD91,3.6
2024-06-26,CNYKRW,191.545704
2024-06-26,CORPAA3Y,3.676
2024-06-26,DJI,39127.800781
2024-06-26,DXY,106.050003
2024-06-26,EURKRW,1487.630005
2024-06-26,EURUSD,1.070962
2024-06-26,GBPUSD,1.2684
2024-06-26,GOLD_INTL,2299.199951
2024-06-26,HSI,18089.929688
2024-06-26,IXIC,17805.160156
2024-06-26,JPYKRW100,871.083832
2024-06-26,KOSDAQ,842.119995
2024-06-26,KOSPI,2792.050049
2024-06-26,KTB10Y,3.293
2024-06-26,KTB3Y,3.22
2024-06-26,KTB5Y,3.209
2024-06-26,N225,39667.070313
2024-06-26,SOX,5452.319824
2024-06-26,SPX,5477.899902
2024-06-26,USDJPY,159.686005
2024-06-26,USDKRW,1390.890015
2024-06-26,WTI,80.900002
2024-06-27,CALL,3.56
2024-06-27,CD91,3.6
2024-06-27,CNYKRW,191.833133
2024-06-27,CORPAA3Y,3.684
2024-06-27,DJI,39164.058594
2024-06-27,DXY,105.910004
2024-06-27,EURKRW,1488.339966
2024-06-27,EURUSD,1.068011
2024-06-27,GBPUSD,1.26218
2024-06-27,GOLD_INTL,2324.5
2024-06-27,HSI,17716.470703
2024-06-27,IXIC,17858.679688
2024-06-27,JPYKRW100,867.533302
2024-06-27,KOSDAQ,838.650024
2024-06-27,KOSPI,2784.060059
2024-06-27,KTB10Y,3.311
2024-06-27,KTB3Y,3.222
2024-06-27,KTB5Y,3.263
2024-06-27,N225,39341.539063
2024-06-27,SOX,5421.089844
2024-06-27,SPX,5482.870117
2024-06-27,USDJPY,160.621002
2024-06-27,USDKRW,1393.380005
2024-06-27,WTI,81.739998
2024-06-28,CALL,3.591
2024-06-28,CD91,3.6
2024-06-28,CNYKRW,190.850665
2024-06-28,CORPAA3Y,3.658
2024-06-28,DJI,39118.859375
2024-06-28,DXY,105.870003
2024-06-28,EURKRW,1484.170044
2024-06-28,EURUSD,1.070847
2024-06-28,GBPUSD,1.264574
2024-06-28,GOLD_INTL,2327.699951
2024-06-28,HSI,17718.609375
2024-06-28,IXIC,17732.599609
2024-06-28,JPYKRW100,863.134956
2024-06-28,KOSDAQ,840.440002
2024-06-28,KOSPI,2797.820068
2024-06-28,KTB10Y,3.282
2024-06-28,KTB3Y,3.143
2024-06-28,KTB5Y,3.201
2024-06-28,N225,39583.078125
2024-06-28,SOX,5472.259766
2024-06-28,SPX,5460.47998
2024-06-28,USDJPY,160.686996
2024-06-28,USDKRW,1386.949951
2024-06-28,WTI,81.540001
2024-07-01,CALL,3.512
2024-07-01,CD91,3.6
2024-07-01,CNYKRW,189.970828
2024-07-01,CORPAA3Y,3.681
2024-07-01,DJI,39169.519531
2024-07-01,DXY,105.900002
2024-07-01,EURKRW,1477.890015
2024-07-01,EURUSD,1.073526
2024-07-01,GBPUSD,1.264862
2024-07-01,GOLD_INTL,2327.600098
2024-07-01,IXIC,17879.300781
2024-07-01,JPYKRW100,857.839775
2024-07-01,KOSDAQ,847.150024
2024-07-01,KOSPI,2804.310059
2024-07-01,KTB10Y,3.311
2024-07-01,KTB3Y,3.213
2024-07-01,KTB5Y,3.243
2024-07-01,N225,39631.058594
2024-07-01,SOX,5477.149902
2024-07-01,SPX,5475.089844
2024-07-01,USDJPY,160.906998
2024-07-01,USDKRW,1380.290039
2024-07-01,WTI,83.379997
2024-07-02,CALL,3.483
2024-07-02,CD91,3.6
2024-07-02,CNYKRW,190.372791
2024-07-02,CORPAA3Y,3.634
2024-07-02,DJI,39331.851563
2024-07-02,DXY,105.720001
2024-07-02,EURKRW,1483.939941
2024-07-02,EURUSD,1.07371
2024-07-02,GBPUSD,1.264574
2024-07-02,GOLD_INTL,2323
2024-07-02,HSI,17769.140625
2024-07-02,IXIC,18028.759766
2024-07-02,JPYKRW100,855.39856
2024-07-02,KOSDAQ,829.909973
2024-07-02,KOSPI,2780.860107
2024-07-02,KTB10Y,3.284
2024-07-02,KTB3Y,3.16
2024-07-02,KTB5Y,3.204
2024-07-02,N225,40074.691406
2024-07-02,SOX,5544.990234
2024-07-02,SPX,5509.009766
2024-07-02,USDJPY,161.511993
2024-07-02,USDKRW,1383.420044
2024-07-02,WTI,82.809998
2024-07-03,CALL,3.504
2024-07-03,CD91,3.58
2024-07-03,CNYKRW,190.307319
2024-07-03,CORPAA3Y,3.624
2024-07-03,DJI,39308
2024-07-03,DXY,105.400002
2024-07-03,EURKRW,1487.199951
2024-07-03,EURUSD,1.074841
2024-07-03,GBPUSD,1.269036
2024-07-03,GOLD_INTL,2359.800049
2024-07-03,HSI,17978.570313
2024-07-03,IXIC,18188.300781
2024-07-03,JPYKRW100,856.590939
2024-07-03,KOSDAQ,836.099976
2024-07-03,KOSPI,2794.01001
2024-07-03,KTB10Y,3.279
2024-07-03,KTB3Y,3.163
2024-07-03,KTB5Y,3.197
2024-07-03,N225,40580.761719
2024-07-03,SOX,5651.720215
2024-07-03,SPX,5537.02002
2024-07-03,USDJPY,161.503998
2024-07-03,USDKRW,1383.420044
2024-07-03,WTI,83.879997
2024-07-04,CALL,3.514
2024-07-04,CD91,3.58
2024-07-04,CNYKRW,190.651573
2024-07-04,CORPAA3Y,3.591
2024-07-04,EURKRW,1496.030029
2024-07-04,EURUSD,1.079331
2024-07-04,GBPUSD,1.274778
2024-07-04,HSI,18028.279297
2024-07-04,JPYKRW100,857.872868
2024-07-04,KOSDAQ,840.809998
2024-07-04,KOSPI,2824.939941
2024-07-04,KTB10Y,3.245
2024-07-04,KTB3Y,3.148
2024-07-04,KTB5Y,3.157
2024-07-04,N225,40913.648438
2024-07-04,USDJPY,161.621002
2024-07-04,USDKRW,1385.77002
2024-07-05,CALL,3.538
2024-07-05,CD91,3.57
2024-07-05,CNYKRW,189.965317
2024-07-05,CORPAA3Y,3.582
2024-07-05,DJI,39375.871094
2024-07-05,DXY,104.879997
2024-07-05,EURKRW,1491.780029
2024-07-05,EURUSD,1.081069
2024-07-05,GBPUSD,1.275575
2024-07-05,GOLD_INTL,2388.5
2024-07-05,HSI,17799.609375
2024-07-05,IXIC,18352.759766
2024-07-05,JPYKRW100,855.385494
2024-07-05,KOSDAQ,847.48999
2024-07-05,KOSPI,2862.22998
2024-07-05,KTB10Y,3.221
2024-07-05,KTB3Y,3.122
2024-07-05,KTB5Y,3.153
2024-07-05,N225,40912.371094
2024-07-05,SOX,5656.310059
2024-07-05,SPX,5567.189941
2024-07-05,USDJPY,161.358002
2024-07-05,USDKRW,1380.25
2024-07-05,WTI,83.160004
2024-07-08,CALL,3.498
2024-07-08,CD91,3.57
2024-07-08,CNYKRW,189.406694
2024-07-08,CORPAA3Y,3.58
2024-07-08,DJI,39344.789063
2024-07-08,DXY,105.010002
2024-07-08,EURKRW,1465.160034
2024-07-08,EURUSD,1.082603
2024-07-08,GBPUSD,1.280651
2024-07-08,GOLD_INTL,2355.199951
2024-07-08,HSI,17524.060547
2024-07-08,IXIC,18403.740234
2024-07-08,JPYKRW100,856.936455
2024-07-08,KOSDAQ,859.27002
2024-07-08,KOSPI,2857.76001
2024-07-08,KTB10Y,3.21
2024-07-08,KTB3Y,3.1
2024-07-08,KTB5Y,3.141
2024-07-08,N225,40780.699219
2024-07-08,SOX,5765.209961
2024-07-08,SPX,5572.850098
2024-07-08,USDJPY,160.638
2024-07-08,USDKRW,1376.569946
2024-07-08,WTI,82.330002
2024-07-09,CALL,3.44
2024-07-09,CD91,3.56
2024-07-09,CNYKRW,190.275354
2024-07-09,CORPAA3Y,3.572
2024-07-09,DJI,39291.96875
2024-07-09,DXY,105.120003
2024-07-09,EURKRW,1494.640015
2024-07-09,EURUSD,1.083095
2024-07-09,GBPUSD,1.281558
2024-07-09,GOLD_INTL,2360.100098
2024-07-09,HSI,17523.230469
2024-07-09,IXIC,18429.289063
2024-07-09,JPYKRW100,859.63583
2024-07-09,KOSDAQ,860.419983
2024-07-09,KOSPI,2867.379883
2024-07-09,KTB10Y,3.185
2024-07-09,KTB3Y,3.122
2024-07-09,KTB5Y,3.138
2024-07-09,N225,41580.171875
2024-07-09,SOX,5765.200195
2024-07-09,SPX,5576.97998
2024-07-09,USDJPY,160.856995
2024-07-09,USDKRW,1382.75
2024-07-09,WTI,81.410004
2024-07-10,CALL,3.475
2024-07-10,CD91,3.55
2024-07-10,CNYKRW,190.109611
2024-07-10,CORPAA3Y,3.576
2024-07-10,DJI,39721.359375
2024-07-10,DXY,105.050003
2024-07-10,EURKRW,1498.359985
2024-07-10,EURUSD,1.081479
2024-07-10,GBPUSD,1.278772
2024-07-10,GOLD_INTL,2372.199951
2024-07-10,HSI,17471.669922
2024-07-10,IXIC,18647.449219
2024-07-10,JPYKRW100,857.016182
2024-07-10,KOSDAQ,858.549988
2024-07-10,KOSPI,2867.98999
2024-07-10,KTB10Y,3.198
2024-07-10,KTB3Y,3.12
2024-07-10,KTB5Y,3.141
2024-07-10,N225,41831.988281
2024-07-10,SOX,5904.540039
2024-07-10,SPX,5633.910156
2024-07-10,USDJPY,161.330994
2024-07-10,USDKRW,1382.420044
2024-07-10,WTI,82.099998
2024-07-11,CALL,3.528
2024-07-11,CD91,3.55
2024-07-11,CNYKRW,190.114786
2024-07-11,CORPAA3Y,3.614
2024-07-11,DJI,39753.75
2024-07-11,DXY,104.440002
2024-07-11,EURKRW,1500.300049
2024-07-11,EURUSD,1.08333
2024-07-11,GBPUSD,1.285264
2024-07-11,GOLD_INTL,2415
2024-07-11,HSI,17832.330078
2024-07-11,IXIC,18283.410156
2024-07-11,JPYKRW100,855.762959
2024-07-11,KOSDAQ,852.419983
2024-07-11,KOSPI,2891.350098
2024-07-11,KTB10Y,3.23
2024-07-11,KTB3Y,3.166
2024-07-11,KTB5Y,3.173
2024-07-11,N225,42224.019531
2024-07-11,SOX,5699.660156
2024-07-11,SPX,5584.540039
2024-07-11,USDJPY,161.606995
2024-07-11,USDKRW,1382.98999
2024-07-11,WTI,82.620003
2024-07-12,CALL,3.528
2024-07-12,CD91,3.55
2024-07-12,CNYKRW,189.015555
2024-07-12,CORPAA3Y,3.552
2024-07-12,DJI,40000.898438
2024-07-12,DXY,104.089996
2024-07-12,EURKRW,1488.26001
2024-07-12,EURUSD,1.087276
2024-07-12,GBPUSD,1.292374
2024-07-12,GOLD_INTL,2414
2024-07-12,HSI,18293.380859
2024-07-12,IXIC,18398.449219
2024-07-12,JPYKRW100,867.025375
2024-07-12,KOSDAQ,850.369995
2024-07-12,KOSPI,2857
2024-07-12,KTB10Y,3.178
2024-07-12,KTB3Y,3.1
2024-07-12,KTB5Y,3.108
2024-07-12,N225,41190.679688
2024-07-12,SOX,5775.189941
2024-07-12,SPX,5615.350098
2024-07-12,USDJPY,158.201004
2024-07-12,USDKRW,1371.27002
2024-07-12,WTI,82.209999
2024-07-15,CALL,3.509
2024-07-15,CD91,3.54
2024-07-15,CNYKRW,189.548095
2024-07-15,CORPAA3Y,3.538
2024-07-15,DJI,40211.71875
2024-07-15,DXY,104.190002
2024-07-15,EURKRW,1469.267334
2024-07-15,EURUSD,1.088554
2024-07-15,GBPUSD,1.29668
2024-07-15,GOLD_INTL,2422.899902
2024-07-15,HSI,18015.939453
2024-07-15,IXIC,18472.570313
2024-07-15,JPYKRW100,867.948532
2024-07-15,KOSDAQ,852.880005
2024-07-15,KOSPI,2860.919922
2024-07-15,KTB10Y,3.176
2024-07-15,KTB3Y,3.092
2024-07-15,KTB5Y,3.097
2024-07-15,SOX,5777.709961
2024-07-15,SPX,5631.220215
2024-07-15,USDJPY,158.313004
2024-07-15,USDKRW,1374.109985
2024-07-15,WTI,81.910004
2024-07-16,CALL,3.483
2024-07-16,CD91,3.55
2024-07-16,CNYKRW,190.619778
2024-07-16,CORPAA3Y,3.496
2024-07-16,DJI,40954.480469
2024-07-16,DXY,104.269997
2024-07-16,EURKRW,1507.609985
2024-07-16,EURUSD,1.090156
2024-07-16,GBPUSD,1.297
2024-07-16,GOLD_INTL,2462.399902
2024-07-16,HSI,17727.980469
2024-07-16,IXIC,18509.339844
2024-07-16,JPYKRW100,874.944687
2024-07-16,KOSDAQ,839.609985
2024-07-16,KOSPI,2866.090088
2024-07-16,KTB10Y,3.16
2024-07-16,KTB3Y,3.035
2024-07-16,KTB5Y,3.058
2024-07-16,N225,41275.078125
2024-07-16,SOX,5804.029785
2024-07-16,SPX,5667.200195
2024-07-16,USDJPY,158.141006
2024-07-16,USDKRW,1383.689941
2024-07-16,WTI,80.760002
2024-07-17,CALL,3.517
2024-07-17,CD91,3.54
2024-07-17,CNYKRW,190.430543
2024-07-17,CORPAA3Y,3.509
2024-07-17,DJI,41198.078125
2024-07-17,DXY,103.75
2024-07-17,EURKRW,1506.310059
2024-07-17,EURUSD,1.090251
2024-07-17,GBPUSD,1.297769
2024-07-17,GOLD_INTL,2454.800049
2024-07-17,HSI,17739.410156
2024-07-17,IXIC,17996.919922
2024-07-17,JPYKRW100,873.115826
2024-07-17,KOSDAQ,829.409973
2024-07-17,KOSPI,2843.290039
2024-07-17,KTB10Y,3.133
2024-07-17,KTB3Y,3.049
2024-07-17,KTB5Y,3.08
2024-07-17,N225,41097.691406
2024-07-17,SOX,5408.709961
2024-07-17,SPX,5588.27002
2024-07-17,USDJPY,158.350006
2024-07-17,USDKRW,1382.640015
2024-07-17,WTI,82.849998
2024-07-18,CALL,3.523
2024-07-18,CD91,3.52
2024-07-18,CNYKRW,189.912396
2024-07-18,CORPAA3Y,3.513
2024-07-18,DJI,40665.019531
2024-07-18,DXY,104.169998
2024-07-18,EURKRW,1510.630005
2024-07-18,EURUSD,1.09402
2024-07-18,GBPUSD,1.300745
2024-07-18,GOLD_INTL,2451.800049
2024-07-18,HSI,17778.410156
2024-07-18,IXIC,17871.220703
2024-07-18,JPYKRW100,885.577869
2024-07-18,KOSDAQ,822.47998
2024-07-18,KOSPI,2824.350098
2024-07-18,KTB10Y,3.151
2024-07-18,KTB3Y,3.059
2024-07-18,KTB5Y,3.077
2024-07-18,N225,40126.351563
2024-07-18,SOX,5436.419922
2024-07-18,SPX,5544.589844
2024-07-18,USDJPY,155.686005
2024-07-18,USDKRW,1378.650024
2024-07-18,WTI,82.82
2024-07-19,CALL,3.564
2024-07-19,CD91,3.52
2024-07-19,CNYKRW,190.833316
2024-07-19,CORPAA3Y,3.525
2024-07-19,DJI,40287.53125
2024-07-19,DXY,104.400002
2024-07-19,EURKRW,1508.680054
2024-07-19,EURUSD,1.090156
2024-07-19,GBPUSD,1.295169
2024-07-19,GOLD_INTL,2395.5
2024-07-19,HSI,17417.679688
2024-07-19,IXIC,17726.939453
2024-07-19,JPYKRW100,881.529617
2024-07-19,KOSDAQ,828.719971
2024-07-19,KOSPI,2795.459961
2024-07-19,KTB10Y,3.157
2024-07-19,KTB3Y,3.072
2024-07-19,KTB5Y,3.1
2024-07-19,N225,40063.789063
2024-07-19,SOX,5267.160156
2024-07-19,SPX,5505
2024-07-19,USDJPY,157.149994
2024-07-19,USDKRW,1385.23999
2024-07-19,WTI,80.129997
2024-07-22,CALL,3.51
2024-07-22,CD91,3.52
2024-07-22,CNYKRW,191.0593
2024-07-22,CORPAA3Y,3.522
2024-07-22,DJI,40415.441406
2024-07-22,DXY,104.309998
2024-07-22,EURKRW,1478.938232
2024-07-22,EURUSD,1.089918
2024-07-22,GBPUSD,1.29331
2024-07-22,GOLD_INTL,2392
2024-07-22,HSI,17635.880859
2024-07-22,IXIC,18007.570313
2024-07-22,JPYKRW100,882.226563
2024-07-22,KOSDAQ,809.960022
2024-07-22,KOSPI,2763.51001
2024-07-22,KTB10Y,3.168
2024-07-22,KTB3Y,3.092
2024-07-22,KTB5Y,3.09
2024-07-22,N225,39599
2024-07-22,SOX,5477.830078
2024-07-22,SPX,5564.410156
2024-07-22,USDJPY,157.421997
2024-07-22,USDKRW,1388.810059
2024-07-22,WTI,79.779999
2024-07-23,CALL,3.55
2024-07-23,CD91,3.52
2024-07-23,CNYKRW,190.726966
2024-07-23,CORPAA3Y,3.533
2024-07-23,DJI,40358.089844
2024-07-23,DXY,104.449997
2024-07-23,EURKRW,1508.109985
2024-07-23,EURUSD,1.088981
2024-07-23,GBPUSD,1.293243
2024-07-23,GOLD_INTL,2404.600098
2024-07-23,HSI,17469.359375
2024-07-23,IXIC,17997.349609
2024-07-23,JPYKRW100,883.992958
2024-07-23,KOSDAQ,812.119995
2024-07-23,KOSPI,2774.290039
2024-07-23,KTB10Y,3.167
2024-07-23,KTB3Y,3.087
2024-07-23,KTB5Y,3.085
2024-07-23,N225,39594.390625
2024-07-23,SOX,5397.899902
2024-07-23,SPX,5555.740234
2024-07-23,USDJPY,156.891006
2024-07-23,USDKRW,1387.099976
2024-07-23,WTI,76.959999
2024-07-24,CALL,3.526
2024-07-24,CD91,3.51
2024-07-24,CNYKRW,190.337205
2024-07-24,CORPAA3Y,3.509
2024-07-24,DJI,39853.871094
2024-07-24,DXY,104.389999
2024-07-24,EURKRW,1502.609985
2024-07-24,EURUSD,1.085069
2024-07-24,GBPUSD,1.290156
2024-07-24,GOLD_INTL,2413.300049
2024-07-24,HSI,17311.050781
2024-07-24,IXIC,17342.410156
2024-07-24,JPYKRW100,888.94949
2024-07-24,KOSDAQ,814.25
2024-07-24,KOSPI,2758.709961
2024-07-24,KTB10Y,3.13
2024-07-24,KTB3Y,3.05
2024-07-24,KTB5Y,3.087
2024-07-24,N225,39154.851563
2024-07-24,SOX,5105.649902
2024-07-24,SPX,5427.129883
2024-07-24,USDJPY,155.768005
2024-07-24,USDKRW,1384.569946
2024-07-24,WTI,77.589996
2024-07-25,CALL,3.557
2024-07-25,CD91,3.51
2024-07-25,CNYKRW,190.416189
2024-07-25,CORPAA3Y,3.484
2024-07-25,DJI,39935.070313
2024-07-25,DXY,104.360001
2024-07-25,EURKRW,1497.98999
2024-07-25,EURUSD,1.083952
2024-07-25,GBPUSD,1.28999
2024-07-25,GOLD_INTL,2351.899902
2024-07-25,HSI,17021.910156
2024-07-25,IXIC,17181.720703
2024-07-25,JPYKRW100,898.542309
2024-07-25,KOSDAQ,797.289978
2024-07-25,KOSPI,2710.649902
2024-07-25,KTB10Y,3.147
2024-07-25,KTB3Y,3.024
2024-07-25,KTB5Y,3.061
2024-07-25,N225,37869.511719
2024-07-25,SOX,5005.359863
2024-07-25,SPX,5399.220215
2024-07-25,USDJPY,153.891006
2024-07-25,USDKRW,1382.650024
2024-07-25,WTI,78.279999
2024-07-26,CALL,3.541
2024-07-26,CD91,3.5
2024-07-26,CNYKRW,191.066517
2024-07-26,CORPAA3Y,3.482
2024-07-26,DJI,40589.339844
2024-07-26,DXY,104.32
2024-07-26,EURKRW,1498.589966
2024-07-26,EURUSD,1.085128
2024-07-26,GBPUSD,1.285678
2024-07-26,GOLD_INTL,2380
2024-07-26,HSI,17021.310547
2024-07-26,IXIC,17357.880859
2024-07-26,JPYKRW100,899.77684
2024-07-26,KOSDAQ,797.559998
2024-07-26,KOSPI,2731.899902
2024-07-26,KTB10Y,3.108
2024-07-26,KTB3Y,3.026
2024-07-26,KTB5Y,3.042
2024-07-26,N225,37667.410156
2024-07-26,SOX,5103.129883
2024-07-26,SPX,5459.100098
2024-07-26,USDJPY,153.697006
2024-07-26,USDKRW,1381.430054
2024-07-26,WTI,77.160004
2024-07-29,CALL,3.505
2024-07-29,CD91,3.5
2024-07-29,CNYKRW,190.630466
2024-07-29,CORPAA3Y,3.434
2024-07-29,DJI,40539.929688
2024-07-29,DXY,104.559998
2024-07-29,EURKRW,1500.790039
2024-07-29,EURUSD,1.085376
2024-07-29,GBPUSD,1.286836
2024-07-29,GOLD_INTL,2377.300049
2024-07-29,HSI,17238.339844
2024-07-29,IXIC,17370.199219
2024-07-29,JPYKRW100,896.605206
2024-07-29,KOSDAQ,807.98999
2024-07-29,KOSPI,2765.530029
2024-07-29,KTB10Y,3.046
2024-07-29,KTB3Y,2.978
2024-07-29,KTB5Y,2.99
2024-07-29,N225,38468.628906
2024-07-29,SOX,5087.620117
2024-07-29,SPX,5463.540039
2024-07-29,USDJPY,154.139008
2024-07-29,USDKRW,1382.089966
2024-07-29,WTI,75.809998
2024-07-30,CALL,3.513
2024-07-30,CD91,3.5
2024-07-30,CNYKRW,190.314539
2024-07-30,CORPAA3Y,3.451
2024-07-30,DJI,40743.328125
2024-07-30,DXY,104.550003
2024-07-30,EURKRW,1493.650024
2024-07-30,EURUSD,1.081947
2024-07-30,GBPUSD,1.286041
2024-07-30,GOLD_INTL,2405
2024-07-30,HSI,17002.910156
2024-07-30,IXIC,17147.419922
2024-07-30,JPYKRW100,897.522926
2024-07-30,KOSDAQ,803.780029
2024-07-30,KOSPI,2738.189941
2024-07-30,KTB10Y,3.052
2024-07-30,KTB3Y,2.992
2024-07-30,KTB5Y,3.005
2024-07-30,N225,38525.949219
2024-07-30,SOX,4890.149902
2024-07-30,SPX,5436.439941
2024-07-30,USDJPY,153.832993
2024-07-30,USDKRW,1381.359985
2024-07-30,WTI,74.730003
2024-07-31,CALL,3.53
2024-07-31,CD91,3.5
2024-07-31,CNYKRW,190.809163
2024-07-31,CORPAA3Y,3.459
2024-07-31,DJI,40842.789063
2024-07-31,DXY,104.099998
2024-07-31,EURKRW,1495.26001
2024-07-31,EURUSD,1.081607
2024-07-31,GBPUSD,1.283697
2024-07-31,GOLD_INTL,2426.5
2024-07-31,HSI,17344.599609
2024-07-31,IXIC,17599.400391
2024-07-31,JPYKRW100,906.467056
2024-07-31,KOSDAQ,803.150024
2024-07-31,KOSPI,2770.689941
2024-07-31,KTB10Y,3.066
2024-07-31,KTB3Y,3.006
2024-07-31,KTB5Y,3.025
2024-07-31,N225,39101.820313
2024-07-31,SOX,5233.180176
2024-07-31,SPX,5522.299805
2024-07-31,USDJPY,152.669998
2024-07-31,USDKRW,1383.5
2024-07-31,WTI,77.910004
2024-08-01,CALL,3.512
2024-08-01,CD91,3.49
2024-08-01,CNYKRW,189.536119
2024-08-01,CORPAA3Y,3.431
2024-08-01,DJI,40347.96875
2024-08-01,DXY,104.419998
2024-08-01,EURKRW,1481.109985
2024-08-01,EURUSD,1.082392
2024-08-01,GBPUSD,1.285314
2024-08-01,GOLD_INTL,2435
2024-08-01,HSI,17304.960938
2024-08-01,IXIC,17194.150391
2024-08-01,JPYKRW100,913.466072
2024-08-01,KOSDAQ,813.530029
2024-08-01,KOSPI,2777.679932
2024-08-01,KTB10Y,3.008
2024-08-01,KTB3Y,2.956
2024-08-01,KTB5Y,2.975
2024-08-01,N225,38126.328125
2024-08-01,SOX,4859.589844
2024-08-01,SPX,5446.680176
2024-08-01,USDJPY,149.744003
2024-08-01,USDKRW,1367.920044
2024-08-01,WTI,76.309998
2024-08-02,CALL,3.542
2024-08-02,CD91,3.48
2024-08-02,CNYKRW,189.011146
2024-08-02,CORPAA3Y,3.394
2024-08-02,DJI,39737.261719
2024-08-02,DXY,103.209999
2024-08-02,EURKRW,1475.540039
2024-08-02,EURUSD,1.07876
2024-08-02,GBPUSD,1.272896
2024-08-02,GOLD_INTL,2425.699951
2024-08-02,HSI,16945.509766
2024-08-02,IXIC,16776.160156
2024-08-02,JPYKRW100,917.432594
2024-08-02,KOSDAQ,779.330017
2024-08-02,KOSPI,2676.189941
2024-08-02,KTB10Y,2.984
2024-08-02,KTB3Y,2.933
2024-08-02,KTB5Y,2.954
2024-08-02,N225,35909.699219
2024-08-02,SOX,4607.759766
2024-08-02,SPX,5346.560059
2024-08-02,USDJPY,149.201004
2024-08-02,USDKRW,1368.969971
2024-08-02,WTI,73.519997
2024-08-05,CALL,3.545
2024-08-05,CD91,3.48
2024-08-05,CNYKRW,189.623047
2024-08-05,CORPAA3Y,3.271
2024-08-05,DJI,38703.269531
2024-08-05,DXY,102.690002
2024-08-05,EURKRW,1481.02002
2024-08-05,EURUSD,1.091084
2024-08-05,GBPUSD,1.278789
2024-08-05,GOLD_INTL,2401.699951
2024-08-05,HSI,16698.359375
2024-08-05,IXIC,16200.080078
2024-08-05,JPYKRW100,932.477665
2024-08-05,KOSDAQ,691.280029
2024-08-05,KOSPI,2441.550049
2024-08-05,KTB10Y,2.863
2024-08-05,KTB3Y,2.805
2024-08-05,KTB5Y,2.816
2024-08-05,N225,31458.419922
2024-08-05,SOX,4519.450195
2024-08-05,SPX,5186.330078
2024-08-05,USDJPY,145.584
2024-08-05,USDKRW,1357.170044
2024-08-05,WTI,72.940002
2024-08-06,CALL,3.535
2024-08-06,CD91,3.47
2024-08-06,CNYKRW,192.045166
2024-08-06,CORPAA3Y,3.398
2024-08-06,DJI,38997.660156
2024-08-06,DXY,102.970001
2024-08-06,EURKRW,1493.77002
2024-08-06,EURUSD,1.095098
2024-08-06,GBPUSD,1.278871
2024-08-06,GOLD_INTL,2389.100098
2024-08-06,HSI,16647.339844
2024-08-06,IXIC,16366.849609
2024-08-06,JPYKRW100,938.044167
2024-08-06,KOSDAQ,732.869995
2024-08-06,KOSPI,2522.149902
2024-08-06,KTB10Y,2.995
2024-08-06,KTB3Y,2.933
2024-08-06,KTB5Y,2.882
2024-08-06,N225,34675.460938
2024-08-06,SOX,4567.569824
2024-08-06,SPX,5240.029785
2024-08-06,USDJPY,145.789993
2024-08-06,USDKRW,1367.400024
2024-08-06,WTI,73.199997
2024-08-07,CALL,3.487
2024-08-07,CD91,3.48
2024-08-07,CNYKRW,191.483035
2024-08-07,CORPAA3Y,3.397
2024-08-07,DJI,38763.449219
2024-08-07,DXY,103.199997
2024-08-07,EURKRW,1493.199951
2024-08-07,EURUSD,1.092622
2024-08-07,GBPUSD,1.268472
2024-08-07,GOLD_INTL,2390.5
2024-08-07,HSI,16877.859375
2024-08-07,IXIC,16195.80957
2024-08-07,JPYKRW100,943.854141
2024-08-07,KOSDAQ,748.539978
2024-08-07,KOSPI,2568.409912
2024-08-07,KTB10Y,2.975
2024-08-07,KTB3Y,2.928
2024-08-07,KTB5Y,2.882
2024-08-07,N225,35089.621094
2024-08-07,SOX,4426.27002
2024-08-07,SPX,5199.5
2024-08-07,USDJPY,144.731995
2024-08-07,USDKRW,1370.310059
2024-08-07,WTI,75.230003
2024-08-08,CALL,3.531
2024-08-08,CD91,3.47
2024-08-08,CNYKRW,191.542124
2024-08-08,CORPAA3Y,3.38
2024-08-08,DJI,39446.488281
2024-08-08,DXY,103.209999
2024-08-08,EURKRW,1500.859985
2024-08-08,EURUSD,1.092813
2024-08-08,GBPUSD,1.268038
2024-08-08,GOLD_INTL,2422.199951
2024-08-08,HSI,16891.830078
2024-08-08,IXIC,16660.019531
2024-08-08,JPYKRW100,941.423321
2024-08-08,KOSDAQ,745.280029
2024-08-08,KOSPI,2556.72998
2024-08-08,KTB10Y,2.997
2024-08-08,KTB3Y,2.93
2024-08-08,KTB5Y,2.942
2024-08-08,N225,34831.148438
2024-08-08,SOX,4730.009766
2024-08-08,SPX,5319.310059
2024-08-08,USDJPY,146.123993
2024-08-08,USDKRW,1375.329956
2024-08-08,WTI,76.190002
2024-08-09,CALL,3.531
2024-08-09,CD91,3.47
2024-08-09,CNYKRW,191.49951
2024-08-09,CORPAA3Y,3.409
2024-08-09,DJI,39497.539063
2024-08-09,DXY,103.139999
2024-08-09,EURKRW,1499.079956
2024-08-09,EURUSD,1.091572
2024-08-09,GBPUSD,1.274746
2024-08-09,GOLD_INTL,2432.100098
2024-08-09,HSI,17090.230469
2024-08-09,IXIC,16745.300781
2024-08-09,JPYKRW100,930.460644
2024-08-09,KOSDAQ,764.429993
2024-08-09,KOSPI,2588.429932
2024-08-09,KTB10Y,3.016
2024-08-09,KTB3Y,2.943
2024-08-09,KTB5Y,2.958
2024-08-09,N225,35025
2024-08-09,SOX,4709.450195
2024-08-09,SPX,5344.160156
2024-08-09,USDJPY,147.669006
2024-08-09,USDKRW,1373.76001
2024-08-09,WTI,76.839996
2024-08-12,CALL,3.534
2024-08-12,CD91,3.46
2024-08-12,CNYKRW,190.312993
2024-08-12,CORPAA3Y,3.421
2024-08-12,DJI,39357.011719
2024-08-12,DXY,103.139999
2024-08-12,EURKRW,1489.180054
2024-08-12,EURUSD,1.091381
2024-08-12,GBPUSD,1.275039
2024-08-12,GOLD_INTL,2462.399902
2024-08-12,HSI,17111.650391
2024-08-12,IXIC,16780.609375
2024-08-12,JPYKRW100,927.353287
2024-08-12,KOSDAQ,772.719971
2024-08-12,KOSPI,2618.300049
2024-08-12,KTB10Y,2.996
2024-08-12,KTB3Y,2.946
2024-08-12,KTB5Y,2.954
2024-08-12,SOX,4743.819824
2024-08-12,SPX,5344.390137
2024-08-12,USDJPY,147.042007
2024-08-12,USDKRW,1363.839966
2024-08-12,WTI,80.059998
2024-08-13,CALL,3.579
2024-08-13,CD91,3.49
2024-08-13,CNYKRW,190.903273
2024-08-13,CORPAA3Y,3.395
2024-08-13,DJI,39765.640625
2024-08-13,DXY,102.559998
2024-08-13,EURKRW,1496.719971
2024-08-13,EURUSD,1.093625
2024-08-13,GBPUSD,1.277123
2024-08-13,GOLD_INTL,2466.699951
2024-08-13,HSI,17174.060547
2024-08-13,IXIC,17187.609375
2024-08-13,JPYKRW100,931.688404
2024-08-13,KOSDAQ,764.859985
2024-08-13,KOSPI,2621.5
2024-08-13,KTB10Y,2.974
2024-08-13,KTB3Y,2.916
2024-08-13,KTB5Y,2.933
2024-08-13,N225,36232.511719
2024-08-13,SOX,4942.310059
2024-08-13,SPX,5434.430176
2024-08-13,USDJPY,146.981995
2024-08-13,USDKRW,1369.540039
2024-08-13,WTI,78.349998
2024-08-14,CALL,3.561
2024-08-14,CD91,3.49
2024-08-14,CNYKRW,190.436047
2024-08-14,CORPAA3Y,3.37
2024-08-14,DJI,40008.390625
2024-08-14,DXY,102.57
2024-08-14,EURKRW,1497.449951
2024-08-14,EURUSD,1.099699
2024-08-14,GBPUSD,1.28667
2024-08-14,GOLD_INTL,2439.399902
2024-08-14,HSI,17113.359375
2024-08-14,IXIC,17192.599609
2024-08-14,JPYKRW100,926.999378
2024-08-14,KOSDAQ,776.830017
2024-08-14,KOSPI,2644.5
2024-08-14,KTB10Y,2.95
2024-08-14,KTB3Y,2.883
2024-08-14,KTB5Y,2.896
2024-08-14,N225,36442.429688
2024-08-14,SOX,4933.350098
2024-08-14,SPX,5455.209961
2024-08-14,USDJPY,146.970993
2024-08-14,USDKRW,1362.170044
2024-08-14,WTI,76.980003
2024-08-15,CNYKRW,189.947173
2024-08-15,DJI,40563.058594
2024-08-15,DXY,102.980003
2024-08-15,EURKRW,1497.170044
2024-08-15,EURUSD,1.101322
2024-08-15,GBPUSD,1.282874
2024-08-15,GOLD_INTL,2453.100098
2024-08-15,HSI,17109.140625
2024-08-15,IXIC,17594.5
2024-08-15,JPYKRW100,920.514011
2024-08-15,N225,36726.640625
2024-08-15,SOX,5173.379883
2024-08-15,SPX,5543.220215
2024-08-15,USDJPY,147.253006
2024-08-15,USDKRW,1355.709961
2024-08-15,WTI,78.160004
2024-08-16,CALL,3.554
2024-08-16,CD91,3.51
2024-08-16,CNYKRW,190.078627
2024-08-16,CORPAA3Y,3.415
2024-08-16,DJI,40659.761719
2024-08-16,DXY,102.459999
2024-08-16,EURKRW,1498.109985
2024-08-16,EURUSD,1.097273
2024-08-16,GBPUSD,1.285942
2024-08-16,GOLD_INTL,2498.600098
2024-08-16,HSI,17430.160156
2024-08-16,IXIC,17631.720703
2024-08-16,JPYKRW100,913.850117
2024-08-16,KOSDAQ,786.330017
2024-08-16,KOSPI,2697.22998
2024-08-16,KTB10Y,2.972
2024-08-16,KTB3Y,2.923
2024-08-16,KTB5Y,2.934
2024-08-16,N225,38062.671875
2024-08-16,SOX,5170.25
2024-08-16,SPX,5554.25
2024-08-16,USDJPY,149.222
2024-08-16,USDKRW,1363.51001
2024-08-16,WTI,76.650002
2024-08-19,CALL,3.538
2024-08-19,CD91,3.51
2024-08-19,CNYKRW,188.299829
2024-08-19,CORPAA3Y,3.424
2024-08-19,DJI,40896.53125
2024-08-19,DXY,101.889999
2024-08-19,EURKRW,1487.219971
2024-08-19,EURUSD,1.102499
2024-08-19,GBPUSD,1.294716
2024-08-19,GOLD_INTL,2501.800049
2024-08-19,HSI,17569.570313
2024-08-19,IXIC,17876.769531
2024-08-19,JPYKRW100,911.774826
2024-08-19,KOSDAQ,777.469971
2024-08-19,KOSPI,2674.360107
2024-08-19,KTB10Y,2.992
2024-08-19,KTB3Y,2.928
2024-08-19,KTB5Y,2.937
2024-08-19,N225,37388.621094
2024-08-19,SOX,5266.569824
2024-08-19,SPX,5608.25
2024-08-19,USDJPY,147.955994
2024-08-19,USDKRW,1348.97998
2024-08-19,WTI,74.370003
2024-08-20,CALL,3.523
2024-08-20,CD91,3.51
2024-08-20,CNYKRW,186.384706
2024-08-20,CORPAA3Y,3.442
2024-08-20,DJI,40834.96875
2024-08-20,DXY,101.440002
2024-08-20,EURKRW,1477.119995
2024-08-20,EURUSD,1.108647
2024-08-20,GBPUSD,1.299039
2024-08-20,GOLD_INTL,2511.300049
2024-08-20,HSI,17511.080078
2024-08-20,IXIC,17816.939453
2024-08-20,JPYKRW100,907.227516
2024-08-20,KOSDAQ,787.440002
2024-08-20,KOSPI,2696.629883
2024-08-20,KTB10Y,2.997
2024-08-20,KTB3Y,2.925
2024-08-20,KTB5Y,2.944
2024-08-20,N225,38062.921875
2024-08-20,SOX,5196.299805
2024-08-20,SPX,5597.120117
2024-08-20,USDJPY,146.699005
2024-08-20,USDKRW,1330.880005
2024-08-20,WTI,74.040001
2024-08-21,CALL,3.536
2024-08-21,CD91,3.52
2024-08-21,CNYKRW,186.144134
2024-08-21,CORPAA3Y,3.439
2024-08-21,DJI,40890.488281
2024-08-21,DXY,101.040001
2024-08-21,EURKRW,1478.069946
2024-08-21,EURUSD,1.112793
2024-08-21,GBPUSD,1.303543
2024-08-21,GOLD_INTL,2508.399902
2024-08-21,HSI,17391.009766
2024-08-21,IXIC,17918.990234
2024-08-21,JPYKRW100,913.659954
2024-08-21,KOSDAQ,779.869995
2024-08-21,KOSPI,2701.129883
2024-08-21,KTB10Y,2.978
2024-08-21,KTB3Y,2.938
2024-08-21,KTB5Y,2.947
2024-08-21,N225,37951.800781
2024-08-21,SOX,5267.930176
2024-08-21,SPX,5620.850098
2024-08-21,USDJPY,145.347
2024-08-21,USDKRW,1327.579956
2024-08-21,WTI,71.93
2024-08-22,CALL,3.538
2024-08-22,CD91,3.51
2024-08-22,CNYKRW,187.001879
2024-08-22,CORPAA3Y,3.422
2024-08-22,DJI,40712.78125
2024-08-22,DXY,101.510002
2024-08-22,EURKRW,1488.459961
2024-08-22,EURUSD,1.115536
2024-08-22,GBPUSD,1.309346
2024-08-22,GOLD_INTL,2478.899902
2024-08-22,HSI,17641
2024-08-22,IXIC,17619.349609
2024-08-22,JPYKRW100,918.966961
2024-08-22,KOSDAQ,773.469971
2024-08-22,KOSPI,2707.669922
2024-08-22,KTB10Y,2.986
2024-08-22,KTB3Y,2.907
2024-08-22,KTB5Y,2.931
2024-08-22,N225,38211.011719
2024-08-22,SOX,5086.899902
2024-08-22,SPX,5570.640137
2024-08-22,USDJPY,145.117996
2024-08-22,USDKRW,1333.660034
2024-08-22,WTI,73.010002
2024-08-23,CALL,3.523
2024-08-23,CD91,3.51
2024-08-23,CNYKRW,187.495103
2024-08-23,CORPAA3Y,3.439
2024-08-23,DJI,41175.078125
2024-08-23,DXY,100.720001
2024-08-23,EURKRW,1483.939941
2024-08-23,EURUSD,1.111716
2024-08-23,GBPUSD,1.309775
2024-08-23,GOLD_INTL,2508.399902
2024-08-23,HSI,17612.099609
2024-08-23,IXIC,17877.789063
2024-08-23,JPYKRW100,916.278839
2024-08-23,KOSDAQ,773.26001
2024-08-23,KOSPI,2701.689941
2024-08-23,KTB10Y,3.01
2024-08-23,KTB3Y,3.239
2024-08-23,KTB5Y,2.956
2024-08-23,N225,38364.269531
2024-08-23,SOX,5228.649902
2024-08-23,SPX,5634.609863
2024-08-23,USDJPY,146.201996
2024-08-23,USDKRW,1339.540039
2024-08-23,WTI,74.830002
2024-08-26,CALL,3.528
2024-08-26,CD91,3.51
2024-08-26,CNYKRW,185.8338
2024-08-26,CORPAA3Y,3.414
2024-08-26,DJI,41240.519531
2024-08-26,DXY,100.849998
2024-08-26,EURKRW,1459.599976
2024-08-26,EURUSD,1.118793
2024-08-26,GBPUSD,1.321266
2024-08-26,GOLD_INTL,2517.699951
2024-08-26,HSI,17798.730469
2024-08-26,IXIC,17725.769531
2024-08-26,JPYKRW100,919.587803
2024-08-26,KOSDAQ,766.789978
2024-08-26,KOSPI,2698.01001
2024-08-26,KTB10Y,2.974
2024-08-26,KTB3Y,2.891
2024-08-26,KTB5Y,2.925
2024-08-26,N225,38110.21875
2024-08-26,SOX,5097.350098
2024-08-26,SPX,5616.839844
2024-08-26,USDJPY,144
2024-08-26,USDKRW,1323.880005
2024-08-26,WTI,77.419998
2024-08-27,CALL,3.509
2024-08-27,CD91,3.52
2024-08-27,CNYKRW,186.375575
2024-08-27,CORPAA3Y,3.465
2024-08-27,DJI,41250.5
2024-08-27,DXY,100.550003
2024-08-27,EURKRW,1472.76001
2024-08-27,EURUSD,1.11647
2024-08-27,GBPUSD,1.319174
2024-08-27,GOLD_INTL,2516
2024-08-27,HSI,17874.669922
2024-08-27,IXIC,17754.820313
2024-08-27,JPYKRW100,918.115425
2024-08-27,KOSDAQ,764.950012
2024-08-27,KOSPI,2689.25
2024-08-27,KTB10Y,3.074
2024-08-27,KTB3Y,2.95
2024-08-27,KTB5Y,2.99
2024-08-27,N225,38288.621094
2024-08-27,SOX,5153.629883
2024-08-27,SPX,5625.799805
2024-08-27,USDJPY,144.516006
2024-08-27,USDKRW,1326.640015
2024-08-27,WTI,75.529999
2024-08-28,CALL,3.505
2024-08-28,CD91,3.52
2024-08-28,CNYKRW,186.205447
2024-08-28,CORPAA3Y,3.456
2024-08-28,DJI,41091.421875
2024-08-28,DXY,101.089996
2024-08-28,EURKRW,1486.060059
2024-08-28,EURUSD,1.117793
2024-08-28,GBPUSD,1.32575
2024-08-28,GOLD_INTL,2501
2024-08-28,HSI,17692.449219
2024-08-28,IXIC,17556.029297
2024-08-28,JPYKRW100,921.198463
2024-08-28,KOSDAQ,762.5
2024-08-28,KOSPI,2689.830078
2024-08-28,KTB10Y,3.065
2024-08-28,KTB3Y,2.918
2024-08-28,KTB5Y,2.973
2024-08-28,N225,38371.761719
2024-08-28,SOX,5059.560059
2024-08-28,SPX,5592.180176
2024-08-28,USDJPY,143.975006
2024-08-28,USDKRW,1326.359985
2024-08-28,WTI,74.519997
2024-08-29,CALL,3.503
2024-08-29,CD91,3.52
2024-08-29,CNYKRW,187.624039
2024-08-29,CORPAA3Y,3.484
2024-08-29,DJI,41335.050781
2024-08-29,DXY,101.339996
2024-08-29,EURKRW,1485.689941
2024-08-29,EURUSD,1.112496
2024-08-29,GBPUSD,1.319366
2024-08-29,GOLD_INTL,2525.699951
2024-08-29,HSI,17786.320313
2024-08-29,IXIC,17516.429688
2024-08-29,JPYKRW100,925.384426
2024-08-29,KOSDAQ,756.039978
2024-08-29,KOSPI,2662.280029
2024-08-29,KTB10Y,3.082
2024-08-29,KTB3Y,2.945
2024-08-29,KTB5Y,3.001
2024-08-29,N225,38362.53125
2024-08-29,SOX,5029.25
2024-08-29,SPX,5591.959961
2024-08-29,USDJPY,144.432999
2024-08-29,USDKRW,1336.689941
2024-08-29,WTI,75.910004
2024-08-30,CALL,3.543
2024-08-30,CD91,3.52
2024-08-30,CNYKRW,187.848637
2024-08-30,CORPAA3Y,3.503
2024-08-30,DJI,41563.078125
2024-08-30,DXY,101.699997
2024-08-30,EURKRW,1476.060059
2024-08-30,EURUSD,1.108045
2024-08-30,GBPUSD,1.316621
2024-08-30,GOLD_INTL,2493.800049
2024-08-30,HSI,17989.070313
2024-08-30,IXIC,17713.619141
2024-08-30,JPYKRW100,919.855595
2024-08-30,KOSDAQ,767.659973
2024-08-30,KOSPI,2674.310059
2024-08-30,KTB10Y,3.091
2024-08-30,KTB3Y,2.954
2024-08-30,KTB5Y,3.007
2024-08-30,N225,38647.75
2024-08-30,SOX,5158.819824
2024-08-30,SPX,5648.399902
2024-08-30,USDJPY,144.889999
2024-08-30,USDKRW,1332.880005
2024-08-30,WTI,73.550003
2024-09-02,CALL,3.521
2024-09-02,CD91,3.52
2024-09-02,CNYKRW,188.46039
2024-09-02,CORPAA3Y,3.542
2024-09-02,EURKRW,1476.670044
2024-09-02,EURUSD,1.104484
2024-09-02,GBPUSD,1.312853
2024-09-02,HSI,17691.970703
2024-09-02,JPYKRW100,912.958241
2024-09-02,KOSDAQ,769.210022
2024-09-02,KOSPI,2681
2024-09-02,KTB10Y,3.115
2024-09-02,KTB3Y,2.995
2024-09-02,KTB5Y,3.056
2024-09-02,N225,38700.871094
2024-09-02,USDJPY,146.380997
2024-09-02,USDKRW,1336.579956
2024-09-03,CALL,3.507
2024-09-03,CD91,3.51
2024-09-03,CNYKRW,187.947902
2024-09-03,CORPAA3Y,3.545
2024-09-03,DJI,40936.929688
2024-09-03,DXY,101.830002
2024-09-03,EURKRW,1479.719971
2024-09-03,EURUSD,1.106746
2024-09-03,GBPUSD,1.314199
2024-09-03,GOLD_INTL,2489.899902
2024-09-03,HSI,17651.490234
2024-09-03,IXIC,17136.300781
2024-09-03,JPYKRW100,911.594009
2024-09-03,KOSDAQ,760.369995
2024-09-03,KOSPI,2664.629883
2024-09-03,KTB10Y,3.127
2024-09-03,KTB3Y,2.994
2024-09-03,KTB5Y,3.047
2024-09-03,N225,38686.308594
2024-09-03,SOX,4759
2024-09-03,SPX,5528.930176
2024-09-03,USDJPY,146.722
2024-09-03,USDKRW,1337.550049
2024-09-03,WTI,70.339996
2024-09-04,CALL,3.521
2024-09-04,CD91,3.51
2024-09-04,CNYKRW,188.249262
2024-09-04,CORPAA3Y,3.497
2024-09-04,DJI,40974.96875
2024-09-04,DXY,101.360001
2024-09-04,EURKRW,1478.709961
2024-09-04,EURUSD,1.104887
2024-09-04,GBPUSD,1.311407
2024-09-04,GOLD_INTL,2493.399902
2024-09-04,HSI,17457.339844
2024-09-04,IXIC,17084.300781
2024-09-04,JPYKRW100,922.106838
2024-09-04,KOSDAQ,731.75
2024-09-04,KOSPI,2580.800049
2024-09-04,KTB10Y,3.048
2024-09-04,KTB3Y,2.933
2024-09-04,KTB5Y,2.996
2024-09-04,N225,37047.609375
2024-09-04,SOX,4770.850098
2024-09-04,SPX,5520.069824
2024-09-04,USDJPY,145.352997
2024-09-04,USDKRW,1340.410034
2024-09-04,WTI,69.199997
2024-09-05,CALL,3.546
2024-09-05,CD91,3.51
2024-09-05,CNYKRW,187.152524
2024-09-05,CORPAA3Y,3.48
2024-09-05,DJI,40755.75
2024-09-05,DXY,101.110001
2024-09-05,EURKRW,1475.5
2024-09-05,EURUSD,1.108045
2024-09-05,GBPUSD,1.314475
2024-09-05,GOLD_INTL,2511.399902
2024-09-05,HSI,17444.300781
2024-09-05,IXIC,17127.660156
2024-09-05,JPYKRW100,930.97229
2024-09-05,KOSDAQ,725.280029
2024-09-05,KOSPI,2575.5
2024-09-05,KTB10Y,3.026
2024-09-05,KTB3Y,2.901
2024-09-05,KTB5Y,2.968
2024-09-05,N225,36657.089844
2024-09-05,SOX,4742.419922
2024-09-05,SPX,5503.410156
2024-09-05,USDJPY,143.324005
2024-09-05,USDKRW,1331.01001
2024-09-05,WTI,69.150002
2024-09-06,CALL,3.555
2024-09-06,CD91,3.51
2024-09-06,CNYKRW,187.947208
2024-09-06,CORPAA3Y,3.46
2024-09-06,DJI,40345.410156
2024-09-06,DXY,101.18
2024-09-06,EURKRW,1480.02002
2024-09-06,EURUSD,1.111111
2024-09-06,GBPUSD,1.317749
2024-09-06,GOLD_INTL,2493.5
2024-09-06,IXIC,16690.830078
2024-09-06,JPYKRW100,929.17614
2024-09-06,KOSDAQ,706.590027
2024-09-06,KOSPI,2544.280029
2024-09-06,KTB10Y,3.019
2024-09-06,KTB3Y,2.881
2024-09-06,KTB5Y,2.933
2024-09-06,N225,36391.46875
2024-09-06,SOX,4528.220215
2024-09-06,SPX,5408.419922
2024-09-06,USDJPY,143.393005
2024-09-06,USDKRW,1332.790039
2024-09-06,WTI,67.669998
2024-09-09,CALL,3.562
2024-09-09,CD91,3.51
2024-09-09,CNYKRW,188.739964
2024-09-09,CORPAA3Y,3.471
2024-09-09,DJI,40829.589844
2024-09-09,DXY,101.550003
2024-09-09,EURKRW,1482.319946
2024-09-09,EURUSD,1.108721
2024-09-09,GBPUSD,1.313336
2024-09-09,GOLD_INTL,2501.800049
2024-09-09,HSI,17196.960938
2024-09-09,IXIC,16884.599609
2024-09-09,JPYKRW100,939.00671
2024-09-09,KOSDAQ,714.460022
2024-09-09,KOSPI,2535.929932
2024-09-09,KTB10Y,3.034
2024-09-09,KTB3Y,2.897
2024-09-09,KTB5Y,2.96
2024-09-09,N225,36215.75
2024-09-09,SOX,4625.779785
2024-09-09,SPX,5471.049805
2024-09-09,USDJPY,142.485992
2024-09-09,USDKRW,1337.77002
2024-09-09,WTI,68.709999
2024-09-10,CALL,3.42
2024-09-10,CD91,3.51
2024-09-10,CNYKRW,188.55011
2024-09-10,CORPAA3Y,3.451
2024-09-10,DJI,40736.960938
2024-09-10,DXY,101.629997
2024-09-10,EURKRW,1482.170044
2024-09-10,EURUSD,1.103753
2024-09-10,GBPUSD,1.307138
2024-09-10,GOLD_INTL,2512.300049
2024-09-10,HSI,17234.089844
2024-09-10,IXIC,17025.880859
2024-09-10,JPYKRW100,937.06789
2024-09-10,KOSDAQ,706.200012
2024-09-10,KOSPI,2523.429932
2024-09-10,KTB10Y,3.01
2024-09-10,KTB3Y,2.873
2024-09-10,KTB5Y,2.907
2024-09-10,N225,36159.160156
2024-09-10,SOX,4680.669922
2024-09-10,SPX,5495.52002
2024-09-10,USDJPY,143.177002
2024-09-10,USDKRW,1341.27002
2024-09-10,WTI,65.75
2024-09-11,CALL,3.48
2024-09-11,CD91,3.51
2024-09-11,CNYKRW,188.650146
2024-09-11,CORPAA3Y,3.406
2024-09-11,DJI,40861.710938
2024-09-11,DXY,101.68
2024-09-11,EURKRW,1479.630005
2024-09-11,EURUSD,1.102098
2024-09-11,GBPUSD,1.308027
2024-09-11,GOLD_INTL,2512.100098
2024-09-11,HSI,17108.710938
2024-09-11,IXIC,17395.529297
2024-09-11,JPYKRW100,944.287777
2024-09-11,KOSDAQ,709.419983
2024-09-11,KOSPI,2513.370117
2024-09-11,KTB10Y,2.947
2024-09-11,KTB3Y,2.849
2024-09-11,KTB5Y,2.682
2024-09-11,N225,35619.769531
2024-09-11,SOX,4910.169922
2024-09-11,SPX,5554.129883
2024-09-11,USDJPY,142.233994
2024-09-11,USDKRW,1343.339966
2024-09-11,WTI,67.309998
2024-09-12,CALL,3.578
2024-09-12,CD91,3.51
2024-09-12,CNYKRW,188.095013
2024-09-12,CORPAA3Y,3.449
2024-09-12,DJI,41096.769531
2024-09-12,DXY,101.370003
2024-09-12,EURKRW,1473.869995
2024-09-12,EURUSD,1.101091
2024-09-12,GBPUSD,1.303951
2024-09-12,GOLD_INTL,2551.199951
2024-09-12,HSI,17240.390625
2024-09-12,IXIC,17569.679688
2024-09-12,JPYKRW100,938.895798
2024-09-12,KOSDAQ,731.030029
2024-09-12,KOSPI,2572.090088
2024-09-12,KTB10Y,2.971
2024-09-12,KTB3Y,2.871
2024-09-12,KTB5Y,2.892
2024-09-12,N225,36833.269531
2024-09-12,SOX,4898.439941
2024-09-12,SPX,5595.759766
2024-09-12,USDJPY,142.589996
2024-09-12,USDKRW,1339.180054
2024-09-12,WTI,68.970001
2024-09-13,CALL,3.538
2024-09-13,CD91,3.53
2024-09-13,CNYKRW,187.686527
2024-09-13,CORPAA3Y,3.41
2024-09-13,DJI,41393.78125
2024-09-13,DXY,101.110001
2024-09-13,EURKRW,1480.140015
2024-09-13,EURUSD,1.107788
2024-09-13,GBPUSD,1.313232
2024-09-13,GOLD_INTL,2581.300049
2024-09-13,HSI,17369.089844
2024-09-13,IXIC,17683.980469
2024-09-13,JPYKRW100,943.85376
2024-09-13,KOSDAQ,733.200012
2024-09-13,KOSPI,2575.409912
2024-09-13,KTB10Y,2.94
2024-09-13,KTB3Y,2.824
2024-09-13,KTB5Y,2.833
2024-09-13,N225,36581.761719
2024-09-13,SOX,4980.490234
2024-09-13,SPX,5626.02002
2024-09-13,USDJPY,141.498993
2024-09-13,USDKRW,1335.689941
2024-09-13,WTI,68.650002
2024-09-16,CNYKRW,187.447659
2024-09-16,DJI,41622.078125
2024-09-16,DXY,100.760002
2024-09-16,EURKRW,1442.459961
2024-09-16,EURUSD,1.108844
2024-09-16,GBPUSD,1.3138
2024-09-16,GOLD_INTL,2580.399902
2024-09-16,HSI,17422.119141
2024-09-16,IXIC,17592.130859
2024-09-16,JPYKRW100,944.324684
2024-09-16,SOX,4910.439941
2024-09-16,SPX,5633.089844
2024-09-16,USDJPY,140.789993
2024-09-16,USDKRW,1329.51001
2024-09-16,WTI,70.089996
2024-09-17,CNYKRW,185.986598
2024-09-17,DJI,41606.179688
2024-09-17,DXY,100.889999
2024-09-17,EURKRW,1475.589966
2024-09-17,EURUSD,1.112954
2024-09-17,GBPUSD,1.321074
2024-09-17,GOLD_INTL,2564.300049
2024-09-17,HSI,17660.019531
2024-09-17,IXIC,17628.060547
2024-09-17,JPYKRW100,936.857891
2024-09-17,N225,36203.21875
2024-09-17,SOX,4912.100098
2024-09-17,SPX,5634.580078
2024-09-17,USDJPY,140.789993
2024-09-17,USDKRW,1319.109985
2024-09-17,WTI,71.190002
2024-09-18,CNYKRW,186.525205
2024-09-18,DJI,41503.101563
2024-09-18,DXY,100.599998
2024-09-18,EURKRW,1471.050049
2024-09-18,EURUSD,1.11231
2024-09-18,GBPUSD,1.316742
2024-09-18,GOLD_INTL,2570.699951
2024-09-18,IXIC,17573.300781
2024-09-18,JPYKRW100,931.450558
2024-09-18,N225,36380.171875
2024-09-18,SOX,4859.290039
2024-09-18,SPX,5618.259766
2024-09-18,USDJPY,142.014999
2024-09-18,USDKRW,1322.930054
2024-09-18,WTI,70.910004
2024-09-19,CALL,3.517
2024-09-19,CD91,3.53
2024-09-19,CNYKRW,186.733518
2024-09-19,CORPAA3Y,3.432
2024-09-19,DJI,42025.191406
2024-09-19,DXY,100.610001
2024-09-19,EURKRW,1469.469971
2024-09-19,EURUSD,1.111482
2024-09-19,GBPUSD,1.320115
2024-09-19,GOLD_INTL,2588
2024-09-19,HSI,18013.160156
2024-09-19,IXIC,18013.980469
2024-09-19,JPYKRW100,926.698685
2024-09-19,KOSDAQ,739.51001
2024-09-19,KOSPI,2580.800049
2024-09-19,KTB10Y,2.974
2024-09-19,KTB3Y,2.84
2024-09-19,KTB5Y,2.872
2024-09-19,N225,37155.328125
2024-09-19,SOX,5066.649902
2024-09-19,SPX,5713.640137
2024-09-19,USDJPY,142.710007
2024-09-19,USDKRW,1322.26001
2024-09-19,WTI,71.949997
2024-09-20,CALL,3.505
2024-09-20,CD91,3.53
2024-09-20,CNYKRW,187.860479
2024-09-20,CORPAA3Y,3.426
2024-09-20,DJI,42063.359375
2024-09-20,DXY,100.720001
2024-09-20,EURKRW,1481.569946
2024-09-20,EURUSD,1.116196
2024-09-20,GBPUSD,1.32818
2024-09-20,GOLD_INTL,2619.899902
2024-09-20,HSI,18258.570313
2024-09-20,IXIC,17948.320313
2024-09-20,JPYKRW100,929.158783
2024-09-20,KOSDAQ,748.330017
2024-09-20,KOSPI,2593.370117
2024-09-20,KTB10Y,2.989
2024-09-20,KTB3Y,2.836
2024-09-20,KTB5Y,2.867
2024-09-20,N225,37723.910156
2024-09-20,SOX,5000.060059
2024-09-20,SPX,5702.549805
2024-09-20,USDJPY,142.858002
2024-09-20,USDKRW,1327.609985
2024-09-20,WTI,71.919998
2024-09-23,CALL,3.499
2024-09-23,CD91,3.53
2024-09-23,CNYKRW,188.841141
2024-09-23,CORPAA3Y,3.449
2024-09-23,DJI,42124.648438
2024-09-23,DXY,100.919998
2024-09-23,EURKRW,1485.51001
2024-09-23,EURUSD,1.116084
2024-09-23,GBPUSD,1.331398
2024-09-23,GOLD_INTL,2626.5
2024-09-23,HSI,18247.109375
2024-09-23,IXIC,17974.269531
2024-09-23,JPYKRW100,924.534035
2024-09-23,KOSDAQ,755.119995
2024-09-23,KOSPI,2602.01001
2024-09-23,KTB10Y,3.014
2024-09-23,KTB3Y,2.864
2024-09-23,KTB5Y,2.902
2024-09-23,SOX,5025.810059
2024-09-23,SPX,5718.569824
2024-09-23,USDJPY,144.003998
2024-09-23,USDKRW,1331.5
2024-09-23,WTI,70.370003
2024-09-24,CALL,3.509
2024-09-24,CD91,3.53
2024-09-24,CNYKRW,189.13108
2024-09-24,CORPAA3Y,3.439
2024-09-24,DJI,42208.21875
2024-09-24,DXY,100.370003
2024-09-24,EURKRW,1484.26001
2024-09-24,EURUSD,1.111173
2024-09-24,GBPUSD,1.334989
2024-09-24,GOLD_INTL,2651.199951
2024-09-24,HSI,19000.560547
2024-09-24,IXIC,18074.519531
2024-09-24,JPYKRW100,928.578568
2024-09-24,KOSDAQ,767.349976
2024-09-24,KOSPI,2631.679932
2024-09-24,KTB10Y,3.016
2024-09-24,KTB3Y,2.836
2024-09-24,KTB5Y,2.902
2024-09-24,N225,37940.589844
2024-09-24,SOX,5091.779785
2024-09-24,SPX,5732.930176
2024-09-24,USDJPY,143.638
2024-09-24,USDKRW,1333.619995
2024-09-24,WTI,71.559998
2024-09-25,CALL,3.509
2024-09-25,CD91,3.53
2024-09-25,CNYKRW,188.456945
2024-09-25,CORPAA3Y,3.401
2024-09-25,DJI,41914.75
2024-09-25,DXY,100.919998
2024-09-25,EURKRW,1480.670044
2024-09-25,EURUSD,1.119119
2024-09-25,GBPUSD,1.342732
2024-09-25,GOLD_INTL,2659.199951
2024-09-25,HSI,19129.099609
2024-09-25,IXIC,18082.210938
2024-09-25,JPYKRW100,926.690865
2024-09-25,KOSDAQ,759.299988
2024-09-25,KOSPI,2596.320068
2024-09-25,KTB10Y,3.002
2024-09-25,KTB3Y,2.818
2024-09-25,KTB5Y,2.9
2024-09-25,N225,37870.261719
2024-09-25,SOX,5132.52002
2024-09-25,SPX,5722.259766
2024-09-25,USDJPY,142.962997
2024-09-25,USDKRW,1324.890015
2024-09-25,WTI,69.690002
2024-09-26,CALL,3.531
2024-09-26,CD91,3.53
2024-09-26,CNYKRW,189.845435
2024-09-26,CORPAA3Y,3.395
2024-09-26,DJI,42175.109375
2024-09-26,DXY,100.559998
2024-09-26,EURKRW,1485.609985
2024-09-26,EURUSD,1.113102
2024-09-26,GBPUSD,1.331579
2024-09-26,GOLD_INTL,2669.899902
2024-09-26,HSI,19924.580078
2024-09-26,IXIC,18190.289063
2024-09-26,JPYKRW100,922.178936
2024-09-26,KOSDAQ,779.179993
2024-09-26,KOSPI,2671.570068
2024-09-26,KTB10Y,2.999
2024-09-26,KTB3Y,2.813
2024-09-26,KTB5Y,2.875
2024-09-26,N225,38925.628906
2024-09-26,SOX,5310.5
2024-09-26,SPX,5745.370117
2024-09-26,USDJPY,144.682999
2024-09-26,USDKRW,1335.050049
2024-09-26,WTI,67.669998
2024-09-27,CALL,3.535
2024-09-27,CD91,3.53
2024-09-27,CNYKRW,187.373389
2024-09-27,CORPAA3Y,3.409
2024-09-27,DJI,42313
2024-09-27,DXY,100.419998
2024-09-27,EURKRW,1467.189941
2024-09-27,EURUSD,1.117718
2024-09-27,GBPUSD,1.341382
2024-09-27,GOLD_INTL,2644.300049
2024-09-27,HSI,20632.300781
2024-09-27,IXIC,18119.589844
2024-09-27,JPYKRW100,905.19352
2024-09-27,KOSDAQ,774.48999
2024-09-27,KOSPI,2649.780029
2024-09-27,KTB10Y,2.999
2024-09-27,KTB3Y,2.83
2024-09-27,KTB5Y,2.888
2024-09-27,N225,39829.558594
2024-09-27,SOX,5217.22998
2024-09-27,SPX,5738.169922
2024-09-27,USDJPY,145.076004
2024-09-27,USDKRW,1313.300049
2024-09-27,WTI,68.18
2024-09-30,CALL,3.602
2024-09-30,CD91,3.53
2024-09-30,CNYKRW,186.768044
2024-09-30,CORPAA3Y,3.397
2024-09-30,DJI,42330.148438
2024-09-30,DXY,100.779999
2024-09-30,EURKRW,1461.119995
2024-09-30,EURUSD,1.116982
2024-09-30,GBPUSD,1.33833
2024-09-30,GOLD_INTL,2636.100098
2024-09-30,HSI,21133.679688
2024-09-30,IXIC,18189.169922
2024-09-30,JPYKRW100,916.841412
2024-09-30,KOSDAQ,763.880005
2024-09-30,KOSPI,2593.27002
2024-09-30,KTB10Y,2.99
2024-09-30,KTB3Y,2.811
2024-09-30,KTB5Y,2.884
2024-09-30,N225,37919.550781
2024-09-30,SOX,5173.060059
2024-09-30,SPX,5762.47998
2024-09-30,USDJPY,142.783005
2024-09-30,USDKRW,1309.300049
2024-09-30,WTI,68.169998
2024-10-01,CNYKRW,187.435692
2024-10-01,DJI,42156.96875
2024-10-01,DXY,101.190002
2024-10-01,EURKRW,1465.079956
2024-10-01,EURUSD,1.11366
2024-10-01,GBPUSD,1.337614
2024-10-01,GOLD_INTL,2667.300049
2024-10-01,IXIC,17910.359375
2024-10-01,JPYKRW100,915.350628
2024-10-01,N225,38651.96875
2024-10-01,SOX,5024.939941
2024-10-01,SPX,5708.75
2024-10-01,USDJPY,143.710007
2024-10-01,USDKRW,1315.329956
2024-10-01,WTI,69.830002
2024-10-02,CALL,3.51
2024-10-02,CD91,3.52
2024-10-02,CNYKRW,188.44447
2024-10-02,CORPAA3Y,3.37
2024-10-02,DJI,42196.519531
2024-10-02,DXY,101.68
2024-10-02,EURKRW,1465.410034
2024-10-02,EURUSD,1.10639
2024-10-02,GBPUSD,1.327404
2024-10-02,GOLD_INTL,2647.100098
2024-10-02,HSI,22443.730469
2024-10-02,IXIC,17925.119141
2024-10-02,JPYKRW100,921.669483
2024-10-02,KOSDAQ,762.130005
2024-10-02,KOSPI,2561.689941
2024-10-02,KTB10Y,2.941
2024-10-02,KTB3Y,2.771
2024-10-02,KTB5Y,2.843
2024-10-02,N225,37808.761719
2024-10-02,SOX,5099.200195
2024-10-02,SPX,5709.540039
2024-10-02,USDJPY,143.735992
2024-10-02,USDKRW,1324.839966
2024-10-02,WTI,70.099998
2024-10-03,CNYKRW,188.133907
2024-10-03,DJI,42011.589844
2024-10-03,DXY,101.989998
2024-10-03,EURKRW,1462.150024
2024-10-03,EURUSD,1.10485
2024-10-03,GBPUSD,1.326612
2024-10-03,GOLD_INTL,2657.100098
2024-10-03,HSI,22113.509766
2024-10-03,IXIC,17918.480469
2024-10-03,JPYKRW100,903.23534
2024-10-03,N225,38552.058594
2024-10-03,SOX,5125.209961
2024-10-03,SPX,5699.939941
2024-10-03,USDJPY,146.582001
2024-10-03,USDKRW,1324.030029
2024-10-03,WTI,73.709999
2024-10-04,CALL,3.494
2024-10-04,CD91,3.52
2024-10-04,CNYKRW,189.40966
2024-10-04,CORPAA3Y,3.415
2024-10-04,DJI,42352.75
2024-10-04,DXY,102.519997
2024-10-04,EURKRW,1468.619995
2024-10-04,EURUSD,1.103558
2024-10-04,GBPUSD,1.313025
2024-10-04,GOLD_INTL,2645.800049
2024-10-04,HSI,22736.869141
2024-10-04,IXIC,18137.849609
2024-10-04,JPYKRW100,908.744812
2024-10-04,KOSDAQ,768.97998
2024-10-04,KOSPI,2569.709961
2024-10-04,KTB10Y,2.995
2024-10-04,KTB3Y,2.824
2024-10-04,KTB5Y,2.903
2024-10-04,N225,38635.621094
2024-10-04,SOX,5206.839844
2024-10-04,SPX,5751.069824
2024-10-04,USDJPY,146.839996
2024-10-04,USDKRW,1334.410034
2024-10-04,WTI,74.379997
2024-10-07,CALL,3.473
2024-10-07,CD91,3.51
2024-10-07,CNYKRW,191.789101
2024-10-07,CORPAA3Y,3.546
2024-10-07,DJI,41954.238281
2024-10-07,DXY,102.540001
2024-10-07,EURKRW,1476.819946
2024-10-07,EURUSD,1.097454
2024-10-07,GBPUSD,1.312525
2024-10-07,GOLD_INTL,2644.800049
2024-10-07,HSI,23099.779297
2024-10-07,IXIC,17923.900391
2024-10-07,JPYKRW100,904.194546
2024-10-07,KOSDAQ,781.01001
2024-10-07,KOSPI,2610.379883
2024-10-07,KTB10Y,3.109
2024-10-07,KTB3Y,2.962
2024-10-07,KTB5Y,3.018
2024-10-07,N225,39332.738281
2024-10-07,SOX,5196.799805
2024-10-07,SPX,5695.939941
2024-10-07,USDJPY,148.820007
2024-10-07,USDKRW,1345.880005
2024-10-07,WTI,77.139999
2024-10-08,CALL,3.483
2024-10-08,CD91,3.51
2024-10-08,CNYKRW,191.245311
2024-10-08,CORPAA3Y,3.517
2024-10-08,DJI,42080.371094
2024-10-08,DXY,102.550003
2024-10-08,EURKRW,1478.400024
2024-10-08,EURUSD,1.097574
2024-10-08,GBPUSD,1.308472
2024-10-08,GOLD_INTL,2615
2024-10-08,HSI,20926.789063
2024-10-08,IXIC,18182.919922
2024-10-08,JPYKRW100,906.306458
2024-10-08,KOSDAQ,778.23999
2024-10-08,KOSPI,2594.360107
2024-10-08,KTB10Y,3.084
2024-10-08,KTB3Y,2.941
2024-10-08,KTB5Y,3.018
2024-10-08,N225,38937.539063
2024-10-08,SOX,5266.100098
2024-10-08,SPX,5751.129883
2024-10-08,USDJPY,148.145996
2024-10-08,USDKRW,1342.369995
2024-10-08,WTI,73.57
2024-10-09,CNYKRW,190.046487
2024-10-09,DJI,42512
2024-10-09,DXY,102.93
2024-10-09,EURKRW,1471.73999
2024-10-09,EURUSD,1.097574
2024-10-09,GBPUSD,1.309483
2024-10-09,GOLD_INTL,2606
2024-10-09,HSI,20637.240234
2024-10-09,IXIC,18291.619141
2024-10-09,JPYKRW100,905.321026
2024-10-09,N225,39277.960938
2024-10-09,SOX,5321.899902
2024-10-09,SPX,5792.040039
2024-10-09,USDJPY,148.158997
2024-10-09,USDKRW,1341.310059
2024-10-09,WTI,73.239998
2024-10-10,CALL,3.517
2024-10-10,CD91,3.5
2024-10-10,CNYKRW,189.689412
2024-10-10,CORPAA3Y,3.542
2024-10-10,DJI,42454.121094
2024-10-10,DXY,102.989998
2024-10-10,EURKRW,1472.280029
2024-10-10,EURUSD,1.094331
2024-10-10,GBPUSD,1.306831
2024-10-10,GOLD_INTL,2620.600098
2024-10-10,HSI,21251.980469
2024-10-10,IXIC,18282.050781
2024-10-10,JPYKRW100,900.352573
2024-10-10,KOSDAQ,775.47998
2024-10-10,KOSPI,2599.159912
2024-10-10,KTB10Y,3.079
2024-10-10,KTB3Y,2.965
2024-10-10,KTB5Y,3.003
2024-10-10,N225,39380.890625
2024-10-10,SOX,5293.939941
2024-10-10,SPX,5780.049805
2024-10-10,USDJPY,149.160004
2024-10-10,USDKRW,1343.02002
2024-10-10,WTI,75.849998
2024-10-11,CALL,3.312
2024-10-11,CD91,3.4
2024-10-11,CNYKRW,190.638547
2024-10-11,CORPAA3Y,3.523
2024-10-11,DJI,42863.859375
2024-10-11,DXY,102.889999
2024-10-11,EURKRW,1474.5
2024-10-11,EURUSD,1.093386
2024-10-11,GBPUSD,1.306216
2024-10-11,GOLD_INTL,2657.600098
2024-10-11,IXIC,18342.939453
2024-10-11,JPYKRW100,907.598686
2024-10-11,KOSDAQ,770.97998
2024-10-11,KOSPI,2596.909912
2024-10-11,KTB10Y,3.085
2024-10-11,KTB3Y,2.932
2024-10-11,KTB5Y,2.986
2024-10-11,N225,39605.800781
2024-10-11,SOX,5335.939941
2024-10-11,SPX,5815.029785
2024-10-11,USDJPY,148.703995
2024-10-11,USDKRW,1349.73999
2024-10-11,WTI,75.559998
2024-10-14,CALL,3.306
2024-10-14,CD91,3.4
2024-10-14,CNYKRW,190.841021
2024-10-14,CORPAA3Y,3.509
2024-10-14,DJI,43065.21875
2024-10-14,DXY,103.300003
2024-10-14,EURKRW,1474.380005
2024-10-14,EURUSD,1.092538
2024-10-14,GBPUSD,1.304904
2024-10-14,GOLD_INTL,2647.800049
2024-10-14,HSI,21092.869141
2024-10-14,IXIC,18502.689453
2024-10-14,JPYKRW100,902.79274
2024-10-14,KOSDAQ,770.26001
2024-10-14,KOSPI,2623.290039
2024-10-14,KTB10Y,3.078
2024-10-14,KTB3Y,2.939
2024-10-14,KTB5Y,2.999
2024-10-14,SOX,5432.209961
2024-10-14,SPX,5859.850098
2024-10-14,USDJPY,149.334
2024-10-14,USDKRW,1348.329956
2024-10-14,WTI,73.830002
2024-10-15,CALL,3.291
2024-10-15,CD91,3.4
2024-10-15,CNYKRW,191.510045
2024-10-15,CORPAA3Y,3.475
2024-10-15,DJI,42740.421875
2024-10-15,DXY,103.260002
2024-10-15,EURKRW,1478.719971
2024-10-15,EURUSD,1.090917
2024-10-15,GBPUSD,1.306745
2024-10-15,GOLD_INTL,2661.399902
2024-10-15,HSI,20318.789063
2024-10-15,IXIC,18315.589844
2024-10-15,JPYKRW100,906.756878
2024-10-15,KOSDAQ,773.809998
2024-10-15,KOSPI,2633.449951
2024-10-15,KTB10Y,3.066
2024-10-15,KTB3Y,2.907
2024-10-15,KTB5Y,2.985
2024-10-15,N225,39910.550781
2024-10-15,SOX,5145.209961
2024-10-15,SPX,5815.259766
2024-10-15,USDJPY,149.669998
2024-10-15,USDKRW,1357.27002
2024-10-15,WTI,70.580002
2024-10-16,CALL,3.282
2024-10-16,CD91,3.4
2024-10-16,CNYKRW,191.517043
2024-10-16,CORPAA3Y,3.452
2024-10-16,DJI,43077.699219
2024-10-16,DXY,103.589996
2024-10-16,EURKRW,1482.390015
2024-10-16,EURUSD,1.088412
2024-10-16,GBPUSD,1.306592
2024-10-16,GOLD_INTL,2674
2024-10-16,HSI,20286.849609
2024-10-16,IXIC,18367.080078
2024-10-16,JPYKRW100,914.395046
2024-10-16,KOSDAQ,765.789978
2024-10-16,KOSPI,2610.360107
2024-10-16,KTB10Y,3.017
2024-10-16,KTB3Y,2.881
2024-10-16,KTB5Y,2.924
2024-10-16,N225,39180.300781
2024-10-16,SOX,5155.859863
2024-10-16,SPX,5842.470215
2024-10-16,USDJPY,149.098999
2024-10-16,USDKRW,1363.180054
2024-10-16,WTI,70.389999
2024-10-17,CALL,3.278
2024-10-17,CD91,3.39
2024-10-17,CNYKRW,191.64418
2024-10-17,CORPAA3Y,3.467
2024-10-17,DJI,43239.050781
2024-10-17,DXY,103.830002
2024-10-17,EURKRW,1480.969971
2024-10-17,EURUSD,1.086248
2024-10-17,GBPUSD,1.299022
2024-10-17,GOLD_INTL,2691
2024-10-17,HSI,20079.099609
2024-10-17,IXIC,18373.609375
2024-10-17,JPYKRW100,912.026405
2024-10-17,KOSDAQ,765.059998
2024-10-17,KOSPI,2609.300049
2024-10-17,KTB10Y,3.015
2024-10-17,KTB3Y,2.888
2024-10-17,KTB5Y,2.941
2024-10-17,N225,38911.191406
2024-10-17,SOX,5204.810059
2024-10-17,SPX,5841.470215
2024-10-17,USDJPY,149.576004
2024-10-17,USDKRW,1364.199951
2024-10-17,WTI,70.669998
2024-10-18,CALL,3.278
2024-10-18,CD91,3.39
2024-10-18,CNYKRW,192.341713
2024-10-18,CORPAA3Y,3.48
2024-10-18,DJI,43275.910156
2024-10-18,DXY,103.489998
2024-10-18,EURKRW,1485.380005
2024-10-18,EURUSD,1.082954
2024-10-18,GBPUSD,1.301575
2024-10-18,GOLD_INTL,2713.699951
2024-10-18,HSI,20804.109375
2024-10-18,IXIC,18489.550781
2024-10-18,JPYKRW100,912.624359
2024-10-18,KOSDAQ,753.219971
2024-10-18,KOSPI,2593.820068
2024-10-18,KTB10Y,3.068
2024-10-18,KTB3Y,2.921
2024-10-18,KTB5Y,2.97
2024-10-18,N225,38981.75
2024-10-18,SOX,5208.620117
2024-10-18,SPX,5864.669922
2024-10-18,USDJPY,150.100006
2024-10-18,USDKRW,1370.050049
2024-10-18,WTI,69.220001
2024-10-21,CALL,3.264
2024-10-21,CD91,3.39
2024-10-21,CNYKRW,192.796587
2024-10-21,CORPAA3Y,3.471
2024-10-21,DJI,42931.601563
2024-10-21,DXY,104.010002
2024-10-21,EURKRW,1456.25
2024-10-21,EURUSD,1.086862
2024-10-21,GBPUSD,1.305262
2024-10-21,GOLD_INTL,2723.100098
2024-10-21,HSI,20478.460938
2024-10-21,IXIC,18540.009766
2024-10-21,JPYKRW100,915.076923
2024-10-21,KOSDAQ,759.950012
2024-10-21,KOSPI,2604.919922
2024-10-21,KTB10Y,3.054
2024-10-21,KTB3Y,2.902
2024-10-21,KTB5Y,2.963
2024-10-21,N225,38954.601563
2024-10-21,SOX,5215.209961
2024-10-21,SPX,5853.97998
2024-10-21,USDJPY,149.600006
2024-10-21,USDKRW,1369.01001
2024-10-21,WTI,70.559998
2024-10-22,CALL,3.266
2024-10-22,CD91,3.4
2024-10-22,CNYKRW,193.382972
2024-10-22,CORPAA3Y,3.512
2024-10-22,DJI,42924.890625
2024-10-22,DXY,104.080002
2024-10-22,EURKRW,1490.660034
2024-10-22,EURUSD,1.081783
2024-10-22,GBPUSD,1.298297
2024-10-22,GOLD_INTL,2744.199951
2024-10-22,HSI,20498.949219
2024-10-22,IXIC,18579.769531
2024-10-22,JPYKRW100,913.877106
2024-10-22,KOSDAQ,738.340027
2024-10-22,KOSPI,2570.699951
2024-10-22,KTB10Y,3.131
2024-10-22,KTB3Y,2.941
2024-10-22,KTB5Y,3.016
2024-10-22,N225,38411.960938
2024-10-22,SOX,5190.709961
2024-10-22,SPX,5851.200195
2024-10-22,USDJPY,150.604996
2024-10-22,USDKRW,1376.5
2024-10-22,WTI,72.089996
2024-10-23,CALL,3.269
2024-10-23,CD91,3.4
2024-10-23,CNYKRW,193.300763
2024-10-23,CORPAA3Y,3.508
2024-10-23,DJI,42514.949219
2024-10-23,DXY,104.43
2024-10-23,EURKRW,1488.469971
2024-10-23,EURUSD,1.079727
2024-10-23,GBPUSD,1.29828
2024-10-23,GOLD_INTL,2714.399902
2024-10-23,HSI,20760.150391
2024-10-23,IXIC,18276.650391
2024-10-23,JPYKRW100,910.816002
2024-10-23,KOSDAQ,745.190002
2024-10-23,KOSPI,2599.620117
2024-10-23,KTB10Y,3.125
2024-10-23,KTB3Y,2.936
2024-10-23,KTB5Y,3.011
2024-10-23,N225,38104.859375
2024-10-23,SOX,5131.370117
2024-10-23,SPX,5797.419922
2024-10-23,USDJPY,151.138
2024-10-23,USDKRW,1376.630005
2024-10-23,WTI,70.769997
2024-10-24,CALL,3.276
2024-10-24,CD91,3.4
2024-10-24,CNYKRW,193.302735
2024-10-24,CORPAA3Y,3.46
2024-10-24,DJI,42374.359375
2024-10-24,DXY,104.059998
2024-10-24,EURKRW,1487.119995
2024-10-24,EURUSD,1.078051
2024-10-24,GBPUSD,1.291372
2024-10-24,GOLD_INTL,2734.899902
2024-10-24,HSI,20489.619141
2024-10-24,IXIC,18415.490234
2024-10-24,JPYKRW100,901.524353
2024-10-24,KOSDAQ,734.590027
2024-10-24,KOSPI,2581.030029
2024-10-24,KTB10Y,3.068
2024-10-24,KTB3Y,2.892
2024-10-24,KTB5Y,2.955
2024-10-24,N225,38143.289063
2024-10-24,SOX,5157.609863
2024-10-24,SPX,5809.859863
2024-10-24,USDJPY,152.768997
2024-10-24,USDKRW,1377.339966
2024-10-24,WTI,70.190002
2024-10-25,CALL,3.283
2024-10-25,CD91,3.4
2024-10-25,CNYKRW,193.338663
2024-10-25,CORPAA3Y,3.451
2024-10-25,DJI,42114.398438
2024-10-25,DXY,104.260002
2024-10-25,EURKRW,1491.920044
2024-10-25,EURUSD,1.082415
2024-10-25,GBPUSD,1.297337
2024-10-25,GOLD_INTL,2740.899902
2024-10-25,HSI,20590.150391
2024-10-25,IXIC,18518.609375
2024-10-25,JPYKRW100,907.489491
2024-10-25,KOSDAQ,727.409973
2024-10-25,KOSPI,2583.27002
2024-10-25,KTB10Y,3.05
2024-10-25,KTB3Y,2.878
2024-10-25,KTB5Y,2.936
2024-10-25,N225,37913.921875
2024-10-25,SOX,5212.830078
2024-10-25,SPX,5808.120117
2024-10-25,USDJPY,151.783005
2024-10-25,USDKRW,1376.319946
2024-10-25,WTI,71.779999
2024-10-28,CALL,3.277
2024-10-28,CD91,3.41
2024-10-28,CNYKRW,194.893334
2024-10-28,CORPAA3Y,3.503
2024-10-28,DJI,42387.570313
2024-10-28,DXY,104.32
2024-10-28,EURKRW,1497.540039
2024-10-28,EURUSD,1.079657
2024-10-28,GBPUSD,1.295824
2024-10-28,GOLD_INTL,2742.899902
2024-10-28,HSI,20599.359375
2024-10-28,IXIC,18567.189453
2024-10-28,JPYKRW100,907.190895
2024-10-28,KOSDAQ,740.47998
2024-10-28,KOSPI,2612.429932
2024-10-28,KTB10Y,3.109
2024-10-28,KTB3Y,2.929
2024-10-28,KTB5Y,3.008
2024-10-28,N225,38605.53125
2024-10-28,SOX,5211.669922
2024-10-28,SPX,5823.52002
2024-10-28,USDJPY,152.951996
2024-10-28,USDKRW,1387.660034
2024-10-28,WTI,67.379997
2024-10-29,CALL,3.263
2024-10-29,CD91,3.41
2024-10-29,CNYKRW,193.892664
2024-10-29,CORPAA3Y,3.504
2024-10-29,DJI,42233.050781
2024-10-29,DXY,104.279999
2024-10-29,EURKRW,1493.810059
2024-10-29,EURUSD,1.081677
2024-10-29,GBPUSD,1.297471
2024-10-29,GOLD_INTL,2768.399902
2024-10-29,HSI,20701.140625
2024-10-29,IXIC,18712.75
2024-10-29,JPYKRW100,902.181053
2024-10-29,KOSDAQ,744.179993
2024-10-29,KOSPI,2617.800049
2024-10-29,KTB10Y,3.12
2024-10-29,KTB3Y,2.916
2024-10-29,KTB5Y,3.011
2024-10-29,N225,38903.679688
2024-10-29,SOX,5332.169922
2024-10-29,SPX,5832.919922
2024-10-29,USDJPY,153.179001
2024-10-29,USDKRW,1381.969971
2024-10-29,WTI,67.209999
2024-10-30,CALL,3.265
2024-10-30,CD91,3.43
2024-10-30,CNYKRW,193.991683
2024-10-30,CORPAA3Y,3.502
2024-10-30,DJI,42141.539063
2024-10-30,DXY,103.989998
2024-10-30,EURKRW,1496.109985
2024-10-30,EURUSD,1.082064
2024-10-30,GBPUSD,1.301406
2024-10-30,GOLD_INTL,2788.5
2024-10-30,HSI,20380.640625
2024-10-30,IXIC,18607.929688
2024-10-30,JPYKRW100,902.379036
2024-10-30,KOSDAQ,738.190002
2024-10-30,KOSPI,2593.790039
2024-10-30,KTB10Y,3.105
2024-10-30,KTB3Y,2.937
2024-10-30,KTB5Y,3.002
2024-10-30,N225,39277.390625
2024-10-30,SOX,5153.490234
2024-10-30,SPX,5813.669922
2024-10-30,USDJPY,153.274002
2024-10-30,USDKRW,1383.180054
2024-10-30,WTI,68.610001
2024-10-31,CALL,3.285
2024-10-31,CD91,3.43
2024-10-31,CNYKRW,193.760886
2024-10-31,CORPAA3Y,3.503
2024-10-31,DJI,41763.460938
2024-10-31,DXY,103.980003
2024-10-31,EURKRW,1494.47998
2024-10-31,EURUSD,1.085918
2024-10-31,GBPUSD,1.295958
2024-10-31,GOLD_INTL,2738.300049
2024-10-31,HSI,20317.330078
2024-10-31,IXIC,18095.150391
2024-10-31,JPYKRW100,899.382877
2024-10-31,KOSDAQ,743.059998
2024-10-31,KOSPI,2556.149902
2024-10-31,KTB10Y,3.139
2024-10-31,KTB3Y,2.934
2024-10-31,KTB5Y,2.988
2024-10-31,N225,39081.25
2024-10-31,SOX,4946.75
2024-10-31,SPX,5705.450195
2024-10-31,USDJPY,153.203995
2024-10-31,USDKRW,1378.569946
2024-10-31,WTI,69.260002
2024-11-01,CALL,3.232
2024-11-01,CD91,3.43
2024-11-01,CNYKRW,192.867881
2024-11-01,CORPAA3Y,3.507
2024-11-01,DJI,42052.191406
2024-11-01,DXY,104.279999
2024-11-01,EURKRW,1496.150024
2024-11-01,EURUSD,1.088613
2024-11-01,GBPUSD,1.289773
2024-11-01,GOLD_INTL,2738.600098
2024-11-01,HSI,20506.429688
2024-11-01,IXIC,18239.919922
2024-11-01,JPYKRW100,903.707218
2024-11-01,KOSDAQ,729.049988
2024-11-01,KOSPI,2542.360107
2024-11-01,KTB10Y,3.079
2024-11-01,KTB3Y,2.942
2024-11-01,KTB5Y,2.98
2024-11-01,N225,38053.671875
2024-11-01,SOX,5001.430176
2024-11-01,SPX,5728.799805
2024-11-01,USDJPY,151.979996
2024-11-01,USDKRW,1372.930054
2024-11-01,WTI,69.489998
2024-11-04,CALL,3.228
2024-11-04,CD91,3.43
2024-11-04,CNYKRW,193.681284
2024-11-04,CORPAA3Y,3.507
2024-11-04,DJI,41794.601563
2024-11-04,DXY,103.889999
2024-11-04,EURKRW,1468.939941
2024-11-04,EURUSD,1.087453
2024-11-04,GBPUSD,1.29534
2024-11-04,GOLD_INTL,2736.100098
2024-11-04,HSI,20567.519531
2024-11-04,IXIC,18179.980469
2024-11-04,JPYKRW100,905.68018
2024-11-04,KOSDAQ,754.080017
2024-11-04,KOSPI,2588.969971
2024-11-04,KTB10Y,3.097
2024-11-04,KTB3Y,2.935
2024-11-04,KTB5Y,2.995
2024-11-04,SOX,4974
2024-11-04,SPX,5712.689941
2024-11-04,USDJPY,152.287003
2024-11-04,USDKRW,1379.339966
2024-11-04,WTI,71.470001
2024-11-05,CALL,3.192
2024-11-05,CD91,3.44
2024-11-05,CNYKRW,193.4205
2024-11-05,CORPAA3Y,3.491
2024-11-05,DJI,42221.878906
2024-11-05,DXY,103.419998
2024-11-05,EURKRW,1493.410034
2024-11-05,EURUSD,1.087406
2024-11-05,GBPUSD,1.295454
2024-11-05,GOLD_INTL,2740.300049
2024-11-05,HSI,21006.970703
2024-11-05,IXIC,18439.169922
2024-11-05,JPYKRW100,903.194046
2024-11-05,KOSDAQ,751.809998
2024-11-05,KOSPI,2576.879883
2024-11-05,KTB10Y,3.073
2024-11-05,KTB3Y,2.922
2024-11-05,KTB5Y,2.968
2024-11-05,N225,38474.898438
2024-11-05,SOX,5057.830078
2024-11-05,SPX,5782.759766
2024-11-05,USDJPY,152.276001
2024-11-05,USDKRW,1372.859985
2024-11-05,WTI,71.989998
2024-11-06,CALL,3.236
2024-11-06,CD91,3.44
2024-11-06,CNYKRW,194.024386
2024-11-06,CORPAA3Y,3.529
2024-11-06,DJI,43729.929688
2024-11-06,DXY,105.089996
2024-11-06,EURKRW,1505.140015
2024-11-06,EURUSD,1.093446
2024-11-06,GBPUSD,1.304359
2024-11-06,GOLD_INTL,2667.600098
2024-11-06,HSI,20538.380859
2024-11-06,IXIC,18983.470703
2024-11-06,JPYKRW100,909.92527
2024-11-06,KOSDAQ,743.309998
2024-11-06,KOSPI,2563.51001
2024-11-06,KTB10Y,3.153
2024-11-06,KTB3Y,2.96
2024-11-06,KTB5Y,3.023
2024-11-06,N225,39480.671875
2024-11-06,SOX,5215.569824
2024-11-06,SPX,5929.040039
2024-11-06,USDJPY,151.434998
2024-11-06,USDKRW,1378
2024-11-06,WTI,71.690002
2024-11-07,CALL,3.258
2024-11-07,CD91,3.43
2024-11-07,CNYKRW,195.042437
2024-11-07,CORPAA3Y,3.492
2024-11-07,DJI,43729.339844
2024-11-07,DXY,104.510002
2024-11-07,EURKRW,1502.390015
2024-11-07,EURUSD,1.073307
2024-11-07,GBPUSD,1.288328
2024-11-07,GOLD_INTL,2698.399902
2024-11-07,HSI,20953.339844
2024-11-07,IXIC,19269.460938
2024-11-07,JPYKRW100,907.085037
2024-11-07,KOSDAQ,733.52002
2024-11-07,KOSPI,2564.629883
2024-11-07,KTB10Y,3.116
2024-11-07,KTB3Y,2.923
2024-11-07,KTB5Y,2.978
2024-11-07,N225,39381.410156
2024-11-07,SOX,5333.990234
2024-11-07,SPX,5973.100098
2024-11-07,USDJPY,154.320007
2024-11-07,USDKRW,1399.800049
2024-11-07,WTI,72.360001
2024-11-08,CALL,3.273
2024-11-08,CD91,3.43
2024-11-08,CNYKRW,192.135768
2024-11-08,CORPAA3Y,3.461
2024-11-08,DJI,43988.988281
2024-11-08,DXY,105
2024-11-08,EURKRW,1494.339966
2024-11-08,EURUSD,1.079517
2024-11-08,GBPUSD,1.298229
2024-11-08,GOLD_INTL,2687.5
2024-11-08,HSI,20728.189453
2024-11-08,IXIC,19286.779297
2024-11-08,JPYKRW100,895.70713
2024-11-08,KOSDAQ,743.380005
2024-11-08,KOSPI,2561.149902
2024-11-08,KTB10Y,3.061
2024-11-08,KTB3Y,2.891
2024-11-08,KTB5Y,2.944
2024-11-08,N225,39500.371094
2024-11-08,SOX,5290.52002
2024-11-08,SPX,5995.540039
2024-11-08,USDJPY,153.179993
2024-11-08,USDKRW,1372.079956
2024-11-08,WTI,70.379997
2024-11-11,CALL,3.277
2024-11-11,CD91,3.43
2024-11-11,CNYKRW,194.644897
2024-11-11,CORPAA3Y,3.471
2024-11-11,DJI,44293.128906
2024-11-11,DXY,105.540001
2024-11-11,EURKRW,1495.869995
2024-11-11,EURUSD,1.07149
2024-11-11,GBPUSD,1.291706
2024-11-11,GOLD_INTL,2611.199951
2024-11-11,HSI,20426.929688
2024-11-11,IXIC,19298.759766
2024-11-11,JPYKRW100,913.805199
2024-11-11,KOSDAQ,728.840027
2024-11-11,KOSPI,2531.659912
2024-11-11,KTB10Y,3.045
2024-11-11,KTB3Y,2.9
2024-11-11,KTB5Y,2.949
2024-11-11,N225,39533.320313
2024-11-11,SOX,5156.390137
2024-11-11,SPX,6001.350098
2024-11-11,USDJPY,152.904007
2024-11-11,USDKRW,1397.199951
2024-11-11,WTI,68.040001
2024-11-12,CALL,3.273
2024-11-12,CD91,3.44
2024-11-12,CNYKRW,194.221413
2024-11-12,CORPAA3Y,3.467
2024-11-12,DJI,43910.980469
2024-11-12,DXY,106.019997
2024-11-12,EURKRW,1490.849976
2024-11-12,EURUSD,1.066439
2024-11-12,GBPUSD,1.287498
2024-11-12,GOLD_INTL,2600
2024-11-12,HSI,19846.880859
2024-11-12,IXIC,19281.400391
2024-11-12,JPYKRW100,912.45203
2024-11-12,KOSDAQ,710.52002
2024-11-12,KOSPI,2482.570068
2024-11-12,KTB10Y,3.007
2024-11-12,KTB3Y,2.901
2024-11-12,KTB5Y,2.938
2024-11-12,N225,39376.089844
2024-11-12,SOX,5108.640137
2024-11-12,SPX,5983.990234
2024-11-12,USDJPY,153.479996
2024-11-12,USDKRW,1400.550049
2024-11-12,WTI,68.120003
2024-11-13,CALL,3.276
2024-11-13,CD91,3.44
2024-11-13,CNYKRW,194.514362
2024-11-13,CORPAA3Y,3.501
2024-11-13,DJI,43958.191406
2024-11-13,DXY,106.480003
2024-11-13,EURKRW,1494.089966
2024-11-13,EURUSD,1.061673
2024-11-13,GBPUSD,1.273918
2024-11-13,GOLD_INTL,2580.800049
2024-11-13,HSI,19823.449219
2024-11-13,IXIC,19230.720703
2024-11-13,JPYKRW100,909.564114
2024-11-13,KOSDAQ,689.650024
2024-11-13,KOSPI,2417.080078
2024-11-13,KTB10Y,3.074
2024-11-13,KTB3Y,2.939
2024-11-13,KTB5Y,2.987
2024-11-13,N225,38721.660156
2024-11-13,SOX,5006.290039
2024-11-13,SPX,5985.379883
2024-11-13,USDJPY,154.654999
2024-11-13,USDKRW,1406.650024
2024-11-13,WTI,68.43
2024-11-14,CALL,3.266
2024-11-14,CD91,3.44
2024-11-14,CNYKRW,193.673433
2024-11-14,CORPAA3Y,3.492
2024-11-14,DJI,43750.859375
2024-11-14,DXY,106.669998
2024-11-14,EURKRW,1483.859985
2024-11-14,EURUSD,1.056412
2024-11-14,GBPUSD,1.27068
2024-11-14,GOLD_INTL,2568.199951
2024-11-14,HSI,19435.810547
2024-11-14,IXIC,19107.650391
2024-11-14,JPYKRW100,899.956322
2024-11-14,KOSDAQ,681.559998
2024-11-14,KOSPI,2418.860107
2024-11-14,KTB10Y,3.091
2024-11-14,KTB3Y,2.926
2024-11-14,KTB5Y,2.976
2024-11-14,N225,38535.699219
2024-11-14,SOX,5004.589844
2024-11-14,SPX,5949.169922
2024-11-14,USDJPY,155.429001
2024-11-14,USDKRW,1399
2024-11-14,WTI,68.699997
2024-11-15,CALL,3.264
2024-11-15,CD91,3.44
2024-11-15,CNYKRW,193.773859
2024-11-15,CORPAA3Y,3.506
2024-11-15,DJI,43444.988281
2024-11-15,DXY,106.690002
2024-11-15,EURKRW,1479.880005
2024-11-15,EURUSD,1.053008
2024-11-15,GBPUSD,1.266785
2024-11-15,GOLD_INTL,2565.699951
2024-11-15,HSI,19426.339844
2024-11-15,IXIC,18680.119141
2024-11-15,JPYKRW100,897.00346
2024-11-15,KOSDAQ,685.419983
2024-11-15,KOSPI,2416.860107
2024-11-15,KTB10Y,3.085
2024-11-15,KTB3Y,2.942
2024-11-15,KTB5Y,2.989
2024-11-15,N225,38642.910156
2024-11-15,SOX,4833.589844
2024-11-15,SPX,5870.620117
2024-11-15,USDJPY,156.468002
2024-11-15,USDKRW,1400.829956
2024-11-15,WTI,67.019997
2024-11-18,CALL,3.267
2024-11-18,CD91,3.44
2024-11-18,CNYKRW,192.829482
2024-11-18,CORPAA3Y,3.482
2024-11-18,DJI,43389.601563
2024-11-18,DXY,106.279999
2024-11-18,EURKRW,1467.680054
2024-11-18,EURUSD,1.053375
2024-11-18,GBPUSD,1.261766
2024-11-18,GOLD_INTL,2610.600098
2024-11-18,HSI,19576.609375
2024-11-18,IXIC,18791.810547
2024-11-18,JPYKRW100,901.760292
2024-11-18,KOSDAQ,689.549988
2024-11-18,KOSPI,2469.070068
2024-11-18,KTB10Y,3.07
2024-11-18,KTB3Y,2.917
2024-11-18,KTB5Y,2.975
2024-11-18,N225,38220.851563
2024-11-18,SOX,4888.77002
2024-11-18,SPX,5893.620117
2024-11-18,USDJPY,154.664001
2024-11-18,USDKRW,1394.349976
2024-11-18,WTI,69.160004
2024-11-19,CALL,3.262
2024-11-19,CD91,3.44
2024-11-19,CNYKRW,192.0419
2024-11-19,CORPAA3Y,3.457
2024-11-19,DJI,43268.941406
2024-11-19,DXY,106.209999
2024-11-19,EURKRW,1474.459961
2024-11-19,EURUSD,1.05949
2024-11-19,GBPUSD,1.267925
2024-11-19,GOLD_INTL,2627.100098
2024-11-19,HSI,19663.669922
2024-11-19,IXIC,18987.470703
2024-11-19,JPYKRW100,898.672199
2024-11-19,KOSDAQ,686.119995
2024-11-19,KOSPI,2471.949951
2024-11-19,KTB10Y,3.032
2024-11-19,KTB3Y,2.89
2024-11-19,KTB5Y,2.942
2024-11-19,N225,38414.429688
2024-11-19,SOX,4919.160156
2024-11-19,SPX,5916.97998
2024-11-19,USDJPY,154.617004
2024-11-19,USDKRW,1389.5
2024-11-19,WTI,69.389999
2024-11-20,CALL,3.266
2024-11-20,CD91,3.44
2024-11-20,CNYKRW,192.337772
2024-11-20,CORPAA3Y,3.438
2024-11-20,DJI,43408.46875
2024-11-20,DXY,106.68
2024-11-20,EURKRW,1500.660034
2024-11-20,EURUSD,1.06076
2024-11-20,GBPUSD,1.269454
2024-11-20,GOLD_INTL,2648.199951
2024-11-20,HSI,19705.009766
2024-11-20,IXIC,18966.140625
2024-11-20,JPYKRW100,899.764061
2024-11-20,KOSDAQ,682.909973
2024-11-20,KOSPI,2482.290039
2024-11-20,KTB10Y,3.028
2024-11-20,KTB3Y,2.873
2024-11-20,KTB5Y,2.917
2024-11-20,N225,38352.339844
2024-11-20,SOX,4884.25
2024-11-20,SPX,5917.109863
2024-11-20,USDJPY,154.718002
2024-11-20,USDKRW,1392.160034
2024-11-20,WTI,68.870003
2024-11-21,CALL,3.271
2024-11-21,CD91,3.44
2024-11-21,CNYKRW,192.934843
2024-11-21,CORPAA3Y,3.396
2024-11-21,DJI,43870.351563
2024-11-21,DXY,106.970001
2024-11-21,EURKRW,1474.060059
2024-11-21,EURUSD,1.054619
2024-11-21,GBPUSD,1.265534
2024-11-21,GOLD_INTL,2672.100098
2024-11-21,HSI,19601.109375
2024-11-21,IXIC,18972.419922
2024-11-21,JPYKRW100,899.983311
2024-11-21,KOSDAQ,680.669983
2024-11-21,KOSPI,2480.629883
2024-11-21,KTB10Y,3.002
2024-11-21,KTB3Y,2.829
2024-11-21,KTB5Y,2.879
2024-11-21,N225,38026.171875
2024-11-21,SOX,4963.049805
2024-11-21,SPX,5948.709961
2024-11-21,USDJPY,155.294998
2024-11-21,USDKRW,1397.619995
2024-11-21,WTI,70.099998
2024-11-22,CALL,3.285
2024-11-22,CD91,3.44
2024-11-22,CNYKRW,193.483282
2024-11-22,CORPAA3Y,3.385
2024-11-22,DJI,44296.511719
2024-11-22,DXY,107.489998
2024-11-22,EURKRW,1464.359985
2024-11-22,EURUSD,1.046934
2024-11-22,GBPUSD,1.258479
2024-11-22,GOLD_INTL,2709.899902
2024-11-22,HSI,19229.970703
2024-11-22,IXIC,19003.650391
2024-11-22,JPYKRW100,907.828999
2024-11-22,KOSDAQ,677.01001
2024-11-22,KOSPI,2501.23999
2024-11-22,KTB10Y,2.986
2024-11-22,KTB3Y,2.806
2024-11-22,KTB5Y,2.872
2024-11-22,N225,38283.851563
2024-11-22,SOX,4955.799805
2024-11-22,SPX,5969.339844
2024-11-22,USDJPY,154.218002
2024-11-22,USDKRW,1399.599976
2024-11-22,WTI,71.239998
2024-11-25,CALL,3.29
2024-11-25,CD91,3.44
2024-11-25,CNYKRW,193.801435
2024-11-25,CORPAA3Y,3.342
2024-11-25,DJI,44736.570313
2024-11-25,DXY,106.82
2024-11-25,EURKRW,1463.050049
2024-11-25,EURUSD,1.047987
2024-11-25,GBPUSD,1.259382
2024-11-25,GOLD_INTL,2616.800049
2024-11-25,HSI,19150.990234
2024-11-25,IXIC,19054.839844
2024-11-25,JPYKRW100,910.389423
2024-11-25,KOSDAQ,696.830017
2024-11-25,KOSPI,2534.340088
2024-11-25,KTB10Y,2.939
2024-11-25,KTB3Y,2.779
2024-11-25,KTB5Y,2.842
2024-11-25,N225,38780.140625
2024-11-25,SOX,4987.919922
2024-11-25,SPX,5987.370117
2024-11-25,USDJPY,154.145996
2024-11-25,USDKRW,1403.51001
2024-11-25,WTI,68.940002
2024-11-26,CALL,3.267
2024-11-26,CD91,3.44
2024-11-26,CNYKRW,192.770226
2024-11-26,CORPAA3Y,3.343
2024-11-26,DJI,44860.308594
2024-11-26,DXY,107.010002
2024-11-26,EURKRW,1468.099976
2024-11-26,EURUSD,1.04443
2024-11-26,GBPUSD,1.253306
2024-11-26,GOLD_INTL,2620.300049
2024-11-26,HSI,19159.199219
2024-11-26,IXIC,19174.300781
2024-11-26,JPYKRW100,904.070854
2024-11-26,KOSDAQ,693.150024
2024-11-26,KOSPI,2520.360107
2024-11-26,KTB10Y,2.907
2024-11-26,KTB3Y,2.749
2024-11-26,KTB5Y,2.785
2024-11-26,N225,38442
2024-11-26,SOX,4927.560059
2024-11-26,SPX,6021.629883
2024-11-26,USDJPY,154.378006
2024-11-26,USDKRW,1395.560059
2024-11-26,WTI,68.769997
2024-11-27,CALL,3.263
2024-11-27,CD91,3.44
2024-11-27,CNYKRW,192.397966
2024-11-27,CORPAA3Y,3.316
2024-11-27,DJI,44722.058594
2024-11-27,DXY,106.080002
2024-11-27,EURKRW,1463.050049
2024-11-27,EURUSD,1.04912
2024-11-27,GBPUSD,1.257387
2024-11-27,GOLD_INTL,2639.899902
2024-11-27,HSI,19603.130859
2024-11-27,IXIC,19060.480469
2024-11-27,JPYKRW100,911.881638
2024-11-27,KOSDAQ,692
2024-11-27,KOSPI,2503.060059
2024-11-27,KTB10Y,2.889
2024-11-27,KTB3Y,2.755
2024-11-27,KTB5Y,2.788
2024-11-27,N225,38134.96875
2024-11-27,SOX,4853.009766
2024-11-27,SPX,5998.740234
2024-11-27,USDJPY,153.009003
2024-11-27,USDKRW,1395.27002
2024-11-27,WTI,68.720001
2024-11-28,CALL,3.057
2024-11-28,CD91,3.29
2024-11-28,CNYKRW,191.613529
2024-11-28,CORPAA3Y,3.22
2024-11-28,EURKRW,1468.75
2024-11-28,EURUSD,1.056245
2024-11-28,GBPUSD,1.267765
2024-11-28,HSI,19366.960938
2024-11-28,JPYKRW100,919.097137
2024-11-28,KOSDAQ,694.390015
2024-11-28,KOSPI,2504.669922
2024-11-28,KTB10Y,2.791
2024-11-28,KTB3Y,2.635
2024-11-28,KTB5Y,2.686
2024-11-28,N225,38349.058594
2024-11-28,USDJPY,151.335999
2024-11-28,USDKRW,1388.469971
2024-11-29,CALL,3.065
2024-11-29,CD91,3.29
2024-11-29,CNYKRW,192.367708
2024-11-29,CORPAA3Y,3.194
2024-11-29,DJI,44910.648438
2024-11-29,DXY,105.739998
2024-11-29,EURKRW,1462.359985
2024-11-29,EURUSD,1.056301
2024-11-29,GBPUSD,1.26968
2024-11-29,GOLD_INTL,2657
2024-11-29,HSI,19423.609375
2024-11-29,IXIC,19218.169922
2024-11-29,JPYKRW100,921.586132
2024-11-29,KOSDAQ,678.190002
2024-11-29,KOSPI,2455.909912
2024-11-29,KTB10Y,2.763
2024-11-29,KTB3Y,2.604
2024-11-29,KTB5Y,2.646
2024-11-29,N225,38208.03125
2024-11-29,SOX,4926.560059
2024-11-29,SPX,6032.379883
2024-11-29,USDJPY,151.173996
2024-11-29,USDKRW,1393.300049
2024-11-29,WTI,68
2024-12-02,CALL,3.033
2024-12-02,CD91,3.28
2024-12-02,CNYKRW,193.332141
2024-12-02,CORPAA3Y,3.156
2024-12-02,DJI,44782
2024-12-02,DXY,106.449997
2024-12-02,EURKRW,1473.319946
2024-12-02,EURUSD,1.054507
2024-12-02,GBPUSD,1.270164
2024-12-02,GOLD_INTL,2634.899902
2024-12-02,HSI,19550.289063
2024-12-02,IXIC,19403.949219
2024-12-02,JPYKRW100,930.452347
2024-12-02,KOSDAQ,675.840027
2024-12-02,KOSPI,2454.47998
2024-12-02,KTB10Y,2.718
2024-12-02,KTB3Y,2.555
2024-12-02,KTB5Y,2.595
2024-12-02,N225,38513.019531
2024-12-02,SOX,5055.319824
2024-12-02,SPX,6047.149902
2024-12-02,USDJPY,149.897995
2024-12-02,USDKRW,1399.859985
2024-12-02,WTI,68.099998
2024-12-03,CALL,3.02
2024-12-03,CD91,3.28
2024-12-03,CNYKRW,192.694178
2024-12-03,CORPAA3Y,3.169
2024-12-03,DJI,44705.53125
2024-12-03,DXY,106.370003
2024-12-03,EURKRW,1474.689941
2024-12-03,EURUSD,1.050122
2024-12-03,GBPUSD,1.265855
2024-12-03,GOLD_INTL,2644.699951
2024-12-03,HSI,19746.320313
2024-12-03,IXIC,19480.910156
2024-12-03,JPYKRW100,936.712837
2024-12-03,KOSDAQ,690.799988
2024-12-03,KOSPI,2500.100098
2024-12-03,KTB10Y,2.706
2024-12-03,KTB3Y,2.589
2024-12-03,KTB5Y,2.61
2024-12-03,N225,39248.859375
2024-12-03,SOX,5035.859863
2024-12-03,SPX,6049.879883
2024-12-03,USDJPY,149.507996
2024-12-03,USDKRW,1401.060059
2024-12-03,WTI,69.940002
2024-12-04,CALL,3.038
2024-12-04,CD91,3.28
2024-12-04,CNYKRW,193.809553
2024-12-04,CORPAA3Y,3.21
2024-12-04,DJI,45014.039063
2024-12-04,DXY,106.339996
2024-12-04,EURKRW,1484.27002
2024-12-04,EURUSD,1.051083
2024-12-04,GBPUSD,1.267427
2024-12-04,GOLD_INTL,2653.800049
2024-12-04,HSI,19742.460938
2024-12-04,IXIC,19735.119141
2024-12-04,JPYKRW100,945.400524
2024-12-04,KOSDAQ,677.150024
2024-12-04,KOSPI,2464
2024-12-04,KTB10Y,2.766
2024-12-04,KTB3Y,2.594
2024-12-04,KTB5Y,2.646
2024-12-04,N225,39276.390625
2024-12-04,SOX,5121.779785
2024-12-04,SPX,6086.490234
2024-12-04,USDJPY,149.647003
2024-12-04,USDKRW,1411.670044
2024-12-04,WTI,68.540001
2024-12-05,CALL,3.011
2024-12-05,CD91,3.28
2024-12-05,CNYKRW,194.244809
2024-12-05,CORPAA3Y,3.194
2024-12-05,DJI,44765.710938
2024-12-05,DXY,105.709999
2024-12-05,EURKRW,1484.22998
2024-12-05,EURUSD,1.051414
2024-12-05,GBPUSD,1.270115
2024-12-05,GOLD_INTL,2626.600098
2024-12-05,HSI,19560.439453
2024-12-05,IXIC,19700.259766
2024-12-05,JPYKRW100,936.870193
2024-12-05,KOSDAQ,670.940002
2024-12-05,KOSPI,2441.850098
2024-12-05,KTB10Y,2.744
2024-12-05,KTB3Y,2.609
2024-12-05,KTB5Y,2.635
2024-12-05,N225,39395.601563
2024-12-05,SOX,5026.370117
2024-12-05,SPX,6075.109863
2024-12-05,USDJPY,150.567001
2024-12-05,USDKRW,1410.800049
2024-12-05,WTI,68.300003
2024-12-06,CALL,3.024
2024-12-06,CD91,3.28
2024-12-06,CNYKRW,192.857336
2024-12-06,CORPAA3Y,3.212
2024-12-06,DJI,44642.519531
2024-12-06,DXY,105.970001
2024-12-06,EURKRW,1507.699951
2024-12-06,EURUSD,1.05856
2024-12-06,GBPUSD,1.275933
2024-12-06,GOLD_INTL,2638.600098
2024-12-06,HSI,19865.849609
2024-12-06,IXIC,19859.769531
2024-12-06,JPYKRW100,940.659523
2024-12-06,KOSDAQ,661.330017
2024-12-06,KOSPI,2428.159912
2024-12-06,KTB10Y,2.758
2024-12-06,KTB3Y,2.612
2024-12-06,KTB5Y,2.637
2024-12-06,N225,39091.171875
2024-12-06,SOX,5061.299805
2024-12-06,SPX,6090.27002
2024-12-06,USDJPY,150.207001
2024-12-06,USDKRW,1399.98999
2024-12-06,WTI,67.199997
2024-12-09,CALL,3.022
2024-12-09,CD91,3.28
2024-12-09,CNYKRW,195.922575
2024-12-09,CORPAA3Y,3.173
2024-12-09,DJI,44401.929688
2024-12-09,DXY,106.150002
2024-12-09,EURKRW,1471.969971
2024-12-09,EURUSD,1.056546
2024-12-09,GBPUSD,1.27493
2024-12-09,GOLD_INTL,2664.899902
2024-12-09,HSI,20414.089844
2024-12-09,IXIC,19736.689453
2024-12-09,JPYKRW100,949.869442
2024-12-09,KOSDAQ,627.01001
2024-12-09,KOSPI,2360.580078
2024-12-09,KTB10Y,2.7
2024-12-09,KTB3Y,2.576
2024-12-09,KTB5Y,2.595
2024-12-09,N225,39160.5
2024-12-09,SOX,5018.839844
2024-12-09,SPX,6052.850098
2024-12-09,USDJPY,150.029999
2024-12-09,USDKRW,1424.219971
2024-12-09,WTI,68.370003
2024-12-10,CALL,2.948
2024-12-10,CD91,3.3
2024-12-10,CNYKRW,196.514907
2024-12-10,CORPAA3Y,3.175
2024-12-10,DJI,44247.828125
2024-12-10,DXY,106.400002
2024-12-10,EURKRW,1506.75
2024-12-10,EURUSD,1.05552
2024-12-10,GBPUSD,1.274909
2024-12-10,GOLD_INTL,2697.600098
2024-12-10,HSI,20311.279297
2024-12-10,IXIC,19687.240234
2024-12-10,JPYKRW100,942.141438
2024-12-10,KOSDAQ,661.590027
2024-12-10,KOSPI,2417.840088
2024-12-10,KTB10Y,2.637
2024-12-10,KTB3Y,2.526
2024-12-10,KTB5Y,2.573
2024-12-10,N225,39367.578125
2024-12-10,SOX,4894.700195
2024-12-10,SPX,6034.910156
2024-12-10,USDJPY,151.408005
2024-12-10,USDKRW,1426.599976
2024-12-10,WTI,68.589996
2024-12-11,CALL,2.984
2024-12-11,CD91,3.33
2024-12-11,CNYKRW,197.821668
2024-12-11,CORPAA3Y,3.188
2024-12-11,DJI,44148.558594
2024-12-11,DXY,106.709999
2024-12-11,EURKRW,1509.680054
2024-12-11,EURUSD,1.053297
2024-12-11,GBPUSD,1.278004
2024-12-11,GOLD_INTL,2733.800049
2024-12-11,HSI,20155.050781
2024-12-11,IXIC,20034.890625
2024-12-11,JPYKRW100,944.428921
2024-12-11,KOSDAQ,675.919983
2024-12-11,KOSPI,2442.51001
2024-12-11,KTB10Y,2.69
2024-12-11,KTB3Y,2.535
2024-12-11,KTB5Y,2.62
2024-12-11,N225,39372.230469
2024-12-11,SOX,5027.799805
2024-12-11,SPX,6084.189941
2024-12-11,USDJPY,151.807007
2024-12-11,USDKRW,1433.949951
2024-12-11,WTI,70.290001
2024-12-12,CALL,3.022
2024-12-12,CD91,3.31
2024-12-12,CNYKRW,196.822804
2024-12-12,CORPAA3Y,3.2
2024-12-12,DJI,43914.121094
2024-12-12,DXY,106.959999
2024-12-12,EURKRW,1500.060059
2024-12-12,EURUSD,1.050685
2024-12-12,GBPUSD,1.276634
2024-12-12,GOLD_INTL,2687.5
2024-12-12,HSI,20397.050781
2024-12-12,IXIC,19902.839844
2024-12-12,JPYKRW100,937.878704
2024-12-12,KOSDAQ,683.349976
2024-12-12,KOSPI,2482.120117
2024-12-12,KTB10Y,2.7
2024-12-12,KTB3Y,2.551
2024-12-12,KTB5Y,2.628
2024-12-12,N225,39849.140625
2024-12-12,SOX,4982.189941
2024-12-12,SPX,6051.25
2024-12-12,USDJPY,152.244995
2024-12-12,USDKRW,1429.150024
2024-12-12,WTI,70.019997
2024-12-13,CALL,3.019
2024-12-13,CD91,3.32
2024-12-13,CNYKRW,196.469257
2024-12-13,CORPAA3Y,3.197
2024-12-13,DJI,43828.058594
2024-12-13,DXY,107
2024-12-13,EURKRW,1496.469971
2024-12-13,EURUSD,1.047406
2024-12-13,GBPUSD,1.267732
2024-12-13,GOLD_INTL,2656
2024-12-13,HSI,19971.240234
2024-12-13,IXIC,19926.720703
2024-12-13,JPYKRW100,936.424255
2024-12-13,KOSDAQ,693.72998
2024-12-13,KOSPI,2494.459961
2024-12-13,KTB10Y,2.676
2024-12-13,KTB3Y,2.541
2024-12-13,KTB5Y,2.625
2024-12-13,N225,39470.441406
2024-12-13,SOX,5149.779785
2024-12-13,SPX,6051.089844
2024-12-13,USDJPY,152.587006
2024-12-13,USDKRW,1427.859985
2024-12-13,WTI,71.290001
2024-12-16,CALL,3.022
2024-12-16,CD91,3.38
2024-12-16,CNYKRW,197.172534
2024-12-16,CORPAA3Y,3.212
2024-12-16,DJI,43717.480469
2024-12-16,DXY,106.860001
2024-12-16,EURKRW,1471.111206
2024-12-16,EURUSD,1.051005
2024-12-16,GBPUSD,1.262738
2024-12-16,GOLD_INTL,2651.399902
2024-12-16,HSI,19795.490234
2024-12-16,IXIC,20173.890625
2024-12-16,JPYKRW100,934.631157
2024-12-16,KOSDAQ,698.530029
2024-12-16,KOSPI,2488.969971
2024-12-16,KTB10Y,2.727
2024-12-16,KTB3Y,2.562
2024-12-16,KTB5Y,2.655
2024-12-16,N225,39457.488281
2024-12-16,SOX,5256.060059
2024-12-16,SPX,6074.080078
2024-12-16,USDJPY,153.453003
2024-12-16,USDKRW,1434.449951
2024-12-16,WTI,70.709999
2024-12-17,CALL,3.011
2024-12-17,CD91,3.38
2024-12-17,CNYKRW,196.549208
2024-12-17,CORPAA3Y,3.279
2024-12-17,DJI,43449.898438
2024-12-17,DXY,106.959999
2024-12-17,EURKRW,1508.670044
2024-12-17,EURUSD,1.051735
2024-12-17,GBPUSD,1.269036
2024-12-17,GOLD_INTL,2644.399902
2024-12-17,HSI,19700.480469
2024-12-17,IXIC,20109.060547
2024-12-17,JPYKRW100,928.778553
2024-12-17,KOSDAQ,694.469971
2024-12-17,KOSPI,2456.810059
2024-12-17,KTB10Y,2.78
2024-12-17,KTB3Y,2.622
2024-12-17,KTB5Y,2.735
2024-12-17,N225,39364.679688
2024-12-17,SOX,5169.790039
2024-12-17,SPX,6050.609863
2024-12-17,USDJPY,154.085999
2024-12-17,USDKRW,1431.349976
2024-12-17,WTI,70.080002
2024-12-18,CALL,3.018
2024-12-18,CD91,3.38
2024-12-18,CNYKRW,197.185856
2024-12-18,CORPAA3Y,3.203
2024-12-18,DJI,42326.871094
2024-12-18,DXY,108.029999
2024-12-18,EURKRW,1505.209961
2024-12-18,EURUSD,1.049505
2024-12-18,GBPUSD,1.271084
2024-12-18,GOLD_INTL,2636.5
2024-12-18,HSI,19864.550781
2024-12-18,IXIC,19392.689453
2024-12-18,JPYKRW100,934.037495
2024-12-18,KOSDAQ,697.570007
2024-12-18,KOSPI,2484.429932
2024-12-18,KTB10Y,2.776
2024-12-18,KTB3Y,2.583
2024-12-18,KTB5Y,2.674
2024-12-18,N225,39081.710938
2024-12-18,SOX,4970.97998
2024-12-18,SPX,5872.160156
2024-12-18,USDJPY,153.572006
2024-12-18,USDKRW,1436.420044
2024-12-18,WTI,70.580002
2024-12-19,CALL,3.034
2024-12-19,CD91,3.39
2024-12-19,CNYKRW,199.234087
2024-12-19,CORPAA3Y,3.275
2024-12-19,DJI,42342.238281
2024-12-19,DXY,108.410004
2024-12-19,EURKRW,1503.26001
2024-12-19,EURUSD,1.035025
2024-12-19,GBPUSD,1.256771
2024-12-19,GOLD_INTL,2592.199951
2024-12-19,HSI,19752.509766
2024-12-19,IXIC,19372.769531
2024-12-19,JPYKRW100,938.131237
2024-12-19,KOSDAQ,684.359985
2024-12-19,KOSPI,2435.929932
2024-12-19,KTB10Y,2.807
2024-12-19,KTB3Y,2.606
2024-12-19,KTB5Y,2.741
2024-12-19,N225,38813.578125
2024-12-19,SOX,4893.470215
2024-12-19,SPX,5867.080078
2024-12-19,USDJPY,154.673004
2024-12-19,USDKRW,1451.5
2024-12-19,WTI,69.910004
2024-12-20,CALL,3.104
2024-12-20,CD91,3.39
2024-12-20,CNYKRW,197.035107
2024-12-20,CORPAA3Y,3.3
2024-12-20,DJI,42840.261719
2024-12-20,DXY,107.620003
2024-12-20,EURKRW,1496.439941
2024-12-20,EURUSD,1.036495
2024-12-20,GBPUSD,1.249797
2024-12-20,GOLD_INTL,2628.699951
2024-12-20,HSI,19720.699219
2024-12-20,IXIC,19572.599609
2024-12-20,JPYKRW100,911.694241
2024-12-20,KOSDAQ,668.309998
2024-12-20,KOSPI,2404.149902
2024-12-20,KTB10Y,2.813
2024-12-20,KTB3Y,2.63
2024-12-20,KTB5Y,2.778
2024-12-20,N225,38701.898438
2024-12-20,SOX,4964.910156
2024-12-20,SPX,5930.850098
2024-12-20,USDJPY,157.643997
2024-12-20,USDKRW,1437.449951
2024-12-20,WTI,69.459999
2024-12-23,CALL,3.103
2024-12-23,CD91,3.39
2024-12-23,CNYKRW,198.127589
2024-12-23,CORPAA3Y,3.292
2024-12-23,DJI,42906.949219
2024-12-23,DXY,108.040001
2024-12-23,EURKRW,1505.369995
2024-12-23,EURUSD,1.043308
2024-12-23,GBPUSD,1.256992
2024-12-23,GOLD_INTL,2612.300049
2024-12-23,HSI,19883.130859
2024-12-23,IXIC,19764.880859
2024-12-23,JPYKRW100,923.132038
2024-12-23,KOSDAQ,679.23999
2024-12-23,KOSPI,2442.01001
2024-12-23,KTB10Y,2.846
2024-12-23,KTB3Y,2.615
2024-12-23,KTB5Y,2.75
2024-12-23,N225,39161.339844
2024-12-23,SOX,5118.75
2024-12-23,SPX,5974.069824
2024-12-23,USDJPY,156.533005
2024-12-23,USDKRW,1445.420044
2024-12-23,WTI,69.239998
2024-12-24,CALL,3.067
2024-12-24,CD91,3.4
2024-12-24,CNYKRW,197.711383
2024-12-24,CORPAA3Y,3.308
2024-12-24,DJI,43297.03125
2024-12-24,DXY,108.260002
2024-12-24,EURKRW,1510.829956
2024-12-24,EURUSD,1.040583
2024-12-24,GBPUSD,1.253447
2024-12-24,GOLD_INTL,2620
2024-12-24,HSI,20098.289063
2024-12-24,IXIC,20031.130859
2024-12-24,JPYKRW100,917.864895
2024-12-24,KOSDAQ,680.109985
2024-12-24,KOSPI,2440.52002
2024-12-24,KTB10Y,2.874
2024-12-24,KTB3Y,2.632
2024-12-24,KTB5Y,2.801
2024-12-24,N225,39036.851563
2024-12-24,SOX,5173.560059
2024-12-24,SPX,6040.040039
2024-12-24,USDJPY,157.164993
2024-12-24,USDKRW,1442.699951
2024-12-24,WTI,70.099998
2024-12-25,CNYKRW,199.246023
2024-12-25,EURKRW,1514.359985
2024-12-25,EURUSD,1.040258
2024-12-25,GBPUSD,1.253604
2024-12-25,JPYKRW100,925.187588
2024-12-25,N225,39130.429688
2024-12-25,USDJPY,157.106995
2024-12-25,USDKRW,1453.420044
2024-12-26,CALL,3.16
2024-12-26,CD91,3.4
2024-12-26,CNYKRW,199.749211
2024-12-26,CORPAA3Y,3.33
2024-12-26,DJI,43325.800781
2024-12-26,DXY,108.129997
2024-12-26,EURKRW,1506.689941
2024-12-26,EURUSD,1.039955
2024-12-26,GBPUSD,1.254375
2024-12-26,GOLD_INTL,2638.800049
2024-12-26,IXIC,20020.359375
2024-12-26,JPYKRW100,927.392101
2024-12-26,KOSDAQ,675.640015
2024-12-26,KOSPI,2429.669922
2024-12-26,KTB10Y,2.903
2024-12-26,KTB3Y,2.645
2024-12-26,KTB5Y,2.801
2024-12-26,N225,39568.058594
2024-12-26,SOX,5175.310059
2024-12-26,SPX,6037.589844
2024-12-26,USDJPY,157.132996
2024-12-26,USDKRW,1457.609985
2024-12-26,WTI,69.620003
2024-12-27,CALL,3.1
2024-12-27,CD91,3.44
2024-12-27,CNYKRW,201.031891
2024-12-27,CORPAA3Y,3.321
2024-12-27,DJI,42992.210938
2024-12-27,DXY,108
2024-12-27,EURKRW,1506.689941
2024-12-27,EURUSD,1.042318
2024-12-27,GBPUSD,1.252976
2024-12-27,GOLD_INTL,2617.199951
2024-12-27,HSI,20090.460938
2024-12-27,IXIC,19722.029297
2024-12-27,JPYKRW100,929.213905
2024-12-27,KOSDAQ,665.969971
2024-12-27,KOSPI,2404.77002
2024-12-27,KTB10Y,2.911
2024-12-27,KTB3Y,2.641
2024-12-27,KTB5Y,2.783
2024-12-27,N225,40281.160156
2024-12-27,SOX,5122.970215
2024-12-27,SPX,5970.839844
2024-12-27,USDJPY,157.748001
2024-12-27,USDKRW,1466.98999
2024-12-27,WTI,70.599998
2024-12-30,CALL,3.06
2024-12-30,CD91,3.44
2024-12-30,CNYKRW,201.81425
2024-12-30,CORPAA3Y,3.285
2024-12-30,DJI,42573.730469
2024-12-30,DXY,108.129997
2024-12-30,EURKRW,1506.699951
2024-12-30,EURUSD,1.042938
2024-12-30,GBPUSD,1.257881
2024-12-30,GOLD_INTL,2606.100098
2024-12-30,HSI,20041.419922
2024-12-30,IXIC,19486.789063
2024-12-30,JPYKRW100,932.851505
2024-12-30,KOSDAQ,678.190002
2024-12-30,KOSPI,2399.48999
2024-12-30,KTB10Y,2.855
2024-12-30,KTB3Y,2.595
2024-12-30,KTB5Y,2.786
2024-12-30,N225,39894.539063
2024-12-30,SOX,5026.509766
2024-12-30,SPX,5906.939941
2024-12-30,USDJPY,157.873001
2024-12-30,USDKRW,1472.800049
2024-12-30,WTI,70.989998
2024-12-31,CALL,3.327
2024-12-31,CD91,3.39
2024-12-31,CNYKRW,201.064663
2024-12-31,CORPAA3Y,3.284
2024-12-31,DJI,42544.21875
2024-12-31,DXY,108.489998
2024-12-31,EURKRW,1527.859985
2024-12-31,EURUSD,1.040615
2024-12-31,GBPUSD,1.25491
2024-12-31,GOLD_INTL,2629.199951
2024-12-31,HSI,20059.949219
2024-12-31,IXIC,19310.789063
2024-12-31,JPYKRW100,935.735798
2024-12-31,KTB10Y,2.871
2024-12-31,KTB3Y,2.596
2024-12-31,KTB5Y,2.765
2024-12-31,SOX,4979.930176
2024-12-31,SPX,5881.629883
2024-12-31,USDJPY,156.994995
2024-12-31,USDKRW,1467.390015
2024-12-31,WTI,71.720001
2025-01-02,CALL,3.029
2025-01-02,CD91,3.26
2025-01-02,CNYKRW,201.904608
2025-01-02,CORPAA3Y,3.197
2025-01-02,DJI,42392.269531
2025-01-02,DXY,109.389999
2025-01-02,EURKRW,1528.459961
2025-01-02,EURUSD,1.035186
2025-01-02,GBPUSD,1.251925
2025-01-02,GOLD_INTL,2658.899902
2025-01-02,HSI,19623.320313
2025-01-02,IXIC,19280.789063
2025-01-02,JPYKRW100,932.787132
2025-01-02,KOSDAQ,686.630005
2025-01-02,KOSPI,2398.939941
2025-01-02,KTB10Y,2.767
2025-01-02,KTB3Y,2.509
2025-01-02,KTB5Y,2.686
2025-01-02,SOX,5021.5
2025-01-02,SPX,5868.549805
2025-01-02,USDJPY,157.718994
2025-01-02,USDKRW,1473.52002
2025-01-02,WTI,73.129997
2025-01-03,CALL,2.967
2025-01-03,CD91,3.15
2025-01-03,CNYKRW,201.634558
2025-01-03,CORPAA3Y,3.17
2025-01-03,DJI,42732.128906
2025-01-03,DXY,108.949997
2025-01-03,EURKRW,1509.47998
2025-01-03,EURUSD,1.026821
2025-01-03,GBPUSD,1.238022
2025-01-03,GOLD_INTL,2645
2025-01-03,HSI,19760.269531
2025-01-03,IXIC,19621.679688
2025-01-03,JPYKRW100,935.16264
2025-01-03,KOSDAQ,705.76001
2025-01-03,KOSPI,2441.919922
2025-01-03,KTB10Y,2.733
2025-01-03,KTB3Y,2.485
2025-01-03,KTB5Y,2.654
2025-01-03,SOX,5163.649902
2025-01-03,SPX,5942.470215
2025-01-03,USDJPY,157.362
2025-01-03,USDKRW,1471.650024
2025-01-03,WTI,73.959999
2025-01-06,CALL,3.032
2025-01-06,CD91,3.1
2025-01-06,CNYKRW,200.219958
2025-01-06,CORPAA3Y,3.202
2025-01-06,DJI,42706.558594
2025-01-06,DXY,108.260002
2025-01-06,EURKRW,1482.050049
2025-01-06,EURUSD,1.030535
2025-01-06,GBPUSD,1.242684
2025-01-06,GOLD_INTL,2638.399902
2025-01-06,HSI,19688.289063
2025-01-06,IXIC,19864.980469
2025-01-06,JPYKRW100,931.691265
2025-01-06,KOSDAQ,717.960022
2025-01-06,KOSPI,2488.639893
2025-01-06,KTB10Y,2.828
2025-01-06,KTB3Y,2.489
2025-01-06,KTB5Y,2.685
2025-01-06,N225,39307.050781
2025-01-06,SOX,5310.140137
2025-01-06,SPX,5975.379883
2025-01-06,USDJPY,157.481003
2025-01-06,USDKRW,1465.530029
2025-01-06,WTI,73.559998
2025-01-07,CALL,3
2025-01-07,CD91,3.05
2025-01-07,CNYKRW,199.315783
2025-01-07,CORPAA3Y,3.187
2025-01-07,DJI,42528.359375
2025-01-07,DXY,108.540001
2025-01-07,EURKRW,1517.930054
2025-01-07,EURUSD,1.038637
2025-01-07,GBPUSD,1.251095
2025-01-07,GOLD_INTL,2656.699951
2025-01-07,HSI,19447.580078
2025-01-07,IXIC,19489.679688
2025-01-07,JPYKRW100,926.500988
2025-01-07,KOSDAQ,718.289978
2025-01-07,KOSPI,2492.100098
2025-01-07,KTB10Y,2.809
2025-01-07,KTB3Y,2.508
2025-01-07,KTB5Y,2.66
2025-01-07,N225,40083.300781
2025-01-07,SOX,5212.25
2025-01-07,SPX,5909.029785
2025-01-07,USDJPY,157.742996
2025-01-07,USDKRW,1459.449951
2025-01-07,WTI,74.25
2025-01-08,CALL,3.003
2025-01-08,CD91,3.04
2025-01-08,CNYKRW,198.171004
2025-01-08,CORPAA3Y,3.182
2025-01-08,DJI,42635.199219
2025-01-08,DXY,109.089996
2025-01-08,EURKRW,1501.27002
2025-01-08,EURUSD,1.034554
2025-01-08,GBPUSD,1.247785
2025-01-08,GOLD_INTL,2664.5
2025-01-08,HSI,19279.839844
2025-01-08,IXIC,19478.880859
2025-01-08,JPYKRW100,916.123676
2025-01-08,KOSDAQ,719.630005
2025-01-08,KOSPI,2521.050049
2025-01-08,KTB10Y,2.8
2025-01-08,KTB3Y,2.508
2025-01-08,KTB5Y,2.651
2025-01-08,N225,39981.058594
2025-01-08,SOX,5162.350098
2025-01-08,SPX,5918.25
2025-01-08,USDJPY,158.235992
2025-01-08,USDKRW,1451.880005
2025-01-08,WTI,73.32
2025-01-09,CALL,3.079
2025-01-09,CD91,3
2025-01-09,CNYKRW,198.863801
2025-01-09,CORPAA3Y,3.174
2025-01-09,DXY,109.18
2025-01-09,EURKRW,1503.02002
2025-01-09,EURUSD,1.03147
2025-01-09,GBPUSD,1.235987
2025-01-09,GOLD_INTL,2683.800049
2025-01-09,HSI,19240.890625
2025-01-09,JPYKRW100,921.436214
2025-01-09,KOSDAQ,723.52002
2025-01-09,KOSPI,2521.899902
2025-01-09,KTB10Y,2.783
2025-01-09,KTB3Y,2.5
2025-01-09,KTB5Y,2.623
2025-01-09,N225,39605.089844
2025-01-09,USDJPY,158.192001
2025-01-09,USDKRW,1457.969971
2025-01-09,WTI,73.919998
2025-01-10,CALL,3.081
2025-01-10,CD91,3
2025-01-10,CNYKRW,198.473834
2025-01-10,CORPAA3Y,3.22
2025-01-10,DJI,41938.449219
2025-01-10,DXY,109.650002
2025-01-10,EURKRW,1500.339966
2025-01-10,EURUSD,1.02976
2025-01-10,GBPUSD,1.229937
2025-01-10,GOLD_INTL,2708.5
2025-01-10,HSI,19064.289063
2025-01-10,IXIC,19161.630859
2025-01-10,JPYKRW100,922.217464
2025-01-10,KOSDAQ,717.890015
2025-01-10,KOSPI,2515.780029
2025-01-10,KTB10Y,2.682
2025-01-10,KTB3Y,2.561
2025-01-10,KTB5Y,2.696
2025-01-10,N225,39190.398438
2025-01-10,SOX,5037.470215
2025-01-10,SPX,5827.040039
2025-01-10,USDJPY,158.048004
2025-01-10,USDKRW,1455.22998
2025-01-10,WTI,76.57
2025-01-13,CALL,3.064
2025-01-13,CD91,3
2025-01-13,CNYKRW,200.806093
2025-01-13,CORPAA3Y,3.306
2025-01-13,DJI,42297.121094
2025-01-13,DXY,109.959999
2025-01-13,EURKRW,1509.76001
2025-01-13,EURUSD,1.024443
2025-01-13,GBPUSD,1.220495
2025-01-13,GOLD_INTL,2673.5
2025-01-13,HSI,18874.140625
2025-01-13,IXIC,19088.099609
2025-01-13,JPYKRW100,933.254814
2025-01-13,KOSDAQ,708.210022
2025-01-13,KOSPI,2489.560059
2025-01-13,KTB10Y,2.855
2025-01-13,KTB3Y,2.669
2025-01-13,KTB5Y,2.753
2025-01-13,SOX,5020.040039
2025-01-13,SPX,5836.220215
2025-01-13,USDJPY,157.886993
2025-01-13,USDKRW,1472.25
2025-01-13,WTI,78.82
2025-01-14,CALL,2.99
2025-01-14,CD91,3
2025-01-14,CNYKRW,199.035443
2025-01-14,CORPAA3Y,3.292
2025-01-14,DJI,42518.28125
2025-01-14,DXY,109.269997
2025-01-14,EURKRW,1505.650024
2025-01-14,EURUSD,1.026525
2025-01-14,GBPUSD,1.223331
2025-01-14,GOLD_INTL,2677.5
2025-01-14,HSI,19219.779297
2025-01-14,IXIC,19044.390625
2025-01-14,JPYKRW100,928.910542
2025-01-14,KOSDAQ,718.039978
2025-01-14,KOSPI,2497.399902
2025-01-14,KTB10Y,2.834
2025-01-14,KTB3Y,2.637
2025-01-14,KTB5Y,2.734
2025-01-14,N225,38474.300781
2025-01-14,SOX,5045.950195
2025-01-14,SPX,5842.910156
2025-01-14,USDJPY,157.363998
2025-01-14,USDKRW,1458.890015
2025-01-14,WTI,77.5
2025-01-15,CALL,3.008
2025-01-15,CD91,2.99
2025-01-15,CNYKRW,199.217
2025-01-15,CORPAA3Y,3.315
2025-01-15,DJI,43221.550781
2025-01-15,DXY,109.089996
2025-01-15,EURKRW,1505.079956
2025-01-15,EURUSD,1.030684
2025-01-15,GBPUSD,1.221344
2025-01-15,GOLD_INTL,2712.5
2025-01-15,HSI,19286.070313
2025-01-15,IXIC,19511.230469
2025-01-15,JPYKRW100,900.76561
2025-01-15,KOSDAQ,711.609985
2025-01-15,KOSPI,2496.810059
2025-01-15,KTB10Y,2.847
2025-01-15,KTB3Y,2.647
2025-01-15,KTB5Y,2.766
2025-01-15,N225,38444.578125
2025-01-15,SOX,5153.669922
2025-01-15,SPX,5949.910156
2025-01-15,USDJPY,158.050003
2025-01-15,USDKRW,1460.439941
2025-01-15,WTI,80.040001
2025-01-16,CALL,3.071
2025-01-16,CD91,2.99
2025-01-16,CNYKRW,196.070989
2025-01-16,CORPAA3Y,3.276
2025-01-16,DJI,43153.128906
2025-01-16,DXY,108.959999
2025-01-16,EURKRW,1498.280029
2025-01-16,EURUSD,1.029527
2025-01-16,GBPUSD,1.224335
2025-01-16,GOLD_INTL,2746.399902
2025-01-16,HSI,19522.890625
2025-01-16,IXIC,19338.289063
2025-01-16,JPYKRW100,924.394798
2025-01-16,KOSDAQ,724.23999
2025-01-16,KOSPI,2527.48999
2025-01-16,KTB10Y,2.803
2025-01-16,KTB3Y,2.592
2025-01-16,KTB5Y,2.719
2025-01-16,N225,38572.601563
2025-01-16,SOX,5162.959961
2025-01-16,SPX,5937.339844
2025-01-16,USDJPY,156.255005
2025-01-16,USDKRW,1437.219971
2025-01-16,WTI,78.68
2025-01-17,CALL,3.069
2025-01-17,CD91,2.99
2025-01-17,CNYKRW,198.243074
2025-01-17,CORPAA3Y,3.241
2025-01-17,DJI,43487.828125
2025-01-17,DXY,109.349998
2025-01-17,EURKRW,1499.609985
2025-01-17,EURUSD,1.030195
2025-01-17,GBPUSD,1.223691
2025-01-17,GOLD_INTL,2744.300049
2025-01-17,HSI,19584.060547
2025-01-17,IXIC,19630.199219
2025-01-17,JPYKRW100,935.48317
2025-01-17,KOSDAQ,724.690002
2025-01-17,KOSPI,2523.550049
2025-01-17,KTB10Y,2.794
2025-01-17,KTB3Y,2.587
2025-01-17,KTB5Y,2.69
2025-01-17,N225,38451.460938
2025-01-17,SOX,5309.740234
2025-01-17,SPX,5996.660156
2025-01-17,USDJPY,155.356003
2025-01-17,USDKRW,1453.319946
2025-01-17,WTI,77.879997
2025-01-20,CALL,3.109
2025-01-20,CD91,2.99
2025-01-20,CNYKRW,198.986896
2025-01-20,CORPAA3Y,3.268
2025-01-20,EURKRW,1470.787842
2025-01-20,EURUSD,1.027739
2025-01-20,GBPUSD,1.2171
2025-01-20,HSI,19925.810547
2025-01-20,JPYKRW100,932.25174
2025-01-20,KOSDAQ,727.659973
2025-01-20,KOSPI,2520.050049
2025-01-20,KTB10Y,2.864
2025-01-20,KTB3Y,2.624
2025-01-20,KTB5Y,2.69
2025-01-20,N225,38902.5
2025-01-20,USDJPY,156.306
2025-01-20,USDKRW,1457.380005
2025-01-21,CALL,3.138
2025-01-21,CD91,2.98
2025-01-21,CNYKRW,196.290321
2025-01-21,CORPAA3Y,3.227
2025-01-21,DJI,44025.808594
2025-01-21,DXY,108.059998
2025-01-21,EURKRW,1503.170044
2025-01-21,EURUSD,1.042068
2025-01-21,GBPUSD,1.233137
2025-01-21,GOLD_INTL,2755
2025-01-21,HSI,20106.550781
2025-01-21,IXIC,19756.779297
2025-01-21,JPYKRW100,924.737358
2025-01-21,KOSDAQ,726.070007
2025-01-21,KOSPI,2518.030029
2025-01-21,KTB10Y,2.819
2025-01-21,KTB3Y,2.569
2025-01-21,KTB5Y,2.668
2025-01-21,N225,39027.980469
2025-01-21,SOX,5378.5
2025-01-21,SPX,6049.240234
2025-01-21,USDJPY,155.248993
2025-01-21,USDKRW,1435.530029
2025-01-21,WTI,75.889999
2025-01-22,CALL,3.106
2025-01-22,CD91,3.03
2025-01-22,CNYKRW,196.087304
2025-01-22,CORPAA3Y,3.227
2025-01-22,DJI,44156.730469
2025-01-22,DXY,108.169998
2025-01-22,EURKRW,1491.540039
2025-01-22,EURUSD,1.040594
2025-01-22,GBPUSD,1.23354
2025-01-22,GOLD_INTL,2767.600098
2025-01-22,HSI,19778.769531
2025-01-22,IXIC,20009.339844
2025-01-22,JPYKRW100,920.791531
2025-01-22,KOSDAQ,732.309998
2025-01-22,KOSPI,2547.060059
2025-01-22,KTB10Y,2.83
2025-01-22,KTB3Y,2.577
2025-01-22,KTB5Y,2.69
2025-01-22,N225,39646.25
2025-01-22,SOX,5469.290039
2025-01-22,SPX,6086.370117
2025-01-22,USDJPY,155.774002
2025-01-22,USDKRW,1425.790039
2025-01-22,WTI,75.440002
2025-01-23,CALL,3.088
2025-01-23,CD91,3.03
2025-01-23,CNYKRW,197.263166
2025-01-23,CORPAA3Y,3.218
2025-01-23,DJI,44565.070313
2025-01-23,DXY,108.050003
2025-01-23,EURKRW,1491.920044
2025-01-23,EURUSD,1.041016
2025-01-23,GBPUSD,1.231421
2025-01-23,GOLD_INTL,2763.100098
2025-01-23,HSI,19700.560547
2025-01-23,IXIC,20053.679688
2025-01-23,JPYKRW100,916.880798
2025-01-23,KOSDAQ,724.01001
2025-01-23,KOSPI,2515.48999
2025-01-23,KTB10Y,2.836
2025-01-23,KTB3Y,2.574
2025-01-23,KTB5Y,2.69
2025-01-23,N225,39958.871094
2025-01-23,SOX,5444.689941
2025-01-23,SPX,6118.709961
2025-01-23,USDJPY,156.440002
2025-01-23,USDKRW,1434.339966
2025-01-23,WTI,74.620003
2025-01-24,CALL,3.091
2025-01-24,CD91,3.03
2025-01-24,CNYKRW,196.800808
2025-01-24,CORPAA3Y,3.21
2025-01-24,DJI,44424.25
2025-01-24,DXY,107.440002
2025-01-24,EURKRW,1491.550049
2025-01-24,EURUSD,1.041602
2025-01-24,GBPUSD,1.235391
2025-01-24,GOLD_INTL,2777.300049
2025-01-24,HSI,20066.189453
2025-01-24,IXIC,19954.300781
2025-01-24,JPYKRW100,918.19706
2025-01-24,KOSDAQ,728.73999
2025-01-24,KOSPI,2536.800049
2025-01-24,KTB10Y,2.861
2025-01-24,KTB3Y,2.568
2025-01-24,KTB5Y,2.705
2025-01-24,N225,39931.980469
2025-01-24,SOX,5341.939941
2025-01-24,SPX,6101.240234
2025-01-24,USDJPY,156.154999
2025-01-24,USDKRW,1433.930054
2025-01-24,WTI,74.660004
2025-01-27,CNYKRW,197.102066
2025-01-27,DJI,44713.578125
2025-01-27,DXY,107.339996
2025-01-27,EURKRW,1499.030029
2025-01-27,EURUSD,1.046759
2025-01-27,GBPUSD,1.245935
2025-01-27,GOLD_INTL,2737.5
2025-01-27,HSI,20197.769531
2025-01-27,IXIC,19341.830078
2025-01-27,JPYKRW100,916.481018
2025-01-27,N225,39565.800781
2025-01-27,SOX,4853.240234
2025-01-27,SPX,6012.279785
2025-01-27,USDJPY,155.744003
2025-01-27,USDKRW,1427.630005
2025-01-27,WTI,73.169998
2025-01-28,CNYKRW,195.556297
2025-01-28,DJI,44850.351563
2025-01-28,DXY,107.870003
2025-01-28,EURKRW,1501.22998
2025-01-28,EURUSD,1.044506
2025-01-28,GBPUSD,1.246059
2025-01-28,GOLD_INTL,2766.800049
2025-01-28,HSI,20225.109375
2025-01-28,IXIC,19733.589844
2025-01-28,JPYKRW100,926.314831
2025-01-28,N225,39016.871094
2025-01-28,SOX,4907.029785
2025-01-28,SPX,6067.700195
2025-01-28,USDJPY,154.908997
2025-01-28,USDKRW,1417.920044
2025-01-28,WTI,73.769997
2025-01-29,CNYKRW,199.06486
2025-01-29,DJI,44713.519531
2025-01-29,DXY,108
2025-01-29,EURKRW,1506.689941
2025-01-29,EURUSD,1.042905
2025-01-29,GBPUSD,1.244168
2025-01-29,GOLD_INTL,2769.100098
2025-01-29,IXIC,19632.320313
2025-01-29,JPYKRW100,927.923679
2025-01-29,N225,39414.78125
2025-01-29,SOX,4918.100098
2025-01-29,SPX,6039.310059
2025-01-29,USDJPY,155.559006
2025-01-29,USDKRW,1443.26001
2025-01-29,WTI,72.620003
2025-01-30,CNYKRW,201.327928
2025-01-30,DJI,44882.128906
2025-01-30,DXY,107.800003
2025-01-30,EURKRW,1504.02002
2025-01-30,EURUSD,1.042525
2025-01-30,GBPUSD,1.24553
2025-01-30,GOLD_INTL,2823
2025-01-30,IXIC,19681.75
2025-01-30,JPYKRW100,929.851627
2025-01-30,N225,39513.96875
2025-01-30,SOX,5030.529785
2025-01-30,SPX,6071.169922
2025-01-30,USDJPY,155.169998
2025-01-30,USDKRW,1443.319946
2025-01-30,WTI,72.730003
2025-01-31,CALL,3.074
2025-01-31,CD91,3.03
2025-01-31,CNYKRW,200.763138
2025-01-31,CORPAA3Y,3.204
2025-01-31,DJI,44544.660156
2025-01-31,DXY,108.370003
2025-01-31,EURKRW,1498.189941
2025-01-31,EURUSD,1.039728
2025-01-31,GBPUSD,1.24239
2025-01-31,GOLD_INTL,2812.5
2025-01-31,IXIC,19627.439453
2025-01-31,JPYKRW100,934.564972
2025-01-31,KOSDAQ,728.289978
2025-01-31,KOSPI,2517.370117
2025-01-31,KTB10Y,2.855
2025-01-31,KTB3Y,2.58
2025-01-31,KTB5Y,2.703
2025-01-31,N225,39572.488281
2025-01-31,SOX,5015.850098
2025-01-31,SPX,6040.529785
2025-01-31,USDJPY,154.097
2025-01-31,USDKRW,1441.660034
2025-01-31,WTI,72.529999
2025-02-03,CALL,2.988
2025-02-03,CD91,3.02
2025-02-03,CNYKRW,202.730387
2025-02-03,CORPAA3Y,3.196
2025-02-03,DJI,44421.910156
2025-02-03,DXY,108.989998
2025-02-03,EURKRW,1476.489258
2025-02-03,EURUSD,1.024779
2025-02-03,GBPUSD,1.229196
2025-02-03,GOLD_INTL,2833.899902
2025-02-03,HSI,20217.259766
2025-02-03,IXIC,19391.960938
2025-02-03,JPYKRW100,937.332344
2025-02-03,KOSDAQ,703.799988
2025-02-03,KOSPI,2453.949951
2025-02-03,KTB10Y,2.832
2025-02-03,KTB3Y,2.575
2025-02-03,KTB5Y,2.689
2025-02-03,N225,38520.089844
2025-02-03,SOX,4924.810059
2025-02-03,SPX,5994.569824
2025-02-03,USDJPY,155.363007
2025-02-03,USDKRW,1456.780029
2025-02-03,WTI,73.160004
2025-02-04,CALL,2.919
2025-02-04,CD91,3
2025-02-04,CNYKRW,202.786659
2025-02-04,CORPAA3Y,3.208
2025-02-04,DJI,44556.039063
2025-02-04,DXY,107.959999
2025-02-04,EURKRW,1506.050049
2025-02-04,EURUSD,1.032738
2025-02-04,GBPUSD,1.243178
2025-02-04,GOLD_INTL,2853.300049
2025-02-04,HSI,20789.960938
2025-02-04,IXIC,19654.019531
2025-02-04,JPYKRW100,939.836979
2025-02-04,KOSDAQ,719.919983
2025-02-04,KOSPI,2481.689941
2025-02-04,KTB10Y,2.832
2025-02-04,KTB3Y,2.586
2025-02-04,KTB5Y,2.704
2025-02-04,N225,38798.371094
2025-02-04,SOX,4976.589844
2025-02-04,SPX,6037.879883
2025-02-04,USDJPY,155.276993
2025-02-04,USDKRW,1459.050049
2025-02-04,WTI,72.699997
2025-02-05,CALL,2.98
2025-02-05,CD91,3.01
2025-02-05,CNYKRW,201.918716
2025-02-05,CORPAA3Y,3.198
2025-02-05,DJI,44873.28125
2025-02-05,DXY,107.580002
2025-02-05,EURKRW,1503.839966
2025-02-05,EURUSD,1.03728
2025-02-05,GBPUSD,1.247816
2025-02-05,GOLD_INTL,2871.600098
2025-02-05,HSI,20597.089844
2025-02-05,IXIC,19692.330078
2025-02-05,JPYKRW100,940.985298
2025-02-05,KOSDAQ,730.97998
2025-02-05,KOSPI,2509.27002
2025-02-05,KTB10Y,2.81
2025-02-05,KTB3Y,2.579
2025-02-05,KTB5Y,2.685
2025-02-05,N225,38831.480469
2025-02-05,SOX,5091.5
2025-02-05,SPX,6061.47998
2025-02-05,USDJPY,154.132996
2025-02-05,USDKRW,1450.160034
2025-02-05,WTI,71.029999
2025-02-06,CALL,3.003
2025-02-06,CD91,2.99
2025-02-06,CNYKRW,198.595692
2025-02-06,CORPAA3Y,3.196
2025-02-06,DJI,44747.628906
2025-02-06,DXY,107.690002
2025-02-06,EURKRW,1499
2025-02-06,EURUSD,1.040085
2025-02-06,GBPUSD,1.250406
2025-02-06,GOLD_INTL,2856
2025-02-06,HSI,20891.619141
2025-02-06,IXIC,19791.990234
2025-02-06,JPYKRW100,946.143055
2025-02-06,KOSDAQ,740.320007
2025-02-06,KOSPI,2536.75
2025-02-06,KTB10Y,2.766
2025-02-06,KTB3Y,2.579
2025-02-06,KTB5Y,2.665
2025-02-06,N225,39066.53125
2025-02-06,SOX,5092.589844
2025-02-06,SPX,6083.569824
2025-02-06,USDJPY,152.606003
2025-02-06,USDKRW,1443.890015
2025-02-06,WTI,70.610001
2025-02-07,CALL,3.024
2025-02-07,CD91,2.99
2025-02-07,CNYKRW,197.885515
2025-02-07,CORPAA3Y,3.242
2025-02-07,DJI,44303.398438
2025-02-07,DXY,108.040001
2025-02-07,EURKRW,1498.290039
2025-02-07,EURUSD,1.038573
2025-02-07,GBPUSD,1.24375
2025-02-07,GOLD_INTL,2867.300049
2025-02-07,HSI,21133.539063
2025-02-07,IXIC,19523.400391
2025-02-07,JPYKRW100,953.742981
2025-02-07,KOSDAQ,742.900024
2025-02-07,KOSPI,2521.919922
2025-02-07,KTB10Y,2.816
2025-02-07,KTB3Y,2.631
2025-02-07,KTB5Y,2.726
2025-02-07,N225,38787.019531
2025-02-07,SOX,5009.339844
2025-02-07,SPX,6025.990234
2025-02-07,USDJPY,151.192993
2025-02-07,USDKRW,1442.150024
2025-02-07,WTI,71
2025-02-10,CALL,3.034
2025-02-10,CD91,2.99
2025-02-10,CNYKRW,199.075042
2025-02-10,CORPAA3Y,3.239
2025-02-10,DJI,44470.410156
2025-02-10,DXY,108.32
2025-02-10,EURKRW,1501.5
2025-02-10,EURUSD,1.031162
2025-02-10,GBPUSD,1.239157
2025-02-10,GOLD_INTL,2914.300049
2025-02-10,HSI,21521.980469
2025-02-10,IXIC,19714.269531
2025-02-10,JPYKRW100,957.799435
2025-02-10,KOSDAQ,749.669983
2025-02-10,KOSPI,2521.27002
2025-02-10,KTB10Y,2.854
2025-02-10,KTB3Y,2.639
2025-02-10,KTB5Y,2.71
2025-02-10,N225,38801.171875
2025-02-10,SOX,5082.669922
2025-02-10,SPX,6066.439941
2025-02-10,USDJPY,151.845993
2025-02-10,USDKRW,1450.619995
2025-02-10,WTI,72.32
2025-02-11,CALL,3.021
2025-02-11,CD91,2.99
2025-02-11,CNYKRW,198.947216
2025-02-11,CORPAA3Y,3.228
2025-02-11,DJI,44593.648438
2025-02-11,DXY,107.959999
2025-02-11,EURKRW,1496.439941
2025-02-11,EURUSD,1.030153
2025-02-11,GBPUSD,1.236063
2025-02-11,GOLD_INTL,2912.5
2025-02-11,HSI,21294.859375
2025-02-11,IXIC,19643.859375
2025-02-11,JPYKRW100,957.350445
2025-02-11,KOSDAQ,749.590027
2025-02-11,KOSPI,2539.050049
2025-02-11,KTB10Y,2.838
2025-02-11,KTB3Y,2.631
2025-02-11,KTB5Y,2.712
2025-02-11,SOX,5079.970215
2025-02-11,SPX,6068.5
2025-02-11,USDJPY,151.759003
2025-02-11,USDKRW,1453.209961
2025-02-11,WTI,73.32
2025-02-12,CALL,3.033
2025-02-12,CD91,2.98
2025-02-12,CNYKRW,198.537061
2025-02-12,CORPAA3Y,3.238
2025-02-12,DJI,44368.558594
2025-02-12,DXY,107.940002
2025-02-12,EURKRW,1503.349976
2025-02-12,EURUSD,1.036495
2025-02-12,GBPUSD,1.245159
2025-02-12,GOLD_INTL,2909
2025-02-12,HSI,21857.919922
2025-02-12,IXIC,19649.949219
2025-02-12,JPYKRW100,949.776268
2025-02-12,KOSDAQ,745.179993
2025-02-12,KOSPI,2548.389893
2025-02-12,KTB10Y,2.882
2025-02-12,KTB3Y,2.652
2025-02-12,KTB5Y,2.746
2025-02-12,N225,38963.699219
2025-02-12,SOX,5090.790039
2025-02-12,SPX,6051.970215
2025-02-12,USDJPY,152.738998
2025-02-12,USDKRW,1450.75
2025-02-12,WTI,71.370003
2025-02-13,CALL,3.054
2025-02-13,CD91,2.98
2025-02-13,CNYKRW,198.681035
2025-02-13,CORPAA3Y,3.227
2025-02-13,DJI,44711.429688
2025-02-13,DXY,107.309998
2025-02-13,EURKRW,1507.829956
2025-02-13,EURUSD,1.039199
2025-02-13,GBPUSD,1.245066
2025-02-13,GOLD_INTL,2925.899902
2025-02-13,HSI,21814.369141
2025-02-13,IXIC,19945.640625
2025-02-13,JPYKRW100,941.406822
2025-02-13,KOSDAQ,749.280029
2025-02-13,KOSPI,2583.169922
2025-02-13,KTB10Y,2.904
2025-02-13,KTB3Y,2.631
2025-02-13,KTB5Y,2.733
2025-02-13,N225,39461.46875
2025-02-13,SOX,5156.390137
2025-02-13,SPX,6115.069824
2025-02-13,USDJPY,154.255005
2025-02-13,USDKRW,1452.119995
2025-02-13,WTI,71.290001
2025-02-14,CALL,3.057
2025-02-14,CD91,2.98
2025-02-14,CNYKRW,197.390522
2025-02-14,CORPAA3Y,3.208
2025-02-14,DJI,44546.078125
2025-02-14,DXY,106.57
2025-02-14,EURKRW,1505.560059
2025-02-14,EURUSD,1.046167
2025-02-14,GBPUSD,1.256345
2025-02-14,GOLD_INTL,2883.600098
2025-02-14,HSI,22620.330078
2025-02-14,IXIC,20026.769531
2025-02-14,JPYKRW100,940.513611
2025-02-14,KOSDAQ,756.320007
2025-02-14,KOSPI,2591.050049
2025-02-14,KTB10Y,2.846
2025-02-14,KTB3Y,2.611
2025-02-14,KTB5Y,2.706
2025-02-14,N225,39149.429688
2025-02-14,SOX,5160.939941
2025-02-14,SPX,6114.629883
2025-02-14,USDJPY,152.988998
2025-02-14,USDKRW,1438.73999
2025-02-14,WTI,70.739998
2025-02-17,CALL,3.017
2025-02-17,CD91,2.97
2025-02-17,CNYKRW,197.518271
2025-02-17,CORPAA3Y,3.215
2025-02-17,EURKRW,1510.550049
2025-02-17,EURUSD,1.048922
2025-02-17,GBPUSD,1.258416
2025-02-17,HSI,22616.230469
2025-02-17,JPYKRW100,946.638393
2025-02-17,KOSDAQ,768.47998
2025-02-17,KOSPI,2610.419922
2025-02-17,KTB10Y,2.838
2025-02-17,KTB3Y,2.625
2025-02-17,KTB5Y,2.728
2025-02-17,N225,39174.25
2025-02-17,USDJPY,152.022995
2025-02-17,USDKRW,1432.599976
2025-02-18,CALL,3.001
2025-02-18,CD91,2.96
2025-02-18,CNYKRW,198.716405
2025-02-18,CORPAA3Y,3.224
2025-02-18,DJI,44556.339844
2025-02-18,DXY,107.050003
2025-02-18,EURKRW,1510.439941
2025-02-18,EURUSD,1.048537
2025-02-18,GBPUSD,1.262148
2025-02-18,GOLD_INTL,2931.600098
2025-02-18,HSI,22976.810547
2025-02-18,IXIC,20041.259766
2025-02-18,JPYKRW100,951.657486
2025-02-18,KOSDAQ,773.650024
2025-02-18,KOSPI,2626.810059
2025-02-18,KTB10Y,2.857
2025-02-18,KTB3Y,2.644
2025-02-18,KTB5Y,2.749
2025-02-18,N225,39270.398438
2025-02-18,SOX,5247.859863
2025-02-18,SPX,6129.580078
2025-02-18,USDJPY,151.444
2025-02-18,USDKRW,1441.290039
2025-02-18,WTI,71.849998
2025-02-19,CALL,2.953
2025-02-19,CD91,2.95
2025-02-19,CNYKRW,197.851223
2025-02-19,CORPAA3Y,3.214
2025-02-19,DJI,44627.589844
2025-02-19,DXY,107.169998
2025-02-19,EURKRW,1504.530029
2025-02-19,EURUSD,1.044834
2025-02-19,GBPUSD,1.262578
2025-02-19,GOLD_INTL,2919.399902
2025-02-19,HSI,22944.240234
2025-02-19,IXIC,20056.25
2025-02-19,JPYKRW100,947.447395
2025-02-19,KOSDAQ,778.27002
2025-02-19,KOSPI,2671.52002
2025-02-19,KTB10Y,2.869
2025-02-19,KTB3Y,2.623
2025-02-19,KTB5Y,2.745
2025-02-19,N225,39164.609375
2025-02-19,SOX,5309.689941
2025-02-19,SPX,6144.149902
2025-02-19,USDJPY,151.931
2025-02-19,USDKRW,1440.079956
2025-02-19,WTI,72.25
2025-02-20,CALL,2.993
2025-02-20,CD91,2.94
2025-02-20,CNYKRW,197.709829
2025-02-20,CORPAA3Y,3.212
2025-02-20,DJI,44176.648438
2025-02-20,DXY,106.339996
2025-02-20,EURKRW,1500.699951
2025-02-20,EURUSD,1.042101
2025-02-20,GBPUSD,1.258416
2025-02-20,GOLD_INTL,2940
2025-02-20,HSI,22576.980469
2025-02-20,IXIC,19962.359375
2025-02-20,JPYKRW100,952.166176
2025-02-20,KOSDAQ,768.27002
2025-02-20,KOSPI,2654.060059
2025-02-20,KTB10Y,2.871
2025-02-20,KTB3Y,2.627
2025-02-20,KTB5Y,2.748
2025-02-20,N225,38678.039063
2025-02-20,SOX,5310.629883
2025-02-20,SPX,6117.52002
2025-02-20,USDJPY,151.220001
2025-02-20,USDKRW,1439.97998
2025-02-20,WTI,72.57
2025-02-21,CALL,2.985
2025-02-21,CD91,2.88
2025-02-21,CNYKRW,197.326164
2025-02-21,CORPAA3Y,3.2
2025-02-21,DJI,43428.019531
2025-02-21,DXY,106.610001
2025-02-21,EURKRW,1502.800049
2025-02-21,EURUSD,1.050056
2025-02-21,GBPUSD,1.26704
2025-02-21,GOLD_INTL,2937.600098
2025-02-21,HSI,23477.919922
2025-02-21,IXIC,19524.009766
2025-02-21,JPYKRW100,958.149242
2025-02-21,KOSDAQ,774.650024
2025-02-21,KOSPI,2654.580078
2025-02-21,KTB10Y,2.878
2025-02-21,KTB3Y,2.619
2025-02-21,KTB5Y,2.725
2025-02-21,N225,38776.941406
2025-02-21,SOX,5136.589844
2025-02-21,SPX,6013.129883
2025-02-21,USDJPY,149.408005
2025-02-21,USDKRW,1431.699951
2025-02-21,WTI,70.400002
2025-02-24,CALL,3.022
2025-02-24,CD91,2.88
2025-02-24,CNYKRW,197.833109
2025-02-24,CORPAA3Y,3.191
2025-02-24,DJI,43461.210938
2025-02-24,DXY,106.599998
2025-02-24,EURKRW,1498.680054
2025-02-24,EURUSD,1.047482
2025-02-24,GBPUSD,1.26499
2025-02-24,GOLD_INTL,2947.899902
2025-02-24,HSI,23341.609375
2025-02-24,IXIC,19286.929688
2025-02-24,JPYKRW100,958.622646
2025-02-24,KOSDAQ,773.330017
2025-02-24,KOSPI,2645.27002
2025-02-24,KTB10Y,2.815
2025-02-24,KTB3Y,2.612
2025-02-24,KTB5Y,2.718
2025-02-24,SOX,5003.540039
2025-02-24,SPX,5983.25
2025-02-24,USDJPY,149.386993
2025-02-24,USDKRW,1434.290039
2025-02-24,WTI,70.699997
2025-02-25,CALL,2.837
2025-02-25,CD91,2.85
2025-02-25,CNYKRW,197.120427
2025-02-25,CORPAA3Y,3.178
2025-02-25,DJI,43621.160156
2025-02-25,DXY,106.309998
2025-02-25,EURKRW,1495.109985
2025-02-25,EURUSD,1.046134
2025-02-25,GBPUSD,1.261782
2025-02-25,GOLD_INTL,2904.5
2025-02-25,HSI,23034.019531
2025-02-25,IXIC,19026.390625
2025-02-25,JPYKRW100,953.415394
2025-02-25,KOSDAQ,769.429993
2025-02-25,KOSPI,2630.290039
2025-02-25,KTB10Y,2.798
2025-02-25,KTB3Y,2.598
2025-02-25,KTB5Y,2.699
2025-02-25,N225,38237.789063
2025-02-25,SOX,4888.879883
2025-02-25,SPX,5955.25
2025-02-25,USDJPY,149.863998
2025-02-25,USDKRW,1428.650024
2025-02-25,WTI,68.93
2025-02-26,CALL,2.792
2025-02-26,CD91,2.84
2025-02-26,CNYKRW,197.237704
2025-02-26,CORPAA3Y,3.168
2025-02-26,DJI,43433.121094
2025-02-26,DXY,106.419998
2025-02-26,EURKRW,1506.319946
2025-02-26,EURUSD,1.05241
2025-02-26,GBPUSD,1.267443
2025-02-26,GOLD_INTL,2916.800049
2025-02-26,HSI,23787.929688
2025-02-26,IXIC,19075.259766
2025-02-26,JPYKRW100,958.990479
2025-02-26,KOSDAQ,771.409973
2025-02-26,KOSPI,2641.090088
2025-02-26,KTB10Y,2.746
2025-02-26,KTB3Y,2.588
2025-02-26,KTB5Y,2.677
2025-02-26,N225,38142.371094
2025-02-26,SOX,4990.819824
2025-02-26,SPX,5956.060059
2025-02-26,USDJPY,149.078003
2025-02-26,USDKRW,1429.5
2025-02-26,WTI,68.620003
2025-02-27,CALL,2.805
2025-02-27,CD91,2.85
2025-02-27,CNYKRW,197.632966
2025-02-27,CORPAA3Y,3.172
2025-02-27,DJI,43239.5
2025-02-27,DXY,107.239998
2025-02-27,EURKRW,1501.709961
2025-02-27,EURUSD,1.048878
2025-02-27,GBPUSD,1.268231
2025-02-27,GOLD_INTL,2883.199951
2025-02-27,HSI,23718.289063
2025-02-27,IXIC,18544.419922
2025-02-27,JPYKRW100,963.642216
2025-02-27,KOSDAQ,770.849976
2025-02-27,KOSPI,2621.75
2025-02-27,KTB10Y,2.73
2025-02-27,KTB3Y,2.592
2025-02-27,KTB5Y,2.682
2025-02-27,N225,38256.171875
2025-02-27,SOX,4686.75
2025-02-27,SPX,5861.569824
2025-02-27,USDJPY,148.837997
2025-02-27,USDKRW,1434.420044
2025-02-27,WTI,70.349998
2025-02-28,CALL,2.799
2025-02-28,CD91,2.89
2025-02-28,CNYKRW,199.011713
2025-02-28,CORPAA3Y,3.157
2025-02-28,DJI,43840.910156
2025-02-28,DXY,107.610001
2025-02-28,EURKRW,1506.939941
2025-02-28,EURUSD,1.039512
2025-02-28,GBPUSD,1.25989
2025-02-28,GOLD_INTL,2836.800049
2025-02-28,HSI,22941.320313
2025-02-28,IXIC,18847.279297
2025-02-28,JPYKRW100,966.425133
2025-02-28,KOSDAQ,743.960022
2025-02-28,KOSPI,2532.780029
2025-02-28,KTB10Y,2.724
2025-02-28,KTB3Y,2.567
2025-02-28,KTB5Y,2.647
2025-02-28,N225,37155.5
2025-02-28,SOX,4766.75
2025-02-28,SPX,5954.5
2025-02-28,USDJPY,150.011993
2025-02-28,USDKRW,1449.859985
2025-02-28,WTI,69.760002
2025-03-03,CNYKRW,200.444885
2025-03-03,DJI,43191.238281
2025-03-03,DXY,106.75
2025-03-03,EURKRW,1515.180054
2025-03-03,EURUSD,1.041385
2025-03-03,GBPUSD,1.260398
2025-03-03,GOLD_INTL,2890.199951
2025-03-03,HSI,23006.269531
2025-03-03,IXIC,18350.189453
2025-03-03,JPYKRW100,968.200874
2025-03-03,N225,37785.46875
2025-03-03,SOX,4575.370117
2025-03-03,SPX,5849.720215
2025-03-03,USDJPY,150.770996
2025-03-03,USDKRW,1459.800049
2025-03-03,WTI,68.370003
2025-03-04,CALL,2.691
2025-03-04,CD91,2.85
2025-03-04,CNYKRW,200.146903
2025-03-04,CORPAA3Y,3.132
2025-03-04,DJI,42520.988281
2025-03-04,DXY,105.739998
2025-03-04,EURKRW,1527.670044
2025-03-04,EURUSD,1.048504
2025-03-04,GBPUSD,1.270148
2025-03-04,GOLD_INTL,2909.600098
2025-03-04,HSI,22941.769531
2025-03-04,IXIC,18285.160156
2025-03-04,JPYKRW100,976.294613
2025-03-04,KOSDAQ,737.900024
2025-03-04,KOSPI,2528.919922
2025-03-04,KTB10Y,2.701
2025-03-04,KTB3Y,2.541
2025-03-04,KTB5Y,2.636
2025-03-04,N225,37331.179688
2025-03-04,SOX,4604.509766
2025-03-04,SPX,5778.149902
2025-03-04,USDJPY,149.304993
2025-03-04,USDKRW,1457.930054
2025-03-04,WTI,68.260002
2025-03-05,CALL,2.731
2025-03-05,CD91,2.84
2025-03-05,CNYKRW,199.976597
2025-03-05,CORPAA3Y,3.151
2025-03-05,DJI,43006.589844
2025-03-05,DXY,105.739998
2025-03-05,EURKRW,1543.329956
2025-03-05,EURUSD,1.062699
2025-03-05,GBPUSD,1.279427
2025-03-05,GOLD_INTL,2915.300049
2025-03-05,HSI,23594.210938
2025-03-05,IXIC,18552.730469
2025-03-05,JPYKRW100,969.846916
2025-03-05,KOSDAQ,746.950012
2025-03-05,KOSPI,2558.129883
2025-03-05,KTB10Y,2.757
2025-03-05,KTB3Y,2.58
2025-03-05,KTB5Y,2.677
2025-03-05,N225,37418.238281
2025-03-05,SOX,4700.790039
2025-03-05,SPX,5842.629883
2025-03-05,USDJPY,149.798996
2025-03-05,USDKRW,1452.849976
2025-03-05,WTI,66.309998
2025-03-06,CALL,2.773
2025-03-06,CD91,2.84
2025-03-06,CNYKRW,199.022158
2025-03-06,CORPAA3Y,3.174
2025-03-06,DJI,42579.078125
2025-03-06,DXY,104.059998
2025-03-06,EURKRW,1558.189941
2025-03-06,EURUSD,1.079494
2025-03-06,GBPUSD,1.289191
2025-03-06,GOLD_INTL,2916.600098
2025-03-06,HSI,24369.710938
2025-03-06,IXIC,18069.259766
2025-03-06,JPYKRW100,969.165993
2025-03-06,KOSDAQ,734.919983
2025-03-06,KOSPI,2576.159912
2025-03-06,KTB10Y,2.806
2025-03-06,KTB3Y,2.594
2025-03-06,KTB5Y,2.704
2025-03-06,N225,37704.929688
2025-03-06,SOX,4487.850098
2025-03-06,SPX,5738.52002
2025-03-06,USDJPY,148.897995
2025-03-06,USDKRW,1443.030029
2025-03-06,WTI,66.360001
2025-03-07,CALL,2.779
2025-03-07,CD91,2.84
2025-03-07,CNYKRW,199.500735
2025-03-07,CORPAA3Y,3.144
2025-03-07,DJI,42801.71875
2025-03-07,DXY,103.839996
2025-03-07,EURKRW,1560.920044
2025-03-07,EURUSD,1.078795
2025-03-07,GBPUSD,1.28853
2025-03-07,GOLD_INTL,2904.699951
2025-03-07,HSI,24231.300781
2025-03-07,IXIC,18196.220703
2025-03-07,JPYKRW100,977.054596
2025-03-07,KOSDAQ,727.700012
2025-03-07,KOSPI,2563.47998
2025-03-07,KTB10Y,2.792
2025-03-07,KTB3Y,2.565
2025-03-07,KTB5Y,2.679
2025-03-07,N225,36887.171875
2025-03-07,SOX,4629.589844
2025-03-07,SPX,5770.200195
2025-03-07,USDJPY,148.108002
2025-03-07,USDKRW,1446.5
2025-03-07,WTI,67.040001
2025-03-10,CALL,2.777
2025-03-10,CD91,2.84
2025-03-10,CNYKRW,199.925348
2025-03-10,CORPAA3Y,3.166
2025-03-10,DJI,41911.710938
2025-03-10,DXY,103.910004
2025-03-10,EURKRW,1569.76001
2025-03-10,EURUSD,1.086059
2025-03-10,GBPUSD,1.293243
2025-03-10,GOLD_INTL,2891
2025-03-10,HSI,23783.490234
2025-03-10,IXIC,17468.320313
2025-03-10,JPYKRW100,980.963326
2025-03-10,KOSDAQ,725.820007
2025-03-10,KOSPI,2570.389893
2025-03-10,KTB10Y,2.797
2025-03-10,KTB3Y,2.601
2025-03-10,KTB5Y,2.657
2025-03-10,N225,37028.269531
2025-03-10,SOX,4405.089844
2025-03-10,SPX,5614.560059
2025-03-10,USDJPY,147.608002
2025-03-10,USDKRW,1446.26001
2025-03-10,WTI,66.029999
2025-03-11,CALL,2.76
2025-03-11,CD91,2.84
2025-03-11,CNYKRW,200.717725
2025-03-11,CORPAA3Y,3.131
2025-03-11,DJI,41433.480469
2025-03-11,DXY,103.440002
2025-03-11,EURKRW,1579.099976
2025-03-11,EURUSD,1.08394
2025-03-11,GBPUSD,1.287548
2025-03-11,GOLD_INTL,2912.899902
2025-03-11,HSI,23782.140625
2025-03-11,IXIC,17436.099609
2025-03-11,JPYKRW100,990.85331
2025-03-11,KOSDAQ,721.5
2025-03-11,KOSPI,2537.600098
2025-03-11,KTB10Y,2.743
2025-03-11,KTB3Y,2.561
2025-03-11,KTB5Y,2.634
2025-03-11,N225,36793.109375
2025-03-11,SOX,4374.069824
2025-03-11,SPX,5572.069824
2025-03-11,USDJPY,147.069
2025-03-11,USDKRW,1457.030029
2025-03-11,WTI,66.25
2025-03-12,CALL,2.763
2025-03-12,CD91,2.84
2025-03-12,CNYKRW,199.889797
2025-03-12,CORPAA3Y,3.127
2025-03-12,DJI,41350.929688
2025-03-12,DXY,103.610001
2025-03-12,EURKRW,1583.430054
2025-03-12,EURUSD,1.091417
2025-03-12,GBPUSD,1.294482
2025-03-12,GOLD_INTL,2939.100098
2025-03-12,HSI,23600.310547
2025-03-12,IXIC,17648.449219
2025-03-12,JPYKRW100,980.220222
2025-03-12,KOSDAQ,729.48999
2025-03-12,KOSPI,2574.820068
2025-03-12,KTB10Y,2.761
2025-03-12,KTB3Y,2.55
2025-03-12,KTB5Y,2.619
2025-03-12,N225,36819.089844
2025-03-12,SOX,4481.02002
2025-03-12,SPX,5599.299805
2025-03-12,USDJPY,148.042007
2025-03-12,USDKRW,1451.02002
2025-03-12,WTI,67.68
2025-03-13,CALL,2.753
2025-03-13,CD91,2.84
2025-03-13,CNYKRW,200.183772
2025-03-13,CORPAA3Y,3.138
2025-03-13,DJI,40813.570313
2025-03-13,DXY,103.830002
2025-03-13,EURKRW,1579.670044
2025-03-13,EURUSD,1.088625
2025-03-13,GBPUSD,1.296428
2025-03-13,GOLD_INTL,2984.300049
2025-03-13,HSI,23462.650391
2025-03-13,IXIC,17303.009766
2025-03-13,JPYKRW100,976.990604
2025-03-13,KOSDAQ,722.799988
2025-03-13,KOSPI,2573.639893
2025-03-13,KTB10Y,2.783
2025-03-13,KTB3Y,2.57
2025-03-13,KTB5Y,2.624
2025-03-13,N225,36790.03125
2025-03-13,SOX,4453.240234
2025-03-13,SPX,5521.52002
2025-03-13,USDJPY,148.279007
2025-03-13,USDKRW,1448.75
2025-03-13,WTI,66.550003
2025-03-14,CALL,2.758
2025-03-14,CD91,2.84
2025-03-14,CNYKRW,200.802802
2025-03-14,CORPAA3Y,3.161
2025-03-14,DJI,41488.191406
2025-03-14,DXY,103.720001
2025-03-14,EURKRW,1576.050049
2025-03-14,EURUSD,1.085564
2025-03-14,GBPUSD,1.29584
2025-03-14,GOLD_INTL,2994.5
2025-03-14,HSI,23959.980469
2025-03-14,IXIC,17754.089844
2025-03-14,JPYKRW100,981.332302
2025-03-14,KOSDAQ,734.26001
2025-03-14,KOSPI,2566.360107
2025-03-14,KTB10Y,2.813
2025-03-14,KTB3Y,2.597
2025-03-14,KTB5Y,2.639
2025-03-14,N225,37053.101563
2025-03-14,SOX,4598.790039
2025-03-14,SPX,5638.939941
2025-03-14,USDJPY,147.949005
2025-03-14,USDKRW,1453.22998
2025-03-14,WTI,67.18
2025-03-17,CALL,2.752
2025-03-17,CD91,2.84
2025-03-17,CNYKRW,200.225232
2025-03-17,CORPAA3Y,3.171
2025-03-17,DJI,41841.628906
2025-03-17,DXY,103.370003
2025-03-17,EURKRW,1577.709961
2025-03-17,EURUSD,1.088127
2025-03-17,GBPUSD,1.293059
2025-03-17,GOLD_INTL,3000
2025-03-17,HSI,24145.570313
2025-03-17,IXIC,17808.660156
2025-03-17,JPYKRW100,975.029564
2025-03-17,KOSDAQ,743.51001
2025-03-17,KOSPI,2610.689941
2025-03-17,KTB10Y,2.806
2025-03-17,KTB3Y,2.6
2025-03-17,KTB5Y,2.647
2025-03-17,N225,37396.519531
2025-03-17,SOX,4663.970215
2025-03-17,SPX,5675.120117
2025-03-17,USDJPY,148.598007
2025-03-17,USDKRW,1449.050049
2025-03-17,WTI,67.580002
2025-03-18,CALL,2.756
2025-03-18,CD91,2.84
2025-03-18,CNYKRW,199.440045
2025-03-18,CORPAA3Y,3.168
2025-03-18,DJI,41581.308594
2025-03-18,DXY,103.239998
2025-03-18,EURKRW,1575.23999
2025-03-18,EURUSD,1.091918
2025-03-18,GBPUSD,1.298533
2025-03-18,GOLD_INTL,3035.100098
2025-03-18,HSI,24740.570313
2025-03-18,IXIC,17504.119141
2025-03-18,JPYKRW100,965.010071
2025-03-18,KOSDAQ,745.539978
2025-03-18,KOSPI,2612.340088
2025-03-18,KTB10Y,2.788
2025-03-18,KTB3Y,2.597
2025-03-18,KTB5Y,2.644
2025-03-18,N225,37845.421875
2025-03-18,SOX,4589.029785
2025-03-18,SPX,5614.660156
2025-03-18,USDJPY,149.378998
2025-03-18,USDKRW,1442.48999
2025-03-18,WTI,66.900002
2025-03-19,CALL,2.748
2025-03-19,CD91,2.84
2025-03-19,CNYKRW,200.481495
2025-03-19,CORPAA3Y,3.184
2025-03-19,DJI,41964.628906
2025-03-19,DXY,103.43
2025-03-19,EURKRW,1585.060059
2025-03-19,EURUSD,1.093948
2025-03-19,GBPUSD,1.300052
2025-03-19,GOLD_INTL,3035.899902
2025-03-19,HSI,24771.140625
2025-03-19,IXIC,17750.789063
2025-03-19,JPYKRW100,968.991661
2025-03-19,KOSDAQ,738.349976
2025-03-19,KOSPI,2628.620117
2025-03-19,KTB10Y,2.8
2025-03-19,KTB3Y,2.622
2025-03-19,KTB5Y,2.675
2025-03-19,N225,37751.878906
2025-03-19,SOX,4634.529785
2025-03-19,SPX,5675.290039
2025-03-19,USDJPY,149.451996
2025-03-19,USDKRW,1448.939941
2025-03-19,WTI,67.160004
2025-03-20,CALL,2.766
2025-03-20,CD91,2.84
2025-03-20,CNYKRW,199.639006
2025-03-20,CORPAA3Y,3.168
2025-03-20,DJI,41953.320313
2025-03-20,DXY,103.849998
2025-03-20,EURKRW,1592.890015
2025-03-20,EURUSD,1.091191
2025-03-20,GBPUSD,1.301067
2025-03-20,GOLD_INTL,3040
2025-03-20,HSI,24219.949219
2025-03-20,IXIC,17691.630859
2025-03-20,JPYKRW100,980.920887
2025-03-20,KOSDAQ,725.150024
2025-03-20,KOSPI,2637.100098
2025-03-20,KTB10Y,2.83
2025-03-20,KTB3Y,2.598
2025-03-20,KTB5Y,2.656
2025-03-20,SOX,4601.370117
2025-03-20,SPX,5662.890137
2025-03-20,USDJPY,148.490005
2025-03-20,USDKRW,1443.390015
2025-03-20,WTI,68.260002
2025-03-21,CALL,2.761
2025-03-21,CD91,2.84
2025-03-21,CNYKRW,202.246216
2025-03-21,CORPAA3Y,3.165
2025-03-21,DJI,41985.351563
2025-03-21,DXY,104.089996
2025-03-21,EURKRW,1591.25
2025-03-21,EURUSD,1.08567
2025-03-21,GBPUSD,1.296798
2025-03-21,GOLD_INTL,3018.199951
2025-03-21,HSI,23689.720703
2025-03-21,IXIC,17784.050781
2025-03-21,JPYKRW100,985.80761
2025-03-21,KOSDAQ,719.409973
2025-03-21,KOSPI,2643.129883
2025-03-21,KTB10Y,2.803
2025-03-21,KTB3Y,2.599
2025-03-21,KTB5Y,2.663
2025-03-21,N225,37677.058594
2025-03-21,SOX,4557.950195
2025-03-21,SPX,5667.560059
2025-03-21,USDJPY,148.595993
2025-03-21,USDKRW,1465.819946
2025-03-21,WTI,68.279999
2025-03-24,CALL,2.752
2025-03-24,CD91,2.84
2025-03-24,CNYKRW,202.080438
2025-03-24,CORPAA3Y,3.171
2025-03-24,DJI,42583.320313
2025-03-24,DXY,104.260002
2025-03-24,EURKRW,1581.439941
2025-03-24,EURUSD,1.083576
2025-03-24,GBPUSD,1.292457
2025-03-24,GOLD_INTL,3013.100098
2025-03-24,HSI,23905.560547
2025-03-24,IXIC,18188.589844
2025-03-24,JPYKRW100,978.609085
2025-03-24,KOSDAQ,720.219971
2025-03-24,KOSPI,2632.070068
2025-03-24,KTB10Y,2.818
2025-03-24,KTB3Y,2.604
2025-03-24,KTB5Y,2.678
2025-03-24,N225,37608.488281
2025-03-24,SOX,4694.220215
2025-03-24,SPX,5767.569824
2025-03-24,USDJPY,149.677002
2025-03-24,USDKRW,1464.780029
2025-03-24,WTI,69.110001
2025-03-25,CALL,2.749
2025-03-25,CD91,2.85
2025-03-25,CNYKRW,202.160494
2025-03-25,CORPAA3Y,3.179
2025-03-25,DJI,42587.5
2025-03-25,DXY,104.18
2025-03-25,EURKRW,1583.089966
2025-03-25,EURUSD,1.080357
2025-03-25,GBPUSD,1.292424
2025-03-25,GOLD_INTL,3023.699951
2025-03-25,HSI,23344.25
2025-03-25,IXIC,18271.859375
2025-03-25,JPYKRW100,971.873856
2025-03-25,KOSDAQ,711.26001
2025-03-25,KOSPI,2615.810059
2025-03-25,KTB10Y,2.839
2025-03-25,KTB3Y,2.614
2025-03-25,KTB5Y,2.7
2025-03-25,N225,37780.539063
2025-03-25,SOX,4661.339844
2025-03-25,SPX,5776.649902
2025-03-25,USDJPY,150.774002
2025-03-25,USDKRW,1466.27002
2025-03-25,WTI,69
2025-03-26,CALL,2.733
2025-03-26,CD91,2.85
2025-03-26,CNYKRW,201.475837
2025-03-26,CORPAA3Y,3.187
2025-03-26,DJI,42454.789063
2025-03-26,DXY,104.550003
2025-03-26,EURKRW,1576.97998
2025-03-26,EURUSD,1.078749
2025-03-26,GBPUSD,1.294331
2025-03-26,GOLD_INTL,3020.899902
2025-03-26,HSI,23483.320313
2025-03-26,IXIC,17899.019531
2025-03-26,JPYKRW100,974.967194
2025-03-26,KOSDAQ,716.47998
2025-03-26,KOSPI,2643.939941
2025-03-26,KTB10Y,2.85
2025-03-26,KTB3Y,2.617
2025-03-26,KTB5Y,2.713
2025-03-26,N225,38027.289063
2025-03-26,SOX,4508.740234
2025-03-26,SPX,5712.200195
2025-03-26,USDJPY,149.949997
2025-03-26,USDKRW,1462.089966
2025-03-26,WTI,69.650002
2025-03-27,CALL,2.731
2025-03-27,CD91,2.85
2025-03-27,CNYKRW,201.97055
2025-03-27,CORPAA3Y,3.182
2025-03-27,DJI,42299.699219
2025-03-27,DXY,104.07
2025-03-27,EURKRW,1573.589966
2025-03-27,EURUSD,1.074206
2025-03-27,GBPUSD,1.287764
2025-03-27,GOLD_INTL,3060.199951
2025-03-27,HSI,23578.800781
2025-03-27,IXIC,17804.029297
2025-03-27,JPYKRW100,974.045277
2025-03-27,KOSDAQ,707.48999
2025-03-27,KOSPI,2607.149902
2025-03-27,KTB10Y,2.851
2025-03-27,KTB3Y,2.625
2025-03-27,KTB5Y,2.705
2025-03-27,N225,37799.96875
2025-03-27,SOX,4415.25
2025-03-27,SPX,5693.310059
2025-03-27,USDJPY,150.473007
2025-03-27,USDKRW,1465.680054
2025-03-27,WTI,69.919998
2025-03-28,CALL,2.732
2025-03-28,CD91,2.84
2025-03-28,CNYKRW,201.270776
2025-03-28,CORPAA3Y,3.184
2025-03-28,DJI,41583.898438
2025-03-28,DXY,104.040001
2025-03-28,EURKRW,1578.579956
2025-03-28,EURUSD,1.0801
2025-03-28,GBPUSD,1.295203
2025-03-28,GOLD_INTL,3086.5
2025-03-28,HSI,23426.599609
2025-03-28,IXIC,17322.990234
2025-03-28,JPYKRW100,969.063187
2025-03-28,KOSDAQ,693.76001
2025-03-28,KOSPI,2557.97998
2025-03-28,KTB10Y,2.843
2025-03-28,KTB3Y,2.634
2025-03-28,KTB5Y,2.706
2025-03-28,N225,37120.328125
2025-03-28,SOX,4284.910156
2025-03-28,SPX,5580.939941
2025-03-28,USDJPY,150.847
2025-03-28,USDKRW,1461.890015
2025-03-28,WTI,69.360001
2025-03-31,CALL,2.776
2025-03-31,CD91,2.84
2025-03-31,CNYKRW,202.320041
2025-03-31,CORPAA3Y,3.14
2025-03-31,DJI,42001.761719
2025-03-31,DXY,104.209999
2025-03-31,EURKRW,1591.099976
2025-03-31,EURUSD,1.082392
2025-03-31,GBPUSD,1.293828
2025-03-31,GOLD_INTL,3122.800049
2025-03-31,HSI,23119.580078
2025-03-31,IXIC,17299.289063
2025-03-31,JPYKRW100,982.078171
2025-03-31,KOSDAQ,672.849976
2025-03-31,KOSPI,2481.120117
2025-03-31,KTB10Y,2.772
2025-03-31,KTB3Y,2.577
2025-03-31,KTB5Y,2.666
2025-03-31,N225,35617.558594
2025-03-31,SOX,4270.430176
2025-03-31,SPX,5611.850098
2025-03-31,USDJPY,149.617004
2025-03-31,USDKRW,1469.410034
2025-03-31,WTI,71.480003
2025-04-01,CALL,2.741
2025-04-01,CD91,2.84
2025-04-01,CNYKRW,202.841506
2025-04-01,CORPAA3Y,3.153
2025-04-01,DJI,41989.960938
2025-04-01,DXY,104.260002
2025-04-01,EURKRW,1591.969971
2025-04-01,EURUSD,1.081888
2025-04-01,GBPUSD,1.29209
2025-04-01,GOLD_INTL,3118.899902
2025-04-01,HSI,23206.839844
2025-04-01,IXIC,17449.890625
2025-04-01,JPYKRW100,981.246376
2025-04-01,KOSDAQ,691.450012
2025-04-01,KOSPI,2521.389893
2025-04-01,KTB10Y,2.803
2025-04-01,KTB3Y,2.58
2025-04-01,KTB5Y,2.658
2025-04-01,N225,35624.480469
2025-04-01,SOX,4282.459961
2025-04-01,SPX,5633.069824
2025-04-01,USDJPY,149.912994
2025-04-01,USDKRW,1471.959961
2025-04-01,WTI,71.199997
2025-04-02,CALL,2.753
2025-04-02,CD91,2.82
2025-04-02,CNYKRW,202.205037
2025-04-02,CORPAA3Y,3.151
2025-04-02,DJI,42225.320313
2025-04-02,DXY,103.809998
2025-04-02,EURKRW,1586.599976
2025-04-02,EURUSD,1.079599
2025-04-02,GBPUSD,1.292307
2025-04-02,GOLD_INTL,3139.899902
2025-04-02,HSI,23202.529297
2025-04-02,IXIC,17601.050781
2025-04-02,JPYKRW100,981.439114
2025-04-02,KOSDAQ,684.849976
2025-04-02,KOSPI,2505.860107
2025-04-02,KTB10Y,2.774
2025-04-02,KTB3Y,2.584
2025-04-02,KTB5Y,2.653
2025-04-02,N225,35725.871094
2025-04-02,SOX,4320.75
2025-04-02,SPX,5670.970215
2025-04-02,USDJPY,149.783005
2025-04-02,USDKRW,1469.969971
2025-04-02,WTI,71.709999
2025-04-03,CALL,2.766
2025-04-03,CD91,2.81
2025-04-03,CNYKRW,201.725498
2025-04-03,CORPAA3Y,3.101
2025-04-03,DJI,40545.929688
2025-04-03,DXY,102.07
2025-04-03,EURKRW,1598.640015
2025-04-03,EURUSD,1.090869
2025-04-03,GBPUSD,1.304631
2025-04-03,GOLD_INTL,3097
2025-04-03,HSI,22849.810547
2025-04-03,IXIC,16550.609375
2025-04-03,JPYKRW100,991.347885
2025-04-03,KOSDAQ,683.48999
2025-04-03,KOSPI,2486.699951
2025-04-03,KTB10Y,2.749
2025-04-03,KTB3Y,2.523
2025-04-03,KTB5Y,2.602
2025-04-03,N225,34735.929688
2025-04-03,SOX,3893.689941
2025-04-03,SPX,5396.52002
2025-04-03,USDJPY,147.871994
2025-04-03,USDKRW,1466.040039
2025-04-03,WTI,66.949997
2025-04-04,CALL,2.764
2025-04-04,CD91,2.78
2025-04-04,CNYKRW,199.611981
2025-04-04,CORPAA3Y,3.035
2025-04-04,DJI,38314.859375
2025-04-04,DXY,103.019997
2025-04-04,EURKRW,1601.560059
2025-04-04,EURUSD,1.104374
2025-04-04,GBPUSD,1.308866
2025-04-04,GOLD_INTL,3012
2025-04-04,IXIC,15587.790039
2025-04-04,JPYKRW100,992.074013
2025-04-04,KOSDAQ,687.390015
2025-04-04,KOSPI,2465.419922
2025-04-04,KTB10Y,2.74
2025-04-04,KTB3Y,2.474
2025-04-04,KTB5Y,2.548
2025-04-04,N225,33780.578125
2025-04-04,SOX,3597.659912
2025-04-04,SPX,5074.080078
2025-04-04,USDJPY,146.231003
2025-04-04,USDKRW,1450.680054
2025-04-04,WTI,61.990002
2025-04-07,CALL,2.782
2025-04-07,CD91,2.76
2025-04-07,CNYKRW,200.310385
2025-04-07,CORPAA3Y,2.986
2025-04-07,DJI,37965.601563
2025-04-07,DXY,103.260002
2025-04-07,EURKRW,1597.420044
2025-04-07,EURUSD,1.098454
2025-04-07,GBPUSD,1.291072
2025-04-07,GOLD_INTL,2951.300049
2025-04-07,HSI,19828.300781
2025-04-07,IXIC,15603.259766
2025-04-07,JPYKRW100,1002.92244
2025-04-07,KOSDAQ,651.299988
2025-04-07,KOSPI,2328.199951
2025-04-07,KTB10Y,2.651
2025-04-07,KTB3Y,2.405
2025-04-07,KTB5Y,2.491
2025-04-07,N225,31136.580078
2025-04-07,SOX,3694.949951
2025-04-07,SPX,5062.25
2025-04-07,USDJPY,145.432999
2025-04-07,USDKRW,1458.52002
2025-04-07,WTI,60.700001
2025-04-08,CALL,2.717
2025-04-08,CD91,2.74
2025-04-08,CNYKRW,201.139818
2025-04-08,CORPAA3Y,2.995
2025-04-08,DJI,37645.589844
2025-04-08,DXY,102.959999
2025-04-08,EURKRW,1603.959961
2025-04-08,EURUSD,1.091536
2025-04-08,GBPUSD,1.273496
2025-04-08,GOLD_INTL,2968.399902
2025-04-08,HSI,20127.679688
2025-04-08,IXIC,15267.910156
2025-04-08,JPYKRW100,994.536591
2025-04-08,KOSDAQ,658.450012
2025-04-08,KOSPI,2334.22998
2025-04-08,KTB10Y,2.703
2025-04-08,KTB3Y,2.422
2025-04-08,KTB5Y,2.502
2025-04-08,N225,33012.578125
2025-04-08,SOX,3562.939941
2025-04-08,SPX,4982.77002
2025-04-08,USDJPY,147.789001
2025-04-08,USDKRW,1469.949951
2025-04-08,WTI,59.580002
2025-04-09,CALL,2.742
2025-04-09,CD91,2.74
2025-04-09,CNYKRW,202.503136
2025-04-09,CORPAA3Y,3.01
2025-04-09,DJI,40608.449219
2025-04-09,DXY,102.900002
2025-04-09,EURKRW,1631.329956
2025-04-09,EURUSD,1.098044
2025-04-09,GBPUSD,1.2791
2025-04-09,GOLD_INTL,3056.5
2025-04-09,HSI,20264.490234
2025-04-09,IXIC,17124.970703
2025-04-09,JPYKRW100,1019.286633
2025-04-09,KOSDAQ,643.390015
2025-04-09,KOSPI,2293.699951
2025-04-09,KTB10Y,2.728
2025-04-09,KTB3Y,2.433
2025-04-09,KTB5Y,2.54
2025-04-09,N225,31714.029297
2025-04-09,SOX,4230.450195
2025-04-09,SPX,5456.899902
2025-04-09,USDJPY,145.845001
2025-04-09,USDKRW,1486.130005
2025-04-09,WTI,62.349998
2025-04-10,CALL,2.791
2025-04-10,CD91,2.72
2025-04-10,CNYKRW,196.455778
2025-04-10,CORPAA3Y,3.017
2025-04-10,DJI,39593.660156
2025-04-10,DXY,100.870003
2025-04-10,EURKRW,1583.050049
2025-04-10,EURUSD,1.095206
2025-04-10,GBPUSD,1.282545
2025-04-10,GOLD_INTL,3155.199951
2025-04-10,HSI,20681.779297
2025-04-10,IXIC,16387.310547
2025-04-10,JPYKRW100,981.786156
2025-04-10,KOSDAQ,681.789978
2025-04-10,KOSPI,2445.060059
2025-04-10,KTB10Y,2.711
2025-04-10,KTB3Y,2.434
2025-04-10,KTB5Y,2.513
2025-04-10,N225,34609
2025-04-10,SOX,3893.300049
2025-04-10,SPX,5268.049805
2025-04-10,USDJPY,147.399002
2025-04-10,USDKRW,1443.949951
2025-04-10,WTI,60.07
2025-04-11,CALL,2.783
2025-04-11,CD91,2.72
2025-04-11,CNYKRW,198.528851
2025-04-11,CORPAA3Y,2.996
2025-04-11,DJI,40212.710938
2025-04-11,DXY,99.779999
2025-04-11,EURKRW,1634.359985
2025-04-11,EURUSD,1.125784
2025-04-11,GBPUSD,1.299207
2025-04-11,GOLD_INTL,3222.199951
2025-04-11,HSI,20914.689453
2025-04-11,IXIC,16724.460938
2025-04-11,JPYKRW100,1009.984779
2025-04-11,KOSDAQ,695.590027
2025-04-11,KOSPI,2432.719971
2025-04-11,KTB10Y,2.693
2025-04-11,KTB3Y,2.415
2025-04-11,KTB5Y,2.504
2025-04-11,N225,33585.578125
2025-04-11,SOX,3990.899902
2025-04-11,SPX,5363.359863
2025-04-11,USDJPY,143.746994
2025-04-11,USDKRW,1452.040039
2025-04-11,WTI,61.5
2025-04-14,CALL,2.775
2025-04-14,CD91,2.72
2025-04-14,CNYKRW,194.614351
2025-04-14,CORPAA3Y,2.998
2025-04-14,DJI,40524.789063
2025-04-14,DXY,99.639999
2025-04-14,EURKRW,1611.51001
2025-04-14,EURUSD,1.134314
2025-04-14,GBPUSD,1.308524
2025-04-14,GOLD_INTL,3204.800049
2025-04-14,HSI,21417.400391
2025-04-14,IXIC,16831.480469
2025-04-14,JPYKRW100,987.357521
2025-04-14,KOSDAQ,708.97998
2025-04-14,KOSPI,2455.889893
2025-04-14,KTB10Y,2.708
2025-04-14,KTB3Y,2.406
2025-04-14,KTB5Y,2.51
2025-04-14,N225,33982.359375
2025-04-14,SOX,4003.219971
2025-04-14,SPX,5405.970215
2025-04-14,USDJPY,143.695999
2025-04-14,USDKRW,1419.050049
2025-04-14,WTI,61.529999
2025-04-15,CALL,2.756
2025-04-15,CD91,2.72
2025-04-15,CNYKRW,194.124648
2025-04-15,CORPAA3Y,2.984
2025-04-15,DJI,40368.960938
2025-04-15,DXY,100.220001
2025-04-15,EURKRW,1608.869995
2025-04-15,EURUSD,1.133967
2025-04-15,GBPUSD,1.317454
2025-04-15,GOLD_INTL,3218.699951
2025-04-15,HSI,21466.269531
2025-04-15,IXIC,16823.169922
2025-04-15,JPYKRW100,990.831089
2025-04-15,KOSDAQ,711.919983
2025-04-15,KOSPI,2477.409912
2025-04-15,KTB10Y,2.662
2025-04-15,KTB3Y,2.408
2025-04-15,KTB5Y,2.499
2025-04-15,N225,34267.539063
2025-04-15,SOX,4021.889893
2025-04-15,SPX,5396.629883
2025-04-15,USDJPY,143.220993
2025-04-15,USDKRW,1419.420044
2025-04-15,WTI,61.330002
2025-04-16,CALL,2.752
2025-04-16,CD91,2.72
2025-04-16,CNYKRW,195.164047
2025-04-16,CORPAA3Y,2.941
2025-04-16,DJI,39669.390625
2025-04-16,DXY,99.379997
2025-04-16,EURKRW,1611.040039
2025-04-16,EURUSD,1.129267
2025-04-16,GBPUSD,1.323101
2025-04-16,GOLD_INTL,3326.600098
2025-04-16,HSI,21056.980469
2025-04-16,IXIC,16307.160156
2025-04-16,JPYKRW100,996.78688
2025-04-16,KOSDAQ,699.109985
2025-04-16,KOSPI,2447.429932
2025-04-16,KTB10Y,2.634
2025-04-16,KTB3Y,2.343
2025-04-16,KTB5Y,2.465
2025-04-16,N225,33920.398438
2025-04-16,SOX,3857.169922
2025-04-16,SPX,5275.700195
2025-04-16,USDJPY,143.181
2025-04-16,USDKRW,1427.02002
2025-04-16,WTI,62.470001
2025-04-17,CALL,2.782
2025-04-17,CD91,2.71
2025-04-17,CNYKRW,193.414838
2025-04-17,CORPAA3Y,2.968
2025-04-17,DJI,39142.230469
2025-04-17,DXY,99.379997
2025-04-17,EURKRW,1611.719971
2025-04-17,EURUSD,1.139679
2025-04-17,GBPUSD,1.323399
2025-04-17,GOLD_INTL,3308.699951
2025-04-17,HSI,21395.140625
2025-04-17,IXIC,16286.450195
2025-04-17,JPYKRW100,995.961761
2025-04-17,KOSDAQ,711.75
2025-04-17,KOSPI,2470.409912
2025-04-17,KTB10Y,2.629
2025-04-17,KTB3Y,2.384
2025-04-17,KTB5Y,2.481
2025-04-17,N225,34377.601563
2025-04-17,SOX,3832.469971
2025-04-17,SPX,5282.700195
2025-04-17,USDJPY,141.927994
2025-04-17,USDKRW,1414.22998
2025-04-17,WTI,64.68
2025-04-18,CALL,2.781
2025-04-18,CD91,2.71
2025-04-18,CORPAA3Y,2.942
2025-04-18,KOSDAQ,717.77002
2025-04-18,KOSPI,2483.419922
2025-04-18,KTB10Y,2.623
2025-04-18,KTB3Y,2.365
2025-04-18,KTB5Y,2.468
2025-04-18,N225,34730.28125
2025-04-21,CALL,2.777
2025-04-21,CD91,2.71
2025-04-21,CORPAA3Y,2.918
2025-04-21,DJI,38170.410156
2025-04-21,DXY,98.279999
2025-04-21,GOLD_INTL,3406.199951
2025-04-21,IXIC,15870.900391
2025-04-21,KOSDAQ,715.450012
2025-04-21,KOSPI,2488.419922
2025-04-21,KTB10Y,2.601
2025-04-21,KTB3Y,2.33
2025-04-21,KTB5Y,2.431
2025-04-21,N225,34279.921875
2025-04-21,SOX,3751.909912
2025-04-21,SPX,5158.200195
2025-04-21,WTI,63.080002
2025-04-22,CALL,2.776
2025-04-22,CD91,2.71
2025-04-22,CNYKRW,194.771894
2025-04-22,CORPAA3Y,2.923
2025-04-22,DJI,39186.980469
2025-04-22,DXY,98.919998
2025-04-22,EURKRW,1611.25
2025-04-22,EURUSD,1.151278
2025-04-22,GBPUSD,1.337972
2025-04-22,GOLD_INTL,3400.800049
2025-04-22,HSI,21562.320313
2025-04-22,IXIC,16300.419922
2025-04-22,JPYKRW100,1009.117699
2025-04-22,KOSDAQ,716.119995
2025-04-22,KOSPI,2486.639893
2025-04-22,KTB10Y,2.619
2025-04-22,KTB3Y,2.327
2025-04-22,KTB5Y,2.438
2025-04-22,N225,34220.601563
2025-04-22,SOX,3832.050049
2025-04-22,SPX,5287.759766
2025-04-22,USDJPY,140.876007
2025-04-22,USDKRW,1421.640015
2025-04-22,WTI,64.309998
2025-04-23,CALL,2.776
2025-04-23,CD91,2.74
2025-04-23,CNYKRW,195.467596
2025-04-23,CORPAA3Y,2.927
2025-04-23,DJI,39606.570313
2025-04-23,DXY,99.839996
2025-04-23,EURKRW,1621.890015
2025-04-23,EURUSD,1.135125
2025-04-23,GBPUSD,1.327316
2025-04-23,GOLD_INTL,3276.300049
2025-04-23,HSI,22072.619141
2025-04-23,IXIC,16708.050781
2025-04-23,JPYKRW100,1001.4925
2025-04-23,KOSDAQ,726.080017
2025-04-23,KOSPI,2525.560059
2025-04-23,KTB10Y,2.611
2025-04-23,KTB3Y,2.345
2025-04-23,KTB5Y,2.437
2025-04-23,N225,34868.628906
2025-04-23,SOX,3983.919922
2025-04-23,SPX,5375.859863
2025-04-23,USDJPY,142.688004
2025-04-23,USDKRW,1429.219971
2025-04-23,WTI,62.27
2025-04-24,CALL,2.786
2025-04-24,CD91,2.73
2025-04-24,CNYKRW,195.779577
2025-04-24,CORPAA3Y,2.93
2025-04-24,DJI,40093.398438
2025-04-24,DXY,99.290001
2025-04-24,EURKRW,1615.52002
2025-04-24,EURUSD,1.132734
2025-04-24,GBPUSD,1.326453
2025-04-24,GOLD_INTL,3332
2025-04-24,HSI,21909.759766
2025-04-24,IXIC,17166.039063
2025-04-24,JPYKRW100,996.186924
2025-04-24,KOSDAQ,726.080017
2025-04-24,KOSPI,2522.330078
2025-04-24,KTB10Y,2.624
2025-04-24,KTB3Y,2.344
2025-04-24,KTB5Y,2.44
2025-04-24,N225,35039.148438
2025-04-24,SOX,4208.189941
2025-04-24,SPX,5484.77002
2025-04-24,USDJPY,143.223007
2025-04-24,USDKRW,1426.449951
2025-04-24,WTI,62.790001
2025-04-25,CALL,2.782
2025-04-25,CD91,2.72
2025-04-25,CNYKRW,196.275062
2025-04-25,CORPAA3Y,2.901
2025-04-25,DJI,40113.5
2025-04-25,DXY,99.470001
2025-04-25,EURKRW,1625.75
2025-04-25,EURUSD,1.137191
2025-04-25,GBPUSD,1.332623
2025-04-25,GOLD_INTL,3282.399902
2025-04-25,HSI,21980.740234
2025-04-25,IXIC,17382.939453
2025-04-25,JPYKRW100,1000.846767
2025-04-25,KOSDAQ,729.690002
2025-04-25,KOSPI,2546.300049
2025-04-25,KTB10Y,2.582
2025-04-25,KTB3Y,2.314
2025-04-25,KTB5Y,2.404
2025-04-25,N225,35705.738281
2025-04-25,SOX,4251.609863
2025-04-25,SPX,5525.209961
2025-04-25,USDJPY,142.878998
2025-04-25,USDKRW,1430.060059
2025-04-25,WTI,63.02
2025-04-28,CALL,2.752
2025-04-28,CD91,2.71
2025-04-28,CNYKRW,197.266142
2025-04-28,CORPAA3Y,2.909
2025-04-28,DJI,40227.589844
2025-04-28,DXY,99.010002
2025-04-28,EURKRW,1633.880005
2025-04-28,EURUSD,1.134314
2025-04-28,GBPUSD,1.32901
2025-04-28,GOLD_INTL,3332.5
2025-04-28,HSI,21971.960938
2025-04-28,IXIC,17366.130859
2025-04-28,JPYKRW100,999.22142
2025-04-28,KOSDAQ,719.409973
2025-04-28,KOSPI,2548.860107
2025-04-28,KTB10Y,2.588
2025-04-28,KTB3Y,2.317
2025-04-28,KTB5Y,2.415
2025-04-28,N225,35839.988281
2025-04-28,SOX,4235.620117
2025-04-28,SPX,5528.75
2025-04-28,USDJPY,143.841003
2025-04-28,USDKRW,1437.359985
2025-04-28,WTI,62.049999
2025-04-29,CALL,2.767
2025-04-29,CD91,2.71
2025-04-29,CNYKRW,196.857688
2025-04-29,CORPAA3Y,2.903
2025-04-29,DJI,40527.621094
2025-04-29,DXY,99.239998
2025-04-29,EURKRW,1637.130005
2025-04-29,EURUSD,1.140914
2025-04-29,GBPUSD,1.343616
2025-04-29,GOLD_INTL,3318.800049
2025-04-29,HSI,22008.109375
2025-04-29,IXIC,17461.320313
2025-04-29,JPYKRW100,1009.817696
2025-04-29,KOSDAQ,726.460022
2025-04-29,KOSPI,2565.419922
2025-04-29,KTB10Y,2.611
2025-04-29,KTB3Y,2.322
2025-04-29,KTB5Y,2.419
2025-04-29,SOX,4196.75
2025-04-29,SPX,5560.830078
2025-04-29,USDJPY,142.177994
2025-04-29,USDKRW,1435.880005
2025-04-29,WTI,60.419998
2025-04-30,CALL,2.783
2025-04-30,CD91,2.71
2025-04-30,CNYKRW,196.885407
2025-04-30,CORPAA3Y,2.868
2025-04-30,DJI,40669.359375
2025-04-30,DXY,99.470001
2025-04-30,EURKRW,1629.599976
2025-04-30,EURUSD,1.138926
2025-04-30,GBPUSD,1.341079
2025-04-30,GOLD_INTL,3305
2025-04-30,HSI,22119.410156
2025-04-30,IXIC,17446.339844
2025-04-30,JPYKRW100,1005.748463
2025-04-30,KOSDAQ,717.23999
2025-04-30,KOSPI,2556.610107
2025-04-30,KTB10Y,2.592
2025-04-30,KTB3Y,2.274
2025-04-30,KTB5Y,2.375
2025-04-30,N225,36045.378906
2025-04-30,SOX,4230.089844
2025-04-30,SPX,5569.060059
2025-04-30,USDJPY,142.298996
2025-04-30,USDKRW,1431.160034
2025-04-30,WTI,58.209999
2025-05-01,CNYKRW,195.822907
2025-05-01,DJI,40752.960938
2025-05-01,DXY,100.25
2025-05-01,EURKRW,1611.849976
2025-05-01,EURUSD,1.13249
2025-05-01,GBPUSD,1.332392
2025-05-01,GOLD_INTL,3210
2025-05-01,IXIC,17710.740234
2025-05-01,JPYKRW100,995.44487
2025-05-01,N225,36452.300781
2025-05-01,SOX,4247.660156
2025-05-01,SPX,5604.140137
2025-05-01,USDJPY,143.009003
2025-05-01,USDKRW,1423.75
2025-05-01,WTI,59.240002
2025-05-02,CALL,2.75
2025-05-02,CD91,2.71
2025-05-02,CNYKRW,197.383986
2025-05-02,CORPAA3Y,2.872
2025-05-02,DJI,41317.429688
2025-05-02,DXY,100
2025-05-02,EURKRW,1612.410034
2025-05-02,EURUSD,1.12965
2025-05-02,GBPUSD,1.328639
2025-05-02,GOLD_INTL,3231.899902
2025-05-02,HSI,22504.679688
2025-05-02,IXIC,17977.730469
2025-05-02,JPYKRW100,986.689186
2025-05-02,KOSDAQ,721.859985
2025-05-02,KOSPI,2559.790039
2025-05-02,KTB10Y,2.593
2025-05-02,KTB3Y,2.285
2025-05-02,KTB5Y,2.394
2025-05-02,N225,36830.691406
2025-05-02,SOX,4397.049805
2025-05-02,SPX,5686.669922
2025-05-02,USDJPY,145.447998
2025-05-02,USDKRW,1435.099976
2025-05-02,WTI,58.290001
2025-05-05,CNYKRW,192.405036
2025-05-05,DJI,41218.828125
2025-05-05,DXY,99.830002
2025-05-05,EURKRW,1580.02002
2025-05-05,EURUSD,1.132323
2025-05-05,GBPUSD,1.327193
2025-05-05,GOLD_INTL,3311.300049
2025-05-05,IXIC,17844.240234
2025-05-05,JPYKRW100,967.066193
2025-05-05,SOX,4356.180176
2025-05-05,SPX,5650.379883
2025-05-05,USDJPY,144.623993
2025-05-05,USDKRW,1398.900024
2025-05-05,WTI,57.130001
2025-05-06,CNYKRW,189.046767
2025-05-06,DJI,40829
2025-05-06,DXY,99.239998
2025-05-06,EURKRW,1554.48999
2025-05-06,EURUSD,1.131337
2025-05-06,GBPUSD,1.329257
2025-05-06,GOLD_INTL,3411.399902
2025-05-06,HSI,22662.710938
2025-05-06,IXIC,17689.660156
2025-05-06,JPYKRW100,956.748962
2025-05-06,SOX,4311.200195
2025-05-06,SPX,5606.910156
2025-05-06,USDJPY,143.654007
2025-05-06,USDKRW,1374.369995
2025-05-06,WTI,59.09
2025-05-07,CALL,2.733
2025-05-07,CD91,2.71
2025-05-07,CNYKRW,190.508989
2025-05-07,CORPAA3Y,2.846
2025-05-07,DJI,41113.96875
2025-05-07,DXY,99.610001
2025-05-07,EURKRW,1558.810059
2025-05-07,EURUSD,1.134276
2025-05-07,GBPUSD,1.335595
2025-05-07,GOLD_INTL,3381.399902
2025-05-07,HSI,22691.880859
2025-05-07,IXIC,17738.160156
2025-05-07,JPYKRW100,961.317444
2025-05-07,KOSDAQ,722.809998
2025-05-07,KOSPI,2573.800049
2025-05-07,KTB10Y,2.603
2025-05-07,KTB3Y,2.263
2025-05-07,KTB5Y,2.377
2025-05-07,N225,36779.660156
2025-05-07,SOX,4386.359863
2025-05-07,SPX,5631.279785
2025-05-07,USDJPY,143.035004
2025-05-07,USDKRW,1374.77002
2025-05-07,WTI,58.07
2025-05-08,CALL,2.758
2025-05-08,CD91,2.7
2025-05-08,CNYKRW,193.391187
2025-05-08,CORPAA3Y,2.867
2025-05-08,DJI,41368.449219
2025-05-08,DXY,100.639999
2025-05-08,EURKRW,1579.140015
2025-05-08,EURUSD,1.130621
2025-05-08,GBPUSD,1.329416
2025-05-08,GOLD_INTL,3296.600098
2025-05-08,HSI,22775.919922
2025-05-08,IXIC,17928.140625
2025-05-08,JPYKRW100,970.54224
2025-05-08,KOSDAQ,729.590027
2025-05-08,KOSPI,2579.47998
2025-05-08,KTB10Y,2.626
2025-05-08,KTB3Y,2.279
2025-05-08,KTB5Y,2.394
2025-05-08,N225,36928.628906
2025-05-08,SOX,4430.439941
2025-05-08,SPX,5663.939941
2025-05-08,USDJPY,143.848007
2025-05-08,USDKRW,1397.290039
2025-05-08,WTI,59.91
2025-05-09,CALL,2.772
2025-05-09,CD91,2.68
2025-05-09,CNYKRW,194.299112
2025-05-09,CORPAA3Y,2.91
2025-05-09,DJI,41249.378906
2025-05-09,DXY,100.339996
2025-05-09,EURKRW,1576.280029
2025-05-09,EURUSD,1.122423
2025-05-09,GBPUSD,1.323539
2025-05-09,GOLD_INTL,3335.399902
2025-05-09,HSI,22867.740234
2025-05-09,IXIC,17928.919922
2025-05-09,JPYKRW100,961.244774
2025-05-09,KOSDAQ,722.52002
2025-05-09,KOSPI,2577.27002
2025-05-09,KTB10Y,2.67
2025-05-09,KTB3Y,2.335
2025-05-09,KTB5Y,2.429
2025-05-09,N225,37503.328125
2025-05-09,SOX,4466.5
2025-05-09,SPX,5659.910156
2025-05-09,USDJPY,146.014999
2025-05-09,USDKRW,1403.849976
2025-05-09,WTI,61.02
2025-05-12,CALL,2.784
2025-05-12,CD91,2.66
2025-05-12,CNYKRW,192.801576
2025-05-12,CORPAA3Y,2.91
2025-05-12,DJI,42410.101563
2025-05-12,DXY,101.790001
2025-05-12,EURKRW,1568.939941
2025-05-12,EURUSD,1.122965
2025-05-12,GBPUSD,1.328904
2025-05-12,GOLD_INTL,3220
2025-05-12,HSI,23549.460938
2025-05-12,IXIC,18708.339844
2025-05-12,JPYKRW100,956.890297
2025-05-12,KOSDAQ,725.400024
2025-05-12,KOSPI,2607.330078
2025-05-12,KTB10Y,2.685
2025-05-12,KTB3Y,2.339
2025-05-12,KTB5Y,2.473
2025-05-12,N225,37644.261719
2025-05-12,SOX,4780.930176
2025-05-12,SPX,5844.189941
2025-05-12,USDJPY,145.811996
2025-05-12,USDKRW,1395.170044
2025-05-12,WTI,61.950001
2025-05-13,CALL,2.787
2025-05-13,CD91,2.68
2025-05-13,CNYKRW,196.621686
2025-05-13,CORPAA3Y,2.939
2025-05-13,DJI,42140.429688
2025-05-13,DXY,101
2025-05-13,EURKRW,1570.680054
2025-05-13,EURUSD,1.109558
2025-05-13,GBPUSD,1.317783
2025-05-13,GOLD_INTL,3240.300049
2025-05-13,HSI,23108.269531
2025-05-13,IXIC,19010.089844
2025-05-13,JPYKRW100,954.719162
2025-05-13,KOSDAQ,731.880005
2025-05-13,KOSPI,2608.419922
2025-05-13,KTB10Y,2.716
2025-05-13,KTB3Y,2.378
2025-05-13,KTB5Y,2.496
2025-05-13,N225,38183.261719
2025-05-13,SOX,4931.350098
2025-05-13,SPX,5886.549805
2025-05-13,USDJPY,148.309998
2025-05-13,USDKRW,1416.030029
2025-05-13,WTI,63.669998
2025-05-14,CALL,2.779
2025-05-14,CD91,2.67
2025-05-14,CNYKRW,196.511098
2025-05-14,CORPAA3Y,2.924
2025-05-14,DJI,42051.058594
2025-05-14,DXY,101.040001
2025-05-14,EURKRW,1583.48999
2025-05-14,EURUSD,1.118556
2025-05-14,GBPUSD,1.330442
2025-05-14,GOLD_INTL,3181.399902
2025-05-14,HSI,23640.650391
2025-05-14,IXIC,19146.810547
2025-05-14,JPYKRW100,959.844112
2025-05-14,KOSDAQ,739.049988
2025-05-14,KOSPI,2640.570068
2025-05-14,KTB10Y,2.717
2025-05-14,KTB3Y,2.365
2025-05-14,KTB5Y,2.482
2025-05-14,N225,38128.128906
2025-05-14,SOX,4960.72998
2025-05-14,SPX,5892.580078
2025-05-14,USDJPY,147.528
2025-05-14,USDKRW,1416
2025-05-14,WTI,63.150002
2025-05-15,CALL,2.76
2025-05-15,CD91,2.69
2025-05-15,CNYKRW,195.307877
2025-05-15,CORPAA3Y,2.931
2025-05-15,DJI,42322.75
2025-05-15,DXY,100.879997
2025-05-15,EURKRW,1573.130005
2025-05-15,EURUSD,1.118193
2025-05-15,GBPUSD,1.326348
2025-05-15,GOLD_INTL,3220.699951
2025-05-15,HSI,23453.160156
2025-05-15,IXIC,19112.320313
2025-05-15,JPYKRW100,959.812641
2025-05-15,KOSDAQ,733.22998
2025-05-15,KOSPI,2621.360107
2025-05-15,KTB10Y,2.73
2025-05-15,KTB3Y,2.361
2025-05-15,KTB5Y,2.497
2025-05-15,N225,37755.511719
2025-05-15,SOX,4932.450195
2025-05-15,SPX,5916.930176
2025-05-15,USDJPY,146.649994
2025-05-15,USDKRW,1407.329956
2025-05-15,WTI,61.619999
2025-05-16,CALL,2.769
2025-05-16,CD91,2.7
2025-05-16,CNYKRW,193.855548
2025-05-16,CORPAA3Y,2.896
2025-05-16,DJI,42654.738281
2025-05-16,DXY,101.089996
2025-05-16,EURKRW,1563.23999
2025-05-16,EURUSD,1.119269
2025-05-16,GBPUSD,1.33069
2025-05-16,GOLD_INTL,3182
2025-05-16,HSI,23345.050781
2025-05-16,IXIC,19211.099609
2025-05-16,JPYKRW100,959.623623
2025-05-16,KOSDAQ,725.070007
2025-05-16,KOSPI,2626.870117
2025-05-16,KTB10Y,2.69
2025-05-16,KTB3Y,2.313
2025-05-16,KTB5Y,2.44
2025-05-16,N225,37753.71875
2025-05-16,SOX,4922.189941
2025-05-16,SPX,5958.379883
2025-05-16,USDJPY,145.613007
2025-05-16,USDKRW,1397.02002
2025-05-16,WTI,62.490002
2025-05-19,CALL,2.749
2025-05-19,CD91,2.71
2025-05-19,CNYKRW,193.942292
2025-05-19,CORPAA3Y,2.935
2025-05-19,DJI,42792.070313
2025-05-19,DXY,100.43
2025-05-19,EURKRW,1559.48999
2025-05-19,EURUSD,1.118756
2025-05-19,GBPUSD,1.33055
2025-05-19,GOLD_INTL,3228.899902
2025-05-19,HSI,23332.720703
2025-05-19,IXIC,19215.460938
2025-05-19,JPYKRW100,962.06131
2025-05-19,KOSDAQ,713.75
2025-05-19,KOSPI,2603.419922
2025-05-19,KTB10Y,2.749
2025-05-19,KTB3Y,2.376
2025-05-19,KTB5Y,2.501
2025-05-19,N225,37498.628906
2025-05-19,SOX,4897.709961
2025-05-19,SPX,5963.600098
2025-05-19,USDJPY,145.298004
2025-05-19,USDKRW,1398.130005
2025-05-19,WTI,62.689999
2025-05-20,CALL,2.749
2025-05-20,CD91,2.68
2025-05-20,CNYKRW,192.613404
2025-05-20,CORPAA3Y,2.907
2025-05-20,DJI,42677.238281
2025-05-20,DXY,100.120003
2025-05-20,EURKRW,1560.089966
2025-05-20,EURUSD,1.123343
2025-05-20,GBPUSD,1.336005
2025-05-20,GOLD_INTL,3280.300049
2025-05-20,HSI,23681.480469
2025-05-20,IXIC,19142.710938
2025-05-20,JPYKRW100,957.726669
2025-05-20,KOSDAQ,715.549988
2025-05-20,KOSPI,2601.800049
2025-05-20,KTB10Y,2.722
2025-05-20,KTB3Y,2.33
2025-05-20,KTB5Y,2.467
2025-05-20,N225,37529.488281
2025-05-20,SOX,4890.779785
2025-05-20,SPX,5940.459961
2025-05-20,USDJPY,144.975006
2025-05-20,USDKRW,1388.550049
2025-05-20,WTI,62.560001
2025-05-21,CALL,2.759
2025-05-21,CD91,2.67
2025-05-21,CNYKRW,192.914923
2025-05-21,CORPAA3Y,2.921
2025-05-21,DJI,41860.441406
2025-05-21,DXY,99.559998
2025-05-21,EURKRW,1570.969971
2025-05-21,EURUSD,1.128796
2025-05-21,GBPUSD,1.339782
2025-05-21,GOLD_INTL,3309.300049
2025-05-21,HSI,23827.779297
2025-05-21,IXIC,18872.640625
2025-05-21,JPYKRW100,964.881992
2025-05-21,KOSDAQ,723.619995
2025-05-21,KOSPI,2625.580078
2025-05-21,KTB10Y,2.764
2025-05-21,KTB3Y,2.345
2025-05-21,KTB5Y,2.497
2025-05-21,N225,37298.980469
2025-05-21,SOX,4802.709961
2025-05-21,SPX,5844.609863
2025-05-21,USDJPY,144.328003
2025-05-21,USDKRW,1392.72998
2025-05-21,WTI,61.57
2025-05-22,CALL,2.751
2025-05-22,CD91,2.67
2025-05-22,CNYKRW,190.763546
2025-05-22,CORPAA3Y,2.917
2025-05-22,DJI,41859.089844
2025-05-22,DXY,99.959999
2025-05-22,EURKRW,1553.650024
2025-05-22,EURUSD,1.133119
2025-05-22,GBPUSD,1.341904
2025-05-22,GOLD_INTL,3292.300049
2025-05-22,HSI,23544.310547
2025-05-22,IXIC,18925.740234
2025-05-22,JPYKRW100,955.609035
2025-05-22,KOSDAQ,717.669983
2025-05-22,KOSPI,2593.669922
2025-05-22,KTB10Y,2.744
2025-05-22,KTB3Y,2.336
2025-05-22,KTB5Y,2.481
2025-05-22,N225,36985.871094
2025-05-22,SOX,4775.470215
2025-05-22,SPX,5842.009766
2025-05-22,USDJPY,143.755005
2025-05-22,USDKRW,1373.859985
2025-05-22,WTI,61.200001
2025-05-23,CALL,2.772
2025-05-23,CD91,2.67
2025-05-23,CNYKRW,191.754231
2025-05-23,CORPAA3Y,2.921
2025-05-23,DJI,41603.070313
2025-05-23,DXY,99.110001
2025-05-23,EURKRW,1558.689941
2025-05-23,EURUSD,1.128184
2025-05-23,GBPUSD,1.341922
2025-05-23,GOLD_INTL,3363.600098
2025-05-23,HSI,23601.259766
2025-05-23,IXIC,18737.210938
2025-05-23,JPYKRW100,960.320854
2025-05-23,KOSDAQ,715.97998
2025-05-23,KOSPI,2592.090088
2025-05-23,KTB10Y,2.755
2025-05-23,KTB3Y,2.342
2025-05-23,KTB5Y,2.515
2025-05-23,N225,37160.46875
2025-05-23,SOX,4702.379883
2025-05-23,SPX,5802.819824
2025-05-23,USDJPY,143.858002
2025-05-23,USDKRW,1381.339966
2025-05-23,WTI,61.529999
2025-05-26,CALL,2.77
2025-05-26,CD91,2.67
2025-05-26,CNYKRW,189.448473
2025-05-26,CORPAA3Y,2.926
2025-05-26,DXY,98.93
2025-05-26,EURKRW,1550.640015
2025-05-26,EURUSD,1.137281
2025-05-26,GBPUSD,1.353583
2025-05-26,HSI,23282.330078
2025-05-26,JPYKRW100,955.295181
2025-05-26,KOSDAQ,725.27002
2025-05-26,KOSPI,2644.399902
2025-05-26,KTB10Y,2.772
2025-05-26,KTB3Y,2.346
2025-05-26,KTB5Y,2.505
2025-05-26,N225,37531.53125
2025-05-26,USDJPY,142.867004
2025-05-26,USDKRW,1364.72998
2025-05-27,CALL,2.751
2025-05-27,CD91,2.66
2025-05-27,CNYKRW,189.916288
2025-05-27,CORPAA3Y,2.913
2025-05-27,DJI,42343.648438
2025-05-27,DXY,99.519997
2025-05-27,EURKRW,1557.959961
2025-05-27,EURUSD,1.138848
2025-05-27,GBPUSD,1.356521
2025-05-27,GOLD_INTL,3299.100098
2025-05-27,HSI,23381.990234
2025-05-27,IXIC,19199.160156
2025-05-27,JPYKRW100,959.101009
2025-05-27,KOSDAQ,727.109985
2025-05-27,KOSPI,2637.219971
2025-05-27,KTB10Y,2.723
2025-05-27,KTB3Y,2.341
2025-05-27,KTB5Y,2.475
2025-05-27,N225,37724.109375
2025-05-27,SOX,4861.089844
2025-05-27,SPX,5921.540039
2025-05-27,USDJPY,142.654999
2025-05-27,USDKRW,1368.099976
2025-05-27,WTI,60.889999
2025-05-28,CALL,2.736
2025-05-28,CD91,2.63
2025-05-28,CNYKRW,190.846376
2025-05-28,CORPAA3Y,2.893
2025-05-28,DJI,42098.699219
2025-05-28,DXY,99.879997
2025-05-28,EURKRW,1558.119995
2025-05-28,EURUSD,1.13371
2025-05-28,GBPUSD,1.351333
2025-05-28,GOLD_INTL,3293.600098
2025-05-28,HSI,23258.310547
2025-05-28,IXIC,19100.939453
2025-05-28,JPYKRW100,953.483963
2025-05-28,KOSDAQ,728.789978
2025-05-28,KOSPI,2670.149902
2025-05-28,KTB10Y,2.717
2025-05-28,KTB3Y,2.309
2025-05-28,KTB5Y,2.458
2025-05-28,N225,37722.398438
2025-05-28,SOX,4834.419922
2025-05-28,SPX,5888.549805
2025-05-28,USDJPY,144.177002
2025-05-28,USDKRW,1374.800049
2025-05-28,WTI,61.84
2025-05-29,CALL,2.548
2025-05-29,CD91,2.6
2025-05-29,CNYKRW,190.679784
2025-05-29,CORPAA3Y,2.914
2025-05-29,DJI,42215.730469
2025-05-29,DXY,99.279999
2025-05-29,EURKRW,1542.75
2025-05-29,EURUSD,1.123368
2025-05-29,GBPUSD,1.343147
2025-05-29,GOLD_INTL,3317.100098
2025-05-29,HSI,23573.380859
2025-05-29,IXIC,19175.869141
2025-05-29,JPYKRW100,942.568302
2025-05-29,KOSDAQ,736.289978
2025-05-29,KOSPI,2720.639893
2025-05-29,KTB10Y,2.713
2025-05-29,KTB3Y,2.34
2025-05-29,KTB5Y,2.496
2025-05-29,N225,38432.980469
2025-05-29,SOX,4860.47998
2025-05-29,SPX,5912.169922
2025-05-29,USDJPY,145.697006
2025-05-29,USDKRW,1373.599976
2025-05-29,WTI,60.939999
2025-05-30,CALL,2.582
2025-05-30,CD91,2.59
2025-05-30,CNYKRW,190.236965
2025-05-30,CORPAA3Y,2.917
2025-05-30,DJI,42270.070313
2025-05-30,DXY,99.330002
2025-05-30,EURKRW,1558.219971
2025-05-30,EURUSD,1.137838
2025-05-30,GBPUSD,1.349899
2025-05-30,GOLD_INTL,3288.899902
2025-05-30,HSI,23289.769531
2025-05-30,IXIC,19113.769531
2025-05-30,JPYKRW100,952.937603
2025-05-30,KOSDAQ,734.349976
2025-05-30,KOSPI,2697.669922
2025-05-30,KTB10Y,2.791
2025-05-30,KTB3Y,2.358
2025-05-30,KTB5Y,2.532
2025-05-30,N225,37965.101563
2025-05-30,SOX,4758.060059
2025-05-30,SPX,5911.689941
2025-05-30,USDJPY,143.779007
2025-05-30,USDKRW,1370.410034
2025-05-30,WTI,60.790001
2025-06-02,CALL,2.538
2025-06-02,CD91,2.59
2025-06-02,CNYKRW,191.844466
2025-06-02,CORPAA3Y,2.916
2025-06-02,DJI,42305.480469
2025-06-02,DXY,98.699997
2025-06-02,EURKRW,1561.040039
2025-06-02,EURUSD,1.135332
2025-06-02,GBPUSD,1.346729
2025-06-02,GOLD_INTL,3370.600098
2025-06-02,HSI,23157.970703
2025-06-02,IXIC,19242.609375
2025-06-02,JPYKRW100,960.829639
2025-06-02,KOSDAQ,740.289978
2025-06-02,KOSPI,2698.969971
2025-06-02,KTB10Y,2.801
2025-06-02,KTB3Y,2.348
2025-06-02,KTB5Y,2.502
2025-06-02,N225,37470.671875
2025-06-02,SOX,4832.790039
2025-06-02,SPX,5935.939941
2025-06-02,USDJPY,143.815002
2025-06-02,USDKRW,1381.98999
2025-06-02,WTI,62.52
2025-06-03,CNYKRW,191.02266
2025-06-03,DJI,42519.640625
2025-06-03,DXY,99.25
2025-06-03,EURKRW,1575.329956
2025-06-03,EURUSD,1.145344
2025-06-03,GBPUSD,1.355675
2025-06-03,GOLD_INTL,3350.199951
2025-06-03,HSI,23512.490234
2025-06-03,IXIC,19398.960938
2025-06-03,JPYKRW100,965.944481
2025-06-03,N225,37446.808594
2025-06-03,SOX,4964.410156
2025-06-03,SPX,5970.370117
2025-06-03,USDJPY,142.451996
2025-06-03,USDKRW,1376.069946
2025-06-03,WTI,63.41
2025-06-04,CALL,2.517
2025-06-04,CD91,2.58
2025-06-04,CNYKRW,191.251712
2025-06-04,CORPAA3Y,2.982
2025-06-04,DJI,42427.738281
2025-06-04,DXY,98.790001
2025-06-04,EURKRW,1566.949951
2025-06-04,EURUSD,1.138446
2025-06-04,GBPUSD,1.353143
2025-06-04,GOLD_INTL,3373.5
2025-06-04,HSI,23654.029297
2025-06-04,IXIC,19460.490234
2025-06-04,JPYKRW100,957.727718
2025-06-04,KOSDAQ,750.210022
2025-06-04,KOSPI,2770.840088
2025-06-04,KTB10Y,2.896
2025-06-04,KTB3Y,2.414
2025-06-04,KTB5Y,2.602
2025-06-04,N225,37747.449219
2025-06-04,SOX,5033.350098
2025-06-04,SPX,5970.810059
2025-06-04,USDJPY,143.837006
2025-06-04,USDKRW,1377.719971
2025-06-04,WTI,62.849998
2025-06-05,CALL,2.494
2025-06-05,CD91,2.58
2025-06-05,CNYKRW,188.943176
2025-06-05,CORPAA3Y,2.973
2025-06-05,DJI,42319.738281
2025-06-05,DXY,98.739998
2025-06-05,EURKRW,1555.079956
2025-06-05,EURUSD,1.142204
2025-06-05,GBPUSD,1.355216
2025-06-05,GOLD_INTL,3350.699951
2025-06-05,HSI,23906.970703
2025-06-05,IXIC,19298.449219
2025-06-05,JPYKRW100,953.604984
2025-06-05,KOSDAQ,756.22998
2025-06-05,KOSPI,2812.050049
2025-06-05,KTB10Y,2.893
2025-06-05,KTB3Y,2.413
2025-06-05,KTB5Y,2.603
2025-06-05,N225,37554.488281
2025-06-05,SOX,5010.919922
2025-06-05,SPX,5939.299805
2025-06-05,USDJPY,142.731995
2025-06-05,USDKRW,1361.089966
2025-06-05,WTI,63.369999
2025-06-06,CNYKRW,188.787458
2025-06-06,DJI,42762.871094
2025-06-06,DXY,99.190002
2025-06-06,EURKRW,1550.76001
2025-06-06,EURUSD,1.145383
2025-06-06,GBPUSD,1.357958
2025-06-06,GOLD_INTL,3322.699951
2025-06-06,HSI,23792.539063
2025-06-06,IXIC,19529.949219
2025-06-06,JPYKRW100,943.661118
2025-06-06,N225,37741.609375
2025-06-06,SOX,5038.060059
2025-06-06,SPX,6000.359863
2025-06-06,USDJPY,143.542007
2025-06-06,USDKRW,1354.550049
2025-06-06,WTI,64.580002
2025-06-09,CALL,2.523
2025-06-09,CD91,2.57
2025-06-09,CNYKRW,189.075749
2025-06-09,CORPAA3Y,2.96
2025-06-09,DJI,42761.761719
2025-06-09,DXY,98.940002
2025-06-09,EURKRW,1543.689941
2025-06-09,EURUSD,1.140784
2025-06-09,GBPUSD,1.353821
2025-06-09,GOLD_INTL,3332.100098
2025-06-09,HSI,24181.429688
2025-06-09,IXIC,19591.240234
2025-06-09,JPYKRW100,939.325619
2025-06-09,KOSDAQ,764.210022
2025-06-09,KOSPI,2855.77002
2025-06-09,KTB10Y,2.868
2025-06-09,KTB3Y,2.406
2025-06-09,KTB5Y,2.564
2025-06-09,N225,38088.570313
2025-06-09,SOX,5136.660156
2025-06-09,SPX,6005.879883
2025-06-09,USDJPY,144.690994
2025-06-09,USDKRW,1359.189941
2025-06-09,WTI,65.290001
2025-06-10,CALL,2.458
2025-06-10,CD91,2.56
2025-06-10,CNYKRW,188.553238
2025-06-10,CORPAA3Y,2.955
2025-06-10,DJI,42866.871094
2025-06-10,DXY,99.050003
2025-06-10,EURKRW,1543.47998
2025-06-10,EURUSD,1.142805
2025-06-10,GBPUSD,1.355675
2025-06-10,GOLD_INTL,3320.899902
2025-06-10,HSI,24162.869141
2025-06-10,IXIC,19714.990234
2025-06-10,JPYKRW100,936.589909
2025-06-10,KOSDAQ,771.200012
2025-06-10,KOSPI,2871.850098
2025-06-10,KTB10Y,2.831
2025-06-10,KTB3Y,2.386
2025-06-10,KTB5Y,2.563
2025-06-10,N225,38211.511719
2025-06-10,SOX,5242.5
2025-06-10,SPX,6038.810059
2025-06-10,USDJPY,144.539993
2025-06-10,USDKRW,1353.849976
2025-06-10,WTI,64.980003
2025-06-11,CALL,2.484
2025-06-11,CD91,2.57
2025-06-11,CNYKRW,189.950139
2025-06-11,CORPAA3Y,2.974
2025-06-11,DJI,42865.769531
2025-06-11,DXY,98.629997
2025-06-11,EURKRW,1557.699951
2025-06-11,EURUSD,1.143746
2025-06-11,GBPUSD,1.350822
2025-06-11,GOLD_INTL,3321.300049
2025-06-11,HSI,24366.939453
2025-06-11,IXIC,19615.880859
2025-06-11,JPYKRW100,941.358757
2025-06-11,KOSDAQ,786.289978
2025-06-11,KOSPI,2907.040039
2025-06-11,KTB10Y,2.833
2025-06-11,KTB3Y,2.424
2025-06-11,KTB5Y,2.552
2025-06-11,N225,38421.191406
2025-06-11,SOX,5232.529785
2025-06-11,SPX,6022.240234
2025-06-11,USDJPY,144.837997
2025-06-11,USDKRW,1363.880005
2025-06-11,WTI,68.150002
2025-06-12,CALL,2.517
2025-06-12,CD91,2.56
2025-06-12,CNYKRW,189.869026
2025-06-12,CORPAA3Y,2.972
2025-06-12,DJI,42967.621094
2025-06-12,DXY,97.919998
2025-06-12,EURKRW,1573.98999
2025-06-12,EURUSD,1.150933
2025-06-12,GBPUSD,1.356742
2025-06-12,GOLD_INTL,3380.899902
2025-06-12,HSI,24035.380859
2025-06-12,IXIC,19662.490234
2025-06-12,JPYKRW100,947.100067
2025-06-12,KOSDAQ,789.450012
2025-06-12,KOSPI,2920.030029
2025-06-12,KTB10Y,2.832
2025-06-12,KTB3Y,2.434
2025-06-12,KTB5Y,2.589
2025-06-12,N225,38173.089844
2025-06-12,SOX,5249.149902
2025-06-12,SPX,6045.259766
2025-06-12,USDJPY,144.203003
2025-06-12,USDKRW,1365.689941
2025-06-12,WTI,68.040001
2025-06-13,CALL,2.543
2025-06-13,CD91,2.56
2025-06-13,CNYKRW,187.658496
2025-06-13,CORPAA3Y,2.997
2025-06-13,DJI,42197.789063
2025-06-13,DXY,98.18
2025-06-13,EURKRW,1575.880005
2025-06-13,EURUSD,1.160025
2025-06-13,GBPUSD,1.362769
2025-06-13,GOLD_INTL,3431.199951
2025-06-13,HSI,23892.560547
2025-06-13,IXIC,19406.830078
2025-06-13,JPYKRW100,942.570972
2025-06-13,KOSDAQ,768.859985
2025-06-13,KOSPI,2894.620117
2025-06-13,KTB10Y,2.82
2025-06-13,KTB3Y,2.456
2025-06-13,KTB5Y,2.597
2025-06-13,N225,37834.25
2025-06-13,SOX,5112.240234
2025-06-13,SPX,5976.970215
2025-06-13,USDJPY,143.194
2025-06-13,USDKRW,1349.790039
2025-06-13,WTI,72.980003
2025-06-16,CALL,2.543
2025-06-16,CD91,2.56
2025-06-16,CNYKRW,190.104438
2025-06-16,CORPAA3Y,3.016
2025-06-16,DJI,42515.089844
2025-06-16,DXY,98
2025-06-16,EURKRW,1577.23999
2025-06-16,EURUSD,1.155668
2025-06-16,GBPUSD,1.355701
2025-06-16,GOLD_INTL,3396.399902
2025-06-16,HSI,24060.990234
2025-06-16,IXIC,19701.210938
2025-06-16,JPYKRW100,947.319126
2025-06-16,KOSDAQ,777.26001
2025-06-16,KOSPI,2946.659912
2025-06-16,KTB10Y,2.876
2025-06-16,KTB3Y,2.488
2025-06-16,KTB5Y,2.641
2025-06-16,N225,38311.328125
2025-06-16,SOX,5267.299805
2025-06-16,SPX,6033.109863
2025-06-16,USDJPY,144.091003
2025-06-16,USDKRW,1365.140015
2025-06-16,WTI,71.769997
2025-06-17,CALL,2.528
2025-06-17,CD91,2.56
2025-06-17,CNYKRW,189.132198
2025-06-17,CORPAA3Y,2.986
2025-06-17,DJI,42215.800781
2025-06-17,DXY,98.82
2025-06-17,EURKRW,1563.189941
2025-06-17,EURUSD,1.155135
2025-06-17,GBPUSD,1.356558
2025-06-17,GOLD_INTL,3386.600098
2025-06-17,HSI,23980.300781
2025-06-17,IXIC,19521.089844
2025-06-17,JPYKRW100,938.140392
2025-06-17,KOSDAQ,775.650024
2025-06-17,KOSPI,2950.300049
2025-06-17,KTB10Y,2.858
2025-06-17,KTB3Y,2.449
2025-06-17,KTB5Y,2.612
2025-06-17,N225,38536.738281
2025-06-17,SOX,5223.649902
2025-06-17,SPX,5982.720215
2025-06-17,USDJPY,144.729004
2025-06-17,USDKRW,1357.780029
2025-06-17,WTI,74.839996
2025-06-18,CALL,2.533
2025-06-18,CD91,2.56
2025-06-18,CNYKRW,192.149761
2025-06-18,CORPAA3Y,3
2025-06-18,DJI,42171.660156
2025-06-18,DXY,98.910004
2025-06-18,EURKRW,1581.359985
2025-06-18,EURUSD,1.148264
2025-06-18,GBPUSD,1.343003
2025-06-18,GOLD_INTL,3389.800049
2025-06-18,HSI,23710.689453
2025-06-18,IXIC,19546.269531
2025-06-18,JPYKRW100,949.590206
2025-06-18,KOSDAQ,779.72998
2025-06-18,KOSPI,2972.189941
2025-06-18,KTB10Y,2.876
2025-06-18,KTB3Y,2.469
2025-06-18,KTB5Y,2.636
2025-06-18,N225,38885.148438
2025-06-18,SOX,5251.02002
2025-06-18,SPX,5980.870117
2025-06-18,USDJPY,145.376007
2025-06-18,USDKRW,1380.5
2025-06-18,WTI,75.139999
2025-06-19,CALL,2.529
2025-06-19,CD91,2.56
2025-06-19,CNYKRW,190.678559
2025-06-19,CORPAA3Y,3.005
2025-06-19,EURKRW,1576.530029
2025-06-19,EURUSD,1.14775
2025-06-19,GBPUSD,1.341652
2025-06-19,HSI,23237.740234
2025-06-19,JPYKRW100,945.693779
2025-06-19,KOSDAQ,782.51001
2025-06-19,KOSPI,2977.73999
2025-06-19,KTB10Y,2.885
2025-06-19,KTB3Y,2.474
2025-06-19,KTB5Y,2.64
2025-06-19,N225,38488.339844
2025-06-19,USDJPY,144.955002
2025-06-19,USDKRW,1370.75
2025-06-20,CALL,2.545
2025-06-20,CD91,2.56
2025-06-20,CNYKRW,191.275734
2025-06-20,CORPAA3Y,2.996
2025-06-20,DJI,42206.820313
2025-06-20,DXY,98.709999
2025-06-20,EURKRW,1583.449951
2025-06-20,EURUSD,1.151278
2025-06-20,GBPUSD,1.347673
2025-06-20,GOLD_INTL,3368.100098
2025-06-20,HSI,23530.480469
2025-06-20,IXIC,19447.410156
2025-06-20,JPYKRW100,943.628311
2025-06-20,KOSDAQ,791.530029
2025-06-20,KOSPI,3021.840088
2025-06-20,KTB10Y,2.864
2025-06-20,KTB3Y,2.471
2025-06-20,KTB5Y,2.669
2025-06-20,N225,38403.230469
2025-06-20,SOX,5211.47998
2025-06-20,SPX,5967.839844
2025-06-20,USDJPY,145.218002
2025-06-20,USDKRW,1374.890015
2025-06-20,WTI,74.93
2025-06-23,CALL,2.53
2025-06-23,CD91,2.57
2025-06-23,CNYKRW,190.521693
2025-06-23,CORPAA3Y,3.019
2025-06-23,DJI,42581.78125
2025-06-23,DXY,98.419998
2025-06-23,EURKRW,1579.530029
2025-06-23,EURUSD,1.150086
2025-06-23,GBPUSD,1.343598
2025-06-23,GOLD_INTL,3377.699951
2025-06-23,HSI,23689.130859
2025-06-23,IXIC,19630.970703
2025-06-23,JPYKRW100,936.53059
2025-06-23,KOSDAQ,784.789978
2025-06-23,KOSPI,3014.469971
2025-06-23,KTB10Y,2.881
2025-06-23,KTB3Y,2.496
2025-06-23,KTB5Y,2.654
2025-06-23,N225,38354.089844
2025-06-23,SOX,5244.299805
2025-06-23,SPX,6025.169922
2025-06-23,USDJPY,146.223999
2025-06-23,USDKRW,1369.469971
2025-06-23,WTI,68.510002
2025-06-24,CALL,2.528
2025-06-24,CD91,2.57
2025-06-24,CNYKRW,189.711653
2025-06-24,CORPAA3Y,2.983
2025-06-24,DJI,43089.019531
2025-06-24,DXY,97.860001
2025-06-24,EURKRW,1588.790039
2025-06-24,EURUSD,1.159904
2025-06-24,GBPUSD,1.354536
2025-06-24,GOLD_INTL,3317.399902
2025-06-24,HSI,24177.070313
2025-06-24,IXIC,19912.529297
2025-06-24,JPYKRW100,934.191799
2025-06-24,KOSDAQ,800.929993
2025-06-24,KOSPI,3103.639893
2025-06-24,KTB10Y,2.83
2025-06-24,KTB3Y,2.456
2025-06-24,KTB5Y,2.617
2025-06-24,N225,38790.558594
2025-06-24,SOX,5441.870117
2025-06-24,SPX,6092.180176
2025-06-24,USDJPY,145.927994
2025-06-24,USDKRW,1361.939941
2025-06-24,WTI,64.370003
2025-06-25,CALL,2.522
2025-06-25,CD91,2.57
2025-06-25,CNYKRW,188.777494
2025-06-25,CORPAA3Y,2.981
2025-06-25,DJI,42982.429688
2025-06-25,DXY,97.68
2025-06-25,EURKRW,1573.810059
2025-06-25,EURUSD,1.161224
2025-06-25,GBPUSD,1.361489
2025-06-25,GOLD_INTL,3327.100098
2025-06-25,HSI,24474.669922
2025-06-25,IXIC,19973.550781
2025-06-25,JPYKRW100,933.808804
2025-06-25,KOSDAQ,798.210022
2025-06-25,KOSPI,3108.25
2025-06-25,KTB10Y,2.803
2025-06-25,KTB3Y,2.458
2025-06-25,KTB5Y,2.592
2025-06-25,N225,38942.070313
2025-06-25,SOX,5493.299805
2025-06-25,SPX,6092.160156
2025-06-25,USDJPY,144.957001
2025-06-25,USDKRW,1353.780029
2025-06-25,WTI,64.919998
2025-06-26,CALL,2.494
2025-06-26,CD91,2.57
2025-06-26,CNYKRW,189.096203
2025-06-26,CORPAA3Y,2.969
2025-06-26,DJI,43386.839844
2025-06-26,DXY,97.150002
2025-06-26,EURKRW,1584.699951
2025-06-26,EURUSD,1.168374
2025-06-26,GBPUSD,1.369188
2025-06-26,GOLD_INTL,3333.5
2025-06-26,HSI,24325.400391
2025-06-26,IXIC,20167.910156
2025-06-26,JPYKRW100,936.51886
2025-06-26,KOSDAQ,787.950012
2025-06-26,KOSPI,3079.560059
2025-06-26,KTB10Y,2.801
2025-06-26,KTB3Y,2.457
2025-06-26,KTB5Y,2.601
2025-06-26,N225,39584.578125
2025-06-26,SOX,5541.459961
2025-06-26,SPX,6141.02002
2025-06-26,USDJPY,144.904007
2025-06-26,USDKRW,1357.030029
2025-06-26,WTI,65.239998
2025-06-27,CALL,2.466
2025-06-27,CD91,2.57
2025-06-27,CNYKRW,188.735264
2025-06-27,CORPAA3Y,2.967
2025-06-27,DJI,43819.269531
2025-06-27,DXY,97.400002
2025-06-27,EURKRW,1583
2025-06-27,EURUSD,1.169221
2025-06-27,GBPUSD,1.372476
2025-06-27,GOLD_INTL,3273.699951
2025-06-27,HSI,24284.150391
2025-06-27,IXIC,20273.460938
2025-06-27,JPYKRW100,934.678364
2025-06-27,KOSDAQ,781.559998
2025-06-27,KOSPI,3055.939941
2025-06-27,KTB10Y,2.789
2025-06-27,KTB3Y,2.443
2025-06-27,KTB5Y,2.568
2025-06-27,N225,40150.789063
2025-06-27,SOX,5544.990234
2025-06-27,SPX,6173.069824
2025-06-27,USDJPY,144.694
2025-06-27,USDKRW,1352.76001
2025-06-27,WTI,65.519997
2025-06-30,CALL,2.566
2025-06-30,CD91,2.56
2025-06-30,CNYKRW,190.124225
2025-06-30,CORPAA3Y,2.963
2025-06-30,DJI,44094.769531
2025-06-30,DXY,96.879997
2025-06-30,EURKRW,1563.290039
2025-06-30,EURUSD,1.172745
2025-06-30,GBPUSD,1.371968
2025-06-30,GOLD_INTL,3294.399902
2025-06-30,HSI,24072.279297
2025-06-30,IXIC,20369.730469
2025-06-30,JPYKRW100,943.429089
2025-06-30,KOSDAQ,781.5
2025-06-30,KOSPI,3071.699951
2025-06-30,KTB10Y,2.797
2025-06-30,KTB3Y,2.458
2025-06-30,KTB5Y,2.591
2025-06-30,N225,40487.390625
2025-06-30,SOX,5546.540039
2025-06-30,SPX,6204.950195
2025-06-30,USDJPY,144.516998
2025-06-30,USDKRW,1363.589966
2025-06-30,WTI,65.110001
2025-07-01,CALL,2.499
2025-07-01,CD91,2.54
2025-07-01,CNYKRW,188.243342
2025-07-01,CORPAA3Y,2.959
2025-07-01,DJI,44494.941406
2025-07-01,DXY,96.82
2025-07-01,EURKRW,1591.819946
2025-07-01,EURUSD,1.178717
2025-07-01,GBPUSD,1.373061
2025-07-01,GOLD_INTL,3336.699951
2025-07-01,IXIC,20202.890625
2025-07-01,JPYKRW100,937.728214
2025-07-01,KOSDAQ,783.669983
2025-07-01,KOSPI,3089.649902
2025-07-01,KTB10Y,2.787
2025-07-01,KTB3Y,2.455
2025-07-01,KTB5Y,2.581
2025-07-01,N225,39986.328125
2025-07-01,SOX,5507.5
2025-07-01,SPX,6198.009766
2025-07-01,USDJPY,143.800003
2025-07-01,USDKRW,1348.5
2025-07-01,WTI,65.449997
2025-07-02,CALL,2.484
2025-07-02,CD91,2.51
2025-07-02,CNYKRW,189.209285
2025-07-02,CORPAA3Y,2.981
2025-07-02,DJI,44484.421875
2025-07-02,DXY,96.779999
2025-07-02,EURKRW,1595.050049
2025-07-02,EURUSD,1.180554
2025-07-02,GBPUSD,1.374722
2025-07-02,GOLD_INTL,3348
2025-07-02,HSI,24221.410156
2025-07-02,IXIC,20393.130859
2025-07-02,JPYKRW100,945.29438
2025-07-02,KOSDAQ,782.169983
2025-07-02,KOSPI,3075.060059
2025-07-02,KTB10Y,2.834
2025-07-02,KTB3Y,2.487
2025-07-02,KTB5Y,2.619
2025-07-02,N225,39762.480469
2025-07-02,SOX,5611.049805
2025-07-02,SPX,6227.419922
2025-07-02,USDJPY,143.401993
2025-07-02,USDKRW,1355.589966
2025-07-02,WTI,67.449997
2025-07-03,CALL,2.496
2025-07-03,CD91,2.51
2025-07-03,CNYKRW,189.081499
2025-07-03,CORPAA3Y,2.952
2025-07-03,DJI,44828.53125
2025-07-03,DXY,97.18
2025-07-03,EURKRW,1594.329956
2025-07-03,EURUSD,1.180025
2025-07-03,GBPUSD,1.365001
2025-07-03,GOLD_INTL,3331.600098
2025-07-03,HSI,24069.939453
2025-07-03,IXIC,20601.099609
2025-07-03,JPYKRW100,943.908882
2025-07-03,KOSDAQ,793.330017
2025-07-03,KOSPI,3116.27002
2025-07-03,KTB10Y,2.828
2025-07-03,KTB3Y,2.451
2025-07-03,KTB5Y,2.599
2025-07-03,N225,39785.898438
2025-07-03,SOX,5647.120117
2025-07-03,SPX,6279.350098
2025-07-03,USDJPY,143.526001
2025-07-03,USDKRW,1354.75
2025-07-03,WTI,67
2025-07-04,CALL,2.496
2025-07-04,CD91,2.51
2025-07-04,CNYKRW,189.409484
2025-07-04,CORPAA3Y,2.965
2025-07-04,EURKRW,1597.689941
2025-07-04,EURUSD,1.177149
2025-07-04,GBPUSD,1.36683
2025-07-04,GOLD_INTL,3332.5
2025-07-04,HSI,23916.060547
2025-07-04,JPYKRW100,937.877941
2025-07-04,KOSDAQ,775.799988
2025-07-04,KOSPI,3054.280029
2025-07-04,KTB10Y,2.827
2025-07-04,KTB3Y,2.472
2025-07-04,KTB5Y,2.618
2025-07-04,N225,39810.878906
2025-07-04,USDJPY,144.682007
2025-07-04,USDKRW,1357.099976
2025-07-04,WTI,66.5
2025-07-07,CALL,2.5
2025-07-07,CD91,2.51
2025-07-07,CNYKRW,190.121284
2025-07-07,CORPAA3Y,2.973
2025-07-07,DJI,44406.359375
2025-07-07,DXY,97.480003
2025-07-07,EURKRW,1603.76001
2025-07-07,EURUSD,1.178078
2025-07-07,GBPUSD,1.36515
2025-07-07,GOLD_INTL,3332.199951
2025-07-07,HSI,23887.830078
2025-07-07,IXIC,20412.519531
2025-07-07,JPYKRW100,942.702198
2025-07-07,KOSDAQ,778.460022
2025-07-07,KOSPI,3059.469971
2025-07-07,KTB10Y,2.84
2025-07-07,KTB3Y,2.483
2025-07-07,KTB5Y,2.638
2025-07-07,N225,39587.679688
2025-07-07,SOX,5541.200195
2025-07-07,SPX,6229.97998
2025-07-07,USDJPY,144.498001
2025-07-07,USDKRW,1362.199951
2025-07-07,WTI,67.93
2025-07-08,CALL,2.408
2025-07-08,CD91,2.5
2025-07-08,CNYKRW,191.603485
2025-07-08,CORPAA3Y,2.968
2025-07-08,DJI,44240.761719
2025-07-08,DXY,97.510002
2025-07-08,EURKRW,1612.73999
2025-07-08,EURUSD,1.173654
2025-07-08,GBPUSD,1.362361
2025-07-08,GOLD_INTL,3307
2025-07-08,HSI,24148.070313
2025-07-08,IXIC,20418.460938
2025-07-08,JPYKRW100,942.095566
2025-07-08,KOSDAQ,784.23999
2025-07-08,KOSPI,3114.949951
2025-07-08,KTB10Y,2.847
2025-07-08,KTB3Y,2.477
2025-07-08,KTB5Y,2.637
2025-07-08,N225,39688.808594
2025-07-08,SOX,5641.220215
2025-07-08,SPX,6225.52002
2025-07-08,USDJPY,145.891998
2025-07-08,USDKRW,1374.640015
2025-07-08,WTI,68.330002
2025-07-09,CALL,2.447
2025-07-09,CD91,2.51
2025-07-09,CNYKRW,191.014532
2025-07-09,CORPAA3Y,2.967
2025-07-09,DJI,44458.300781
2025-07-09,DXY,97.470001
2025-07-09,EURKRW,1606.640015
2025-07-09,EURUSD,1.172457
2025-07-09,GBPUSD,1.35853
2025-07-09,GOLD_INTL,3311.600098
2025-07-09,HSI,23892.320313
2025-07-09,IXIC,20611.339844
2025-07-09,JPYKRW100,932.429028
2025-07-09,KOSDAQ,790.359985
2025-07-09,KOSPI,3133.73999
2025-07-09,KTB10Y,2.861
2025-07-09,KTB3Y,2.477
2025-07-09,KTB5Y,2.633
2025-07-09,N225,39821.28125
2025-07-09,SOX,5665.990234
2025-07-09,SPX,6263.259766
2025-07-09,USDJPY,146.848999
2025-07-09,USDKRW,1370.300049
2025-07-09,WTI,68.379997
2025-07-10,CALL,2.529
2025-07-10,CD91,2.52
2025-07-10,CNYKRW,191.225631
2025-07-10,CORPAA3Y,2.928
2025-07-10,DJI,44650.640625
2025-07-10,DXY,97.650002
2025-07-10,EURKRW,1609.410034
2025-07-10,EURUSD,1.173117
2025-07-10,GBPUSD,1.359305
2025-07-10,GOLD_INTL,3317.399902
2025-07-10,HSI,24028.369141
2025-07-10,IXIC,20630.660156
2025-07-10,JPYKRW100,939.63871
2025-07-10,KOSDAQ,797.700012
2025-07-10,KOSPI,3183.22998
2025-07-10,KTB10Y,2.822
2025-07-10,KTB3Y,2.428
2025-07-10,KTB5Y,2.606
2025-07-10,N225,39646.359375
2025-07-10,SOX,5708.279785
2025-07-10,SPX,6280.459961
2025-07-10,USDJPY,146.113998
2025-07-10,USDKRW,1373
2025-07-10,WTI,66.57
2025-07-11,CALL,2.509
2025-07-11,CD91,2.52
2025-07-11,CNYKRW,191.314048
2025-07-11,CORPAA3Y,2.938
2025-07-11,DJI,44371.511719
2025-07-11,DXY,97.849998
2025-07-11,EURKRW,1606.290039
2025-07-11,EURUSD,1.170275
2025-07-11,GBPUSD,1.357958
2025-07-11,GOLD_INTL,3356
2025-07-11,HSI,24139.570313
2025-07-11,IXIC,20585.529297
2025-07-11,JPYKRW100,938.268566
2025-07-11,KOSDAQ,800.469971
2025-07-11,KOSPI,3175.77002
2025-07-11,KTB10Y,2.83
2025-07-11,KTB3Y,2.447
2025-07-11,KTB5Y,2.605
2025-07-11,N225,39569.679688
2025-07-11,SOX,5696.290039
2025-07-11,SPX,6259.75
2025-07-11,USDJPY,146.287994
2025-07-11,USDKRW,1372.640015
2025-07-11,WTI,68.449997
2025-07-14,CALL,2.51
2025-07-14,CD91,2.51
2025-07-14,CNYKRW,192.264347
2025-07-14,CORPAA3Y,2.959
2025-07-14,DJI,44459.648438
2025-07-14,DXY,98.080002
2025-07-14,EURKRW,1611.5
2025-07-14,EURUSD,1.168211
2025-07-14,GBPUSD,1.349382
2025-07-14,GOLD_INTL,3351.5
2025-07-14,HSI,24203.320313
2025-07-14,IXIC,20640.330078
2025-07-14,JPYKRW100,935.64024
2025-07-14,KOSDAQ,799.369995
2025-07-14,KOSPI,3202.030029
2025-07-14,KTB10Y,2.887
2025-07-14,KTB3Y,2.473
2025-07-14,KTB5Y,2.653
2025-07-14,N225,39459.621094
2025-07-14,SOX,5646.720215
2025-07-14,SPX,6268.560059
2025-07-14,USDJPY,147.294998
2025-07-14,USDKRW,1378.170044
2025-07-14,WTI,66.980003
2025-07-15,CALL,2.478
2025-07-15,CD91,2.51
2025-07-15,CNYKRW,192.829642
2025-07-15,CORPAA3Y,2.953
2025-07-15,DJI,44023.289063
2025-07-15,DXY,98.620003
2025-07-15,EURKRW,1611.98999
2025-07-15,EURUSD,1.16663
2025-07-15,GBPUSD,1.342805
2025-07-15,GOLD_INTL,3329.800049
2025-07-15,HSI,24590.119141
2025-07-15,IXIC,20677.800781
2025-07-15,JPYKRW100,935.082626
2025-07-15,KOSDAQ,812.880005
2025-07-15,KOSPI,3215.280029
2025-07-15,KTB10Y,2.875
2025-07-15,KTB3Y,2.463
2025-07-15,KTB5Y,2.643
2025-07-15,N225,39678.019531
2025-07-15,SOX,5718.609863
2025-07-15,SPX,6243.759766
2025-07-15,USDJPY,147.792007
2025-07-15,USDKRW,1382.01001
2025-07-15,WTI,66.519997
2025-07-16,CALL,2.502
2025-07-16,CD91,2.51
2025-07-16,CNYKRW,193.29001
2025-07-16,CORPAA3Y,2.95
2025-07-16,DJI,44254.78125
2025-07-16,DXY,98.389999
2025-07-16,EURKRW,1608.550049
2025-07-16,EURUSD,1.160739
2025-07-16,GBPUSD,1.339334
2025-07-16,GOLD_INTL,3352.5
2025-07-16,HSI,24517.759766
2025-07-16,IXIC,20730.490234
2025-07-16,JPYKRW100,932.111073
2025-07-16,KOSDAQ,812.22998
2025-07-16,KOSPI,3186.379883
2025-07-16,KTB10Y,2.879
2025-07-16,KTB3Y,2.46
2025-07-16,KTB5Y,2.662
2025-07-16,N225,39663.398438
2025-07-16,SOX,5696.209961
2025-07-16,SPX,6263.700195
2025-07-16,USDJPY,148.761002
2025-07-16,USDKRW,1386.449951
2025-07-16,WTI,66.379997
2025-07-17,CALL,2.5
2025-07-17,CD91,2.51
2025-07-17,CNYKRW,192.9261
2025-07-17,CORPAA3Y,2.968
2025-07-17,DJI,44484.488281
2025-07-17,DXY,98.730003
2025-07-17,EURKRW,1610.880005
2025-07-17,EURUSD,1.163575
2025-07-17,GBPUSD,1.34111
2025-07-17,GOLD_INTL,3340.100098
2025-07-17,HSI,24498.949219
2025-07-17,IXIC,20885.650391
2025-07-17,JPYKRW100,935.560799
2025-07-17,KOSDAQ,818.27002
2025-07-17,KOSPI,3192.290039
2025-07-17,KTB10Y,2.904
2025-07-17,KTB3Y,2.48
2025-07-17,KTB5Y,2.662
2025-07-17,N225,39901.191406
2025-07-17,SOX,5737.640137
2025-07-17,SPX,6297.359863
2025-07-17,USDJPY,148.003006
2025-07-17,USDKRW,1384.920044
2025-07-17,WTI,67.540001
2025-07-18,CALL,2.51
2025-07-18,CD91,2.52
2025-07-18,CNYKRW,193.727027
2025-07-18,CORPAA3Y,2.961
2025-07-18,DJI,44342.191406
2025-07-18,DXY,98.480003
2025-07-18,EURKRW,1616.420044
2025-07-18,EURUSD,1.161548
2025-07-18,GBPUSD,1.343256
2025-07-18,GOLD_INTL,3353
2025-07-18,HSI,24825.660156
2025-07-18,IXIC,20895.650391
2025-07-18,JPYKRW100,937.463379
2025-07-18,KOSDAQ,820.669983
2025-07-18,KOSPI,3188.070068
2025-07-18,KTB10Y,2.893
2025-07-18,KTB3Y,2.479
2025-07-18,KTB5Y,2.648
2025-07-18,N225,39819.109375
2025-07-18,SOX,5732.620117
2025-07-18,SPX,6296.790039
2025-07-18,USDJPY,148.442001
2025-07-18,USDKRW,1391.579956
2025-07-18,WTI,67.339996
2025-07-21,CALL,2.491
2025-07-21,CD91,2.51
2025-07-21,CNYKRW,193.734753
2025-07-21,CORPAA3Y,2.948
2025-07-21,DJI,44323.070313
2025-07-21,DXY,97.849998
2025-07-21,EURKRW,1615.77002
2025-07-21,EURUSD,1.163075
2025-07-21,GBPUSD,1.341598
2025-07-21,GOLD_INTL,3401.899902
2025-07-21,HSI,24994.140625
2025-07-21,IXIC,20974.179688
2025-07-21,JPYKRW100,936.820793
2025-07-21,KOSDAQ,821.690002
2025-07-21,KOSPI,3210.810059
2025-07-21,KTB10Y,2.872
2025-07-21,KTB3Y,2.452
2025-07-21,KTB5Y,2.63
2025-07-21,SOX,5739.419922
2025-07-21,SPX,6305.600098
2025-07-21,USDJPY,148.431
2025-07-21,USDKRW,1390.569946
2025-07-21,WTI,67.199997
2025-07-22,CALL,2.504
2025-07-22,CD91,2.52
2025-07-22,CNYKRW,192.574728
2025-07-22,CORPAA3Y,2.952
2025-07-22,DJI,44502.441406
2025-07-22,DXY,97.389999
2025-07-22,EURKRW,1615.589966
2025-07-22,EURUSD,1.169454
2025-07-22,GBPUSD,1.348945
2025-07-22,GOLD_INTL,3439.199951
2025-07-22,HSI,25130.029297
2025-07-22,IXIC,20892.689453
2025-07-22,JPYKRW100,937.386417
2025-07-22,KOSDAQ,812.969971
2025-07-22,KOSPI,3169.939941
2025-07-22,KTB10Y,2.841
2025-07-22,KTB3Y,2.462
2025-07-22,KTB5Y,2.621
2025-07-22,N225,39774.921875
2025-07-22,SOX,5638.709961
2025-07-22,SPX,6309.620117
2025-07-22,USDJPY,147.408997
2025-07-22,USDKRW,1381.819946
2025-07-22,WTI,66.209999
2025-07-23,CALL,2.502
2025-07-23,CD91,2.51
2025-07-23,CNYKRW,192.322595
2025-07-23,CORPAA3Y,2.95
2025-07-23,DJI,45010.289063
2025-07-23,DXY,97.209999
2025-07-23,EURKRW,1620.390015
2025-07-23,EURUSD,1.173916
2025-07-23,GBPUSD,1.352155
2025-07-23,GOLD_INTL,3394.100098
2025-07-23,HSI,25538.070313
2025-07-23,IXIC,21020.019531
2025-07-23,JPYKRW100,939.153099
2025-07-23,KOSDAQ,813.559998
2025-07-23,KOSPI,3183.77002
2025-07-23,KTB10Y,2.83
2025-07-23,KTB3Y,2.453
2025-07-23,KTB5Y,2.615
2025-07-23,N225,41171.320313
2025-07-23,SOX,5637.790039
2025-07-23,SPX,6358.910156
2025-07-23,USDJPY,146.785004
2025-07-23,USDKRW,1379.780029
2025-07-23,WTI,65.25
2025-07-24,CALL,2.508
2025-07-24,CD91,2.51
2025-07-24,CNYKRW,191.873727
2025-07-24,CORPAA3Y,2.96
2025-07-24,DJI,44693.910156
2025-07-24,DXY,97.379997
2025-07-24,EURKRW,1617.300049
2025-07-24,EURUSD,1.177426
2025-07-24,GBPUSD,1.357958
2025-07-24,GOLD_INTL,3371
2025-07-24,HSI,25667.179688
2025-07-24,IXIC,21057.960938
2025-07-24,JPYKRW100,938.493633
2025-07-24,KOSDAQ,809.890015
2025-07-24,KOSPI,3190.449951
2025-07-24,KTB10Y,2.83
2025-07-24,KTB3Y,2.468
2025-07-24,KTB5Y,2.628
2025-07-24,N225,41826.339844
2025-07-24,SOX,5644.370117
2025-07-24,SPX,6363.350098
2025-07-24,USDJPY,146.348999
2025-07-24,USDKRW,1373.719971
2025-07-24,WTI,66.029999
2025-07-25,CALL,2.515
2025-07-25,CD91,2.51
2025-07-25,CNYKRW,191.794224
2025-07-25,CORPAA3Y,2.974
2025-07-25,DJI,44901.921875
2025-07-25,DXY,97.650002
2025-07-25,EURKRW,1612.349976
2025-07-25,EURUSD,1.175613
2025-07-25,GBPUSD,1.351004
2025-07-25,GOLD_INTL,3334
2025-07-25,HSI,25388.349609
2025-07-25,IXIC,21108.320313
2025-07-25,JPYKRW100,933.263493
2025-07-25,KOSDAQ,806.950012
2025-07-25,KOSPI,3196.050049
2025-07-25,KTB10Y,2.855
2025-07-25,KTB3Y,2.485
2025-07-25,KTB5Y,2.637
2025-07-25,N225,41456.230469
2025-07-25,SOX,5645.859863
2025-07-25,SPX,6388.640137
2025-07-25,USDJPY,147.005005
2025-07-25,USDKRW,1372
2025-07-25,WTI,65.160004
2025-07-28,CALL,2.506
2025-07-28,CD91,2.51
2025-07-28,CNYKRW,193.301183
2025-07-28,CORPAA3Y,2.958
2025-07-28,DJI,44837.558594
2025-07-28,DXY,98.660004
2025-07-28,EURKRW,1624.160034
2025-07-28,EURUSD,1.175682
2025-07-28,GBPUSD,1.344086
2025-07-28,GOLD_INTL,3309.100098
2025-07-28,HSI,25562.130859
2025-07-28,IXIC,21178.580078
2025-07-28,JPYKRW100,935.416889
2025-07-28,KOSDAQ,804.400024
2025-07-28,KOSPI,3209.52002
2025-07-28,KTB10Y,2.861
2025-07-28,KTB3Y,2.46
2025-07-28,KTB5Y,2.614
2025-07-28,N225,40998.269531
2025-07-28,SOX,5737.100098
2025-07-28,SPX,6389.77002
2025-07-28,USDJPY,147.813004
2025-07-28,USDKRW,1382.780029
2025-07-28,WTI,66.709999
2025-07-29,CALL,2.5
2025-07-29,CD91,2.51
2025-07-29,CNYKRW,193.414417
2025-07-29,CORPAA3Y,2.952
2025-07-29,DJI,44632.988281
2025-07-29,DXY,98.910004
2025-07-29,EURKRW,1609.579956
2025-07-29,EURUSD,1.159676
2025-07-29,GBPUSD,1.336023
2025-07-29,GOLD_INTL,3323.399902
2025-07-29,HSI,25524.449219
2025-07-29,IXIC,21098.289063
2025-07-29,JPYKRW100,934.821892
2025-07-29,KOSDAQ,804.450012
2025-07-29,KOSPI,3230.570068
2025-07-29,KTB10Y,2.832
2025-07-29,KTB3Y,2.457
2025-07-29,KTB5Y,2.611
2025-07-29,N225,40674.550781
2025-07-29,SOX,5739.790039
2025-07-29,SPX,6370.859863
2025-07-29,USDJPY,148.479004
2025-07-29,USDKRW,1388.290039
2025-07-29,WTI,69.209999
2025-07-30,CALL,2.518
2025-07-30,CD91,2.51
2025-07-30,CNYKRW,193.531569
2025-07-30,CORPAA3Y,2.946
2025-07-30,DJI,44461.28125
2025-07-30,DXY,99.940002
2025-07-30,EURKRW,1602.98999
2025-07-30,EURUSD,1.155095
2025-07-30,GBPUSD,1.335363
2025-07-30,GOLD_INTL,3295.800049
2025-07-30,HSI,25176.929688
2025-07-30,IXIC,21129.669922
2025-07-30,JPYKRW100,935.593224
2025-07-30,KOSDAQ,803.669983
2025-07-30,KOSPI,3254.469971
2025-07-30,KTB10Y,2.795
2025-07-30,KTB3Y,2.455
2025-07-30,KTB5Y,2.596
2025-07-30,N225,40654.699219
2025-07-30,SOX,5787.319824
2025-07-30,SPX,6362.899902
2025-07-30,USDJPY,148.442001
2025-07-30,USDKRW,1388.859985
2025-07-30,WTI,70
2025-07-31,CALL,2.514
2025-07-31,CD91,2.51
2025-07-31,CNYKRW,194.041578
2025-07-31,CORPAA3Y,2.952
2025-07-31,DJI,44130.980469
2025-07-31,DXY,100.029999
2025-07-31,EURKRW,1590.27002
2025-07-31,EURUSD,1.142936
2025-07-31,GBPUSD,1.325768
2025-07-31,GOLD_INTL,3293.199951
2025-07-31,HSI,24773.330078
2025-07-31,IXIC,21122.449219
2025-07-31,JPYKRW100,932.535362
2025-07-31,KOSDAQ,805.23999
2025-07-31,KOSPI,3245.439941
2025-07-31,KTB10Y,2.79
2025-07-31,KTB3Y,2.463
2025-07-31,KTB5Y,2.615
2025-07-31,N225,41069.820313
2025-07-31,SOX,5607.919922
2025-07-31,SPX,6339.390137
2025-07-31,USDJPY,149.225998
2025-07-31,USDKRW,1392.52002
2025-07-31,WTI,69.260002
2025-08-01,CALL,2.491
2025-08-01,CD91,2.51
2025-08-01,CNYKRW,193.259909
2025-08-01,CORPAA3Y,2.97
2025-08-01,DJI,43588.578125
2025-08-01,DXY,98.690002
2025-08-01,EURKRW,1587.920044
2025-08-01,EURUSD,1.142374
2025-08-01,GBPUSD,1.320987
2025-08-01,GOLD_INTL,3347.699951
2025-08-01,HSI,24507.810547
2025-08-01,IXIC,20650.130859
2025-08-01,JPYKRW100,922.260094
2025-08-01,KOSDAQ,772.789978
2025-08-01,KOSPI,3119.409912
2025-08-01,KTB10Y,2.838
2025-08-01,KTB3Y,2.476
2025-08-01,KTB5Y,2.628
2025-08-01,N225,40799.601563
2025-08-01,SOX,5527.609863
2025-08-01,SPX,6238.009766
2025-08-01,USDJPY,150.772003
2025-08-01,USDKRW,1391.51001
2025-08-01,WTI,67.330002
2025-08-04,CALL,2.507
2025-08-04,CD91,2.5
2025-08-04,CNYKRW,192.769994
2025-08-04,CORPAA3Y,2.917
2025-08-04,DJI,44173.640625
2025-08-04,DXY,98.779999
2025-08-04,EURKRW,1597.5
2025-08-04,EURUSD,1.158668
2025-08-04,GBPUSD,1.328992
2025-08-04,GOLD_INTL,3374.399902
2025-08-04,HSI,24733.449219
2025-08-04,IXIC,21053.580078
2025-08-04,JPYKRW100,943.432045
2025-08-04,KOSDAQ,784.059998
2025-08-04,KOSPI,3147.75
2025-08-04,KTB10Y,2.78
2025-08-04,KTB3Y,2.422
2025-08-04,KTB5Y,2.571
2025-08-04,N225,40290.699219
2025-08-04,SOX,5624.410156
2025-08-04,SPX,6329.939941
2025-08-04,USDJPY,147.343002
2025-08-04,USDKRW,1390.180054
2025-08-04,WTI,66.290001
2025-08-05,CALL,2.504
2025-08-05,CD91,2.5
2025-08-05,CNYKRW,192.754245
2025-08-05,CORPAA3Y,2.917
2025-08-05,DJI,44111.738281
2025-08-05,DXY,98.779999
2025-08-05,EURKRW,1601.900024
2025-08-05,EURUSD,1.158413
2025-08-05,GBPUSD,1.329752
2025-08-05,GOLD_INTL,3381.899902
2025-08-05,HSI,24902.529297
2025-08-05,IXIC,20916.550781
2025-08-05,JPYKRW100,942.506409
2025-08-05,KOSDAQ,798.599976
2025-08-05,KOSPI,3198
2025-08-05,KTB10Y,2.766
2025-08-05,KTB3Y,2.427
2025-08-05,KTB5Y,2.561
2025-08-05,N225,40549.539063
2025-08-05,SOX,5561.689941
2025-08-05,SPX,6299.189941
2025-08-05,USDJPY,146.792999
2025-08-05,USDKRW,1383.589966
2025-08-05,WTI,65.160004
2025-08-06,CALL,2.493
2025-08-06,CD91,2.5
2025-08-06,CNYKRW,193.025577
2025-08-06,CORPAA3Y,2.918
2025-08-06,DJI,44193.121094
2025-08-06,DXY,98.18
2025-08-06,EURKRW,1604.23999
2025-08-06,EURUSD,1.157917
2025-08-06,GBPUSD,1.329946
2025-08-06,GOLD_INTL,3380
2025-08-06,HSI,24910.630859
2025-08-06,IXIC,21169.419922
2025-08-06,JPYKRW100,939.799404
2025-08-06,KOSDAQ,803.48999
2025-08-06,KOSPI,3198.139893
2025-08-06,KTB10Y,2.78
2025-08-06,KTB3Y,2.427
2025-08-06,KTB5Y,2.57
2025-08-06,N225,40794.859375
2025-08-06,SOX,5550.299805
2025-08-06,SPX,6345.060059
2025-08-06,USDJPY,147.559998
2025-08-06,USDKRW,1386.579956
2025-08-06,WTI,64.349998
2025-08-07,CALL,2.509
2025-08-07,CD91,2.5
2025-08-07,CNYKRW,192.736823
2025-08-07,CORPAA3Y,2.901
2025-08-07,DJI,43968.640625
2025-08-07,DXY,98.400002
2025-08-07,EURKRW,1613.97998
2025-08-07,EURUSD,1.166317
2025-08-07,GBPUSD,1.335791
2025-08-07,GOLD_INTL,3400.300049
2025-08-07,HSI,25081.630859
2025-08-07,IXIC,21242.699219
2025-08-07,JPYKRW100,940.555763
2025-08-07,KOSDAQ,805.809998
2025-08-07,KOSPI,3227.679932
2025-08-07,KTB10Y,2.767
2025-08-07,KTB3Y,2.409
2025-08-07,KTB5Y,2.551
2025-08-07,N225,41059.148438
2025-08-07,SOX,5633.700195
2025-08-07,SPX,6340
2025-08-07,USDJPY,147.192993
2025-08-07,USDKRW,1384.390015
2025-08-07,WTI,63.880001
2025-08-08,CALL,2.532
2025-08-08,CD91,2.5
2025-08-08,CNYKRW,192.865886
2025-08-08,CORPAA3Y,2.902
2025-08-08,DJI,44175.609375
2025-08-08,DXY,98.18
2025-08-08,EURKRW,1616.900024
2025-08-08,EURUSD,1.167665
2025-08-08,GBPUSD,1.345153
2025-08-08,GOLD_INTL,3439.100098
2025-08-08,HSI,24858.820313
2025-08-08,IXIC,21450.019531
2025-08-08,JPYKRW100,943.234444
2025-08-08,KOSDAQ,809.27002
2025-08-08,KOSPI,3210.01001
2025-08-08,KTB10Y,2.777
2025-08-08,KTB3Y,2.409
2025-08-08,KTB5Y,2.554
2025-08-08,N225,41820.480469
2025-08-08,SOX,5678.02002
2025-08-08,SPX,6389.450195
2025-08-08,USDJPY,146.837006
2025-08-08,USDKRW,1384.969971
2025-08-08,WTI,63.880001
2025-08-11,CALL,2.519
2025-08-11,CD91,2.5
2025-08-11,CNYKRW,193.261386
2025-08-11,CORPAA3Y,2.909
2025-08-11,DJI,43975.089844
2025-08-11,DXY,98.519997
2025-08-11,EURKRW,1612.51001
2025-08-11,EURUSD,1.164795
2025-08-11,GBPUSD,1.344447
2025-08-11,GOLD_INTL,3353.100098
2025-08-11,HSI,24906.810547
2025-08-11,IXIC,21385.400391
2025-08-11,JPYKRW100,939.843178
2025-08-11,KOSDAQ,811.849976
2025-08-11,KOSPI,3206.77002
2025-08-11,KTB10Y,2.78
2025-08-11,KTB3Y,2.42
2025-08-11,KTB5Y,2.568
2025-08-11,SOX,5670.370117
2025-08-11,SPX,6373.450195
2025-08-11,USDJPY,147.664001
2025-08-11,USDKRW,1387.810059
2025-08-11,WTI,63.959999
2025-08-12,CALL,2.523
2025-08-12,CD91,2.5
2025-08-12,CNYKRW,193.356718
2025-08-12,CORPAA3Y,2.917
2025-08-12,DJI,44458.609375
2025-08-12,DXY,98.099998
2025-08-12,EURKRW,1613.689941
2025-08-12,EURUSD,1.161845
2025-08-12,GBPUSD,1.343526
2025-08-12,GOLD_INTL,3348.899902
2025-08-12,HSI,24969.679688
2025-08-12,IXIC,21681.900391
2025-08-12,JPYKRW100,938.248539
2025-08-12,KOSDAQ,807.190002
2025-08-12,KOSPI,3189.909912
2025-08-12,KTB10Y,2.807
2025-08-12,KTB3Y,2.43
2025-08-12,KTB5Y,2.585
2025-08-12,N225,42718.171875
2025-08-12,SOX,5840.089844
2025-08-12,SPX,6445.759766
2025-08-12,USDJPY,148.125
2025-08-12,USDKRW,1389.790039
2025-08-12,WTI,63.169998
2025-08-13,CALL,2.512
2025-08-13,CD91,2.51
2025-08-13,CNYKRW,192.671161
2025-08-13,CORPAA3Y,2.907
2025-08-13,DJI,44922.269531
2025-08-13,DXY,97.839996
2025-08-13,EURKRW,1615
2025-08-13,EURUSD,1.167706
2025-08-13,GBPUSD,1.350421
2025-08-13,GOLD_INTL,3358.699951
2025-08-13,HSI,25613.669922
2025-08-13,IXIC,21713.140625
2025-08-13,JPYKRW100,935.924244
2025-08-13,KOSDAQ,814.099976
2025-08-13,KOSPI,3224.370117
2025-08-13,KTB10Y,2.803
2025-08-13,KTB3Y,2.41
2025-08-13,KTB5Y,2.568
2025-08-13,N225,43274.671875
2025-08-13,SOX,5892.609863
2025-08-13,SPX,6466.580078
2025-08-13,USDJPY,147.757996
2025-08-13,USDKRW,1383.089966
2025-08-13,WTI,62.650002
2025-08-14,CALL,2.516
2025-08-14,CD91,2.5
2025-08-14,CNYKRW,192.183208
2025-08-14,CORPAA3Y,2.896
2025-08-14,DJI,44911.261719
2025-08-14,DXY,98.25
2025-08-14,EURKRW,1613.609985
2025-08-14,EURUSD,1.171289
2025-08-14,GBPUSD,1.35853
2025-08-14,GOLD_INTL,3335.199951
2025-08-14,HSI,25519.320313
2025-08-14,IXIC,21710.669922
2025-08-14,JPYKRW100,937.021255
2025-08-14,KOSDAQ,815.26001
2025-08-14,KOSPI,3225.659912
2025-08-14,KTB10Y,2.786
2025-08-14,KTB3Y,2.398
2025-08-14,KTB5Y,2.557
2025-08-14,N225,42649.261719
2025-08-14,SOX,5885.490234
2025-08-14,SPX,6468.540039
2025-08-14,USDJPY,147.119995
2025-08-14,USDKRW,1378.780029
2025-08-14,WTI,63.959999
2025-08-15,CNYKRW,193.310116
2025-08-15,DJI,44946.121094
2025-08-15,DXY,97.849998
2025-08-15,EURKRW,1616.420044
2025-08-15,EURUSD,1.165135
2025-08-15,GBPUSD,1.35307
2025-08-15,GOLD_INTL,3336
2025-08-15,HSI,25270.070313
2025-08-15,IXIC,21622.980469
2025-08-15,JPYKRW100,939.667416
2025-08-15,N225,43378.308594
2025-08-15,SOX,5752.740234
2025-08-15,SPX,6449.799805
2025-08-15,USDJPY,147.690994
2025-08-15,USDKRW,1387.869995
2025-08-15,WTI,62.799999
2025-08-18,CALL,2.498
2025-08-18,CD91,2.51
2025-08-18,CNYKRW,193.266209
2025-08-18,CORPAA3Y,2.912
2025-08-18,DJI,44911.820313
2025-08-18,DXY,98.169998
2025-08-18,EURKRW,1622.890015
2025-08-18,EURUSD,1.170659
2025-08-18,GBPUSD,1.355638
2025-08-18,GOLD_INTL,3331.699951
2025-08-18,HSI,25176.849609
2025-08-18,IXIC,21629.769531
2025-08-18,JPYKRW100,942.460155
2025-08-18,KOSDAQ,798.049988
2025-08-18,KOSPI,3177.280029
2025-08-18,KTB10Y,2.827
2025-08-18,KTB3Y,2.424
2025-08-18,KTB5Y,2.593
2025-08-18,N225,43714.308594
2025-08-18,SOX,5776.310059
2025-08-18,SPX,6449.149902
2025-08-18,USDJPY,147.264008
2025-08-18,USDKRW,1387.97998
2025-08-18,WTI,63.419998
2025-08-19,CALL,2.472
2025-08-19,CD91,2.52
2025-08-19,CNYKRW,193.039287
2025-08-19,CORPAA3Y,2.924
2025-08-19,DJI,44922.269531
2025-08-19,DXY,98.269997
2025-08-19,EURKRW,1617.880005
2025-08-19,EURUSD,1.166834
2025-08-19,GBPUSD,1.350822
2025-08-19,GOLD_INTL,3313.399902
2025-08-19,HSI,25122.900391
2025-08-19,IXIC,21314.949219
2025-08-19,JPYKRW100,937.582779
2025-08-19,KOSDAQ,787.960022
2025-08-19,KOSPI,3151.560059
2025-08-19,KTB10Y,2.844
2025-08-19,KTB3Y,2.445
2025-08-19,KTB5Y,2.614
2025-08-19,N225,43546.289063
2025-08-19,SOX,5671.509766
2025-08-19,SPX,6411.370117
2025-08-19,USDJPY,147.916
2025-08-19,USDKRW,1386.910034
2025-08-19,WTI,62.349998
2025-08-20,CALL,2.479
2025-08-20,CD91,2.52
2025-08-20,CNYKRW,193.728674
2025-08-20,CORPAA3Y,2.923
2025-08-20,DJI,44938.308594
2025-08-20,DXY,98.220001
2025-08-20,EURKRW,1619.969971
2025-08-20,EURUSD,1.164253
2025-08-20,GBPUSD,1.34868
2025-08-20,GOLD_INTL,3343.399902
2025-08-20,HSI,25165.939453
2025-08-20,IXIC,21172.859375
2025-08-20,JPYKRW100,941.758633
2025-08-20,KOSDAQ,777.609985
2025-08-20,KOSPI,3130.090088
2025-08-20,KTB10Y,2.854
2025-08-20,KTB3Y,2.437
2025-08-20,KTB5Y,2.605
2025-08-20,N225,42888.550781
2025-08-20,SOX,5630.819824
2025-08-20,SPX,6395.779785
2025-08-20,USDJPY,147.731003
2025-08-20,USDKRW,1391.339966
2025-08-20,WTI,63.209999
2025-08-21,CALL,2.499
2025-08-21,CD91,2.52
2025-08-21,CNYKRW,194.672296
2025-08-21,CORPAA3Y,2.921
2025-08-21,DJI,44785.5
2025-08-21,DXY,98.620003
2025-08-21,EURKRW,1627.160034
2025-08-21,EURUSD,1.165175
2025-08-21,GBPUSD,1.346638
2025-08-21,GOLD_INTL,3336.899902
2025-08-21,HSI,25104.609375
2025-08-21,IXIC,21100.310547
2025-08-21,JPYKRW100,948.05069
2025-08-21,KOSDAQ,777.23999
2025-08-21,KOSPI,3141.73999
2025-08-21,KTB10Y,2.852
2025-08-21,KTB3Y,2.435
2025-08-21,KTB5Y,2.603
2025-08-21,N225,42610.171875
2025-08-21,SOX,5603.259766
2025-08-21,SPX,6370.169922
2025-08-21,USDJPY,147.317993
2025-08-21,USDKRW,1396.910034
2025-08-21,WTI,63.52
2025-08-22,CALL,2.513
2025-08-22,CD91,2.53
2025-08-22,CNYKRW,194.934463
2025-08-22,CORPAA3Y,2.932
2025-08-22,DJI,45631.738281
2025-08-22,DXY,97.720001
2025-08-22,EURKRW,1624.72998
2025-08-22,EURUSD,1.161305
2025-08-22,GBPUSD,1.34194
2025-08-22,GOLD_INTL,3374.399902
2025-08-22,HSI,25339.140625
2025-08-22,IXIC,21496.539063
2025-08-22,JPYKRW100,943.165207
2025-08-22,KOSDAQ,782.51001
2025-08-22,KOSPI,3168.72998
2025-08-22,KTB10Y,2.855
2025-08-22,KTB3Y,2.456
2025-08-22,KTB5Y,2.631
2025-08-22,N225,42633.289063
2025-08-22,SOX,5754.459961
2025-08-22,SPX,6466.910156
2025-08-22,USDJPY,148.386002
2025-08-22,USDKRW,1399.609985
2025-08-22,WTI,63.66
2025-08-25,CALL,2.515
2025-08-25,CD91,2.53
2025-08-25,CNYKRW,192.938962
2025-08-25,CORPAA3Y,2.915
2025-08-25,DJI,45282.46875
2025-08-25,DXY,98.43
2025-08-25,EURKRW,1616.77002
2025-08-25,EURUSD,1.17096
2025-08-25,GBPUSD,1.351114
2025-08-25,GOLD_INTL,3373.800049
2025-08-25,HSI,25829.910156
2025-08-25,IXIC,21449.289063
2025-08-25,JPYKRW100,939.157104
2025-08-25,KOSDAQ,798.02002
2025-08-25,KOSPI,3209.860107
2025-08-25,KTB10Y,2.854
2025-08-25,KTB3Y,2.436
2025-08-25,KTB5Y,2.609
2025-08-25,N225,42807.820313
2025-08-25,SOX,5756.299805
2025-08-25,SPX,6439.319824
2025-08-25,USDJPY,147.214996
2025-08-25,USDKRW,1382.890015
2025-08-25,WTI,64.800003
2025-08-26,CALL,2.511
2025-08-26,CD91,2.53
2025-08-26,CNYKRW,194.245566
2025-08-26,CORPAA3Y,2.902
2025-08-26,DJI,45418.070313
2025-08-26,DXY,98.230003
2025-08-26,EURKRW,1613.170044
2025-08-26,EURUSD,1.161845
2025-08-26,GBPUSD,1.345352
2025-08-26,GOLD_INTL,3388.600098
2025-08-26,HSI,25524.919922
2025-08-26,IXIC,21544.269531
2025-08-26,JPYKRW100,939.505768
2025-08-26,KOSDAQ,801.659973
2025-08-26,KOSPI,3179.360107
2025-08-26,KTB10Y,2.852
2025-08-26,KTB3Y,2.418
2025-08-26,KTB5Y,2.595
2025-08-26,N225,42394.398438
2025-08-26,SOX,5807.919922
2025-08-26,SPX,6465.939941
2025-08-26,USDJPY,147.822006
2025-08-26,USDKRW,1389.050049
2025-08-26,WTI,63.25
2025-08-27,CALL,2.505
2025-08-27,CD91,2.53
2025-08-27,CNYKRW,194.903518
2025-08-27,CORPAA3Y,2.887
2025-08-27,DJI,45565.230469
2025-08-27,DXY,98.230003
2025-08-27,EURKRW,1622.72998
2025-08-27,EURUSD,1.163941
2025-08-27,GBPUSD,1.347872
2025-08-27,GOLD_INTL,3404.600098
2025-08-27,HSI,25201.759766
2025-08-27,IXIC,21590.140625
2025-08-27,JPYKRW100,945.291233
2025-08-27,KOSDAQ,801.719971
2025-08-27,KOSPI,3187.159912
2025-08-27,KTB10Y,2.825
2025-08-27,KTB3Y,2.4
2025-08-27,KTB5Y,2.563
2025-08-27,N225,42520.269531
2025-08-27,SOX,5824.609863
2025-08-27,SPX,6481.399902
2025-08-27,USDJPY,147.462006
2025-08-27,USDKRW,1393.949951
2025-08-27,WTI,64.150002
2025-08-28,CALL,2.505
2025-08-28,CD91,2.53
2025-08-28,CNYKRW,194.708517
2025-08-28,CORPAA3Y,2.898
2025-08-28,DJI,45636.898438
2025-08-28,DXY,97.809998
2025-08-28,EURKRW,1620.939941
2025-08-28,EURUSD,1.164795
2025-08-28,GBPUSD,1.350384
2025-08-28,GOLD_INTL,3431.800049
2025-08-28,HSI,24998.820313
2025-08-28,IXIC,21705.160156
2025-08-28,JPYKRW100,945.349312
2025-08-28,KOSDAQ,798.429993
2025-08-28,KOSPI,3196.320068
2025-08-28,KTB10Y,2.819
2025-08-28,KTB3Y,2.415
2025-08-28,KTB5Y,2.581
2025-08-28,N225,42828.789063
2025-08-28,SOX,5853.049805
2025-08-28,SPX,6501.859863
2025-08-28,USDJPY,147.315994
2025-08-28,USDKRW,1392.75
2025-08-28,WTI,64.599998
2025-08-29,CALL,2.521
2025-08-29,CD91,2.53
2025-08-29,CNYKRW,193.542578
2025-08-29,CORPAA3Y,2.906
2025-08-29,DJI,45544.878906
2025-08-29,DXY,97.769997
2025-08-29,EURKRW,1616.180054
2025-08-29,EURUSD,1.168156
2025-08-29,GBPUSD,1.351114
2025-08-29,GOLD_INTL,3473.699951
2025-08-29,HSI,25077.619141
2025-08-29,IXIC,21455.550781
2025-08-29,JPYKRW100,942.981529
2025-08-29,KOSDAQ,796.909973
2025-08-29,KOSPI,3186.01001
2025-08-29,KTB10Y,2.827
2025-08-29,KTB3Y,2.425
2025-08-29,KTB5Y,2.589
2025-08-29,N225,42718.46875
2025-08-29,SOX,5668.939941
2025-08-29,SPX,6460.259766
2025-08-29,USDJPY,146.789993
2025-08-29,USDKRW,1384.410034
2025-08-29,WTI,64.010002
2025-09-01,CALL,2.518
2025-09-01,CD91,2.53
2025-09-01,CNYKRW,194.777282
2025-09-01,CORPAA3Y,2.913
2025-09-01,EURKRW,1601.689941
2025-09-01,EURUSD,1.16918
2025-09-01,GBPUSD,1.350384
2025-09-01,HSI,25617.419922
2025-09-01,JPYKRW100,944.23666
2025-09-01,KOSDAQ,785
2025-09-01,KOSPI,3142.929932
2025-09-01,KTB10Y,2.847
2025-09-01,KTB3Y,2.436
2025-09-01,KTB5Y,2.588
2025-09-01,N225,42188.789063
2025-09-01,USDJPY,147.097
2025-09-01,USDKRW,1388.839966
2025-09-02,CALL,2.515
2025-09-02,CD91,2.53
2025-09-02,CNYKRW,195.352281
2025-09-02,CORPAA3Y,2.924
2025-09-02,DJI,45295.808594
2025-09-02,DXY,98.400002
2025-09-02,EURKRW,1630.910034
2025-09-02,EURUSD,1.171591
2025-09-02,GBPUSD,1.354793
2025-09-02,GOLD_INTL,3549.399902
2025-09-02,HSI,25496.550781
2025-09-02,IXIC,21279.630859
2025-09-02,JPYKRW100,947.053242
2025-09-02,KOSDAQ,794
2025-09-02,KOSPI,3172.350098
2025-09-02,KTB10Y,2.85
2025-09-02,KTB3Y,2.446
2025-09-02,KTB5Y,2.605
2025-09-02,N225,42310.488281
2025-09-02,SOX,5605.459961
2025-09-02,SPX,6415.540039
2025-09-02,USDJPY,147.084
2025-09-02,USDKRW,1392.939941
2025-09-02,WTI,65.589996
2025-09-03,CALL,2.524
2025-09-03,CD91,2.53
2025-09-03,CNYKRW,195.345281
2025-09-03,CORPAA3Y,2.946
2025-09-03,DJI,45271.230469
2025-09-03,DXY,98.139999
2025-09-03,EURKRW,1622.650024
2025-09-03,EURUSD,1.163603
2025-09-03,GBPUSD,1.338348
2025-09-03,GOLD_INTL,3593.199951
2025-09-03,HSI,25343.429688
2025-09-03,IXIC,21497.730469
2025-09-03,JPYKRW100,938.270855
2025-09-03,KOSDAQ,796.809998
2025-09-03,KOSPI,3184.419922
2025-09-03,KTB10Y,2.912
2025-09-03,KTB3Y,2.47
2025-09-03,KTB5Y,2.641
2025-09-03,N225,41938.890625
2025-09-03,SOX,5592.819824
2025-09-03,SPX,6448.259766
2025-09-03,USDJPY,148.548004
2025-09-03,USDKRW,1394.569946
2025-09-03,WTI,63.970001
2025-09-04,CALL,2.534
2025-09-04,CD91,2.56
2025-09-04,CNYKRW,194.5879
2025-09-04,CORPAA3Y,2.943
2025-09-04,DJI,45621.289063
2025-09-04,DXY,98.349998
2025-09-04,EURKRW,1620.109985
2025-09-04,EURUSD,1.166045
2025-09-04,GBPUSD,1.344158
2025-09-04,GOLD_INTL,3565.800049
2025-09-04,HSI,25058.509766
2025-09-04,IXIC,21707.689453
2025-09-04,JPYKRW100,938.989925
2025-09-04,KOSDAQ,805.419983
2025-09-04,KOSPI,3200.830078
2025-09-04,KTB10Y,2.894
2025-09-04,KTB3Y,2.472
2025-09-04,KTB5Y,2.643
2025-09-04,N225,42580.269531
2025-09-04,SOX,5667.859863
2025-09-04,SPX,6502.080078
2025-09-04,USDJPY,147.979996
2025-09-04,USDKRW,1389.630005
2025-09-04,WTI,63.48
2025-09-05,CALL,2.542
2025-09-05,CD91,2.57
2025-09-05,CNYKRW,194.928177
2025-09-05,CORPAA3Y,2.931
2025-09-05,DJI,45400.859375
2025-09-05,DXY,97.769997
2025-09-05,EURKRW,1621.319946
2025-09-05,EURUSD,1.165691
2025-09-05,GBPUSD,1.344447
2025-09-05,GOLD_INTL,3613.199951
2025-09-05,HSI,25417.980469
2025-09-05,IXIC,21700.390625
2025-09-05,JPYKRW100,938.232327
2025-09-05,KOSDAQ,811.400024
2025-09-05,KOSPI,3205.120117
2025-09-05,KTB10Y,2.854
2025-09-05,KTB3Y,2.467
2025-09-05,KTB5Y,2.622
2025-09-05,N225,43018.75
2025-09-05,SOX,5761.399902
2025-09-05,SPX,6481.5
2025-09-05,USDJPY,148.375
2025-09-05,USDKRW,1392.060059
2025-09-05,WTI,61.869999
2025-09-08,CALL,2.519
2025-09-08,CD91,2.56
2025-09-08,CNYKRW,194.253064
2025-09-08,CORPAA3Y,2.918
2025-09-08,DJI,45514.949219
2025-09-08,DXY,97.449997
2025-09-08,EURKRW,1623.689941
2025-09-08,EURUSD,1.171317
2025-09-08,GBPUSD,1.349291
2025-09-08,GOLD_INTL,3638.100098
2025-09-08,HSI,25633.910156
2025-09-08,IXIC,21798.699219
2025-09-08,JPYKRW100,933.921623
2025-09-08,KOSDAQ,818.599976
2025-09-08,KOSPI,3219.590088
2025-09-08,KTB10Y,2.851
2025-09-08,KTB3Y,2.454
2025-09-08,KTB5Y,2.609
2025-09-08,N225,43643.808594
2025-09-08,SOX,5809.609863
2025-09-08,SPX,6495.149902
2025-09-08,USDJPY,148.343994
2025-09-08,USDKRW,1385.51001
2025-09-08,WTI,62.259998
2025-09-09,CALL,2.51
2025-09-09,CD91,2.54
2025-09-09,CNYKRW,194.369706
2025-09-09,CORPAA3Y,2.898
2025-09-09,DJI,45711.339844
2025-09-09,DXY,97.790001
2025-09-09,EURKRW,1630.709961
2025-09-09,EURUSD,1.176914
2025-09-09,GBPUSD,1.355307
2025-09-09,GOLD_INTL,3643.300049
2025-09-09,HSI,25938.130859
2025-09-09,IXIC,21879.490234
2025-09-09,JPYKRW100,940.379715
2025-09-09,KOSDAQ,824.820007
2025-09-09,KOSPI,3260.050049
2025-09-09,KTB10Y,2.824
2025-09-09,KTB3Y,2.425
2025-09-09,KTB5Y,2.56
2025-09-09,N225,43459.289063
2025-09-09,SOX,5819.830078
2025-09-09,SPX,6512.609863
2025-09-09,USDJPY,147.363998
2025-09-09,USDKRW,1385.719971
2025-09-09,WTI,62.630001
2025-09-10,CALL,2.495
2025-09-10,CD91,2.55
2025-09-10,CNYKRW,194.813854
2025-09-10,CORPAA3Y,2.902
2025-09-10,DJI,45490.921875
2025-09-10,DXY,97.779999
2025-09-10,EURKRW,1623.569946
2025-09-10,EURUSD,1.170275
2025-09-10,GBPUSD,1.35211
2025-09-10,GOLD_INTL,3643.600098
2025-09-10,HSI,26200.259766
2025-09-10,IXIC,21886.060547
2025-09-10,JPYKRW100,941.108227
2025-09-10,KOSDAQ,833
2025-09-10,KOSPI,3314.530029
2025-09-10,KTB10Y,2.815
2025-09-10,KTB3Y,2.431
2025-09-10,KTB5Y,2.566
2025-09-10,N225,43837.671875
2025-09-10,SOX,5958.089844
2025-09-10,SPX,6532.040039
2025-09-10,USDJPY,147.391998
2025-09-10,USDKRW,1387.25
2025-09-10,WTI,63.669998
2025-09-11,CALL,2.523
2025-09-11,CD91,2.54
2025-09-11,CNYKRW,194.812304
2025-09-11,CORPAA3Y,2.892
2025-09-11,DJI,46108
2025-09-11,DXY,97.540001
2025-09-11,EURKRW,1622.910034
2025-09-11,EURUSD,1.170344
2025-09-11,GBPUSD,1.353473
2025-09-11,GOLD_INTL,3636.899902
2025-09-11,HSI,26086.320313
2025-09-11,IXIC,22043.070313
2025-09-11,JPYKRW100,941.479874
2025-09-11,KOSDAQ,834.76001
2025-09-11,KOSPI,3344.199951
2025-09-11,KTB10Y,2.825
2025-09-11,KTB3Y,2.416
2025-09-11,KTB5Y,2.552
2025-09-11,N225,44372.5
2025-09-11,SOX,5995.390137
2025-09-11,SPX,6587.470215
2025-09-11,USDJPY,147.332001
2025-09-11,USDKRW,1387.199951
2025-09-11,WTI,62.369999
2025-09-12,CALL,2.522
2025-09-12,CD91,2.54
2025-09-12,CNYKRW,195.198357
2025-09-12,CORPAA3Y,2.901
2025-09-12,DJI,45834.21875
2025-09-12,DXY,97.550003
2025-09-12,EURKRW,1627.420044
2025-09-12,EURUSD,1.173475
2025-09-12,GBPUSD,1.357663
2025-09-12,GOLD_INTL,3649.399902
2025-09-12,HSI,26388.160156
2025-09-12,IXIC,22141.099609
2025-09-12,JPYKRW100,943.835163
2025-09-12,KOSDAQ,847.080017
2025-09-12,KOSPI,3395.540039
2025-09-12,KTB10Y,2.812
2025-09-12,KTB3Y,2.427
2025-09-12,KTB5Y,2.564
2025-09-12,N225,44768.121094
2025-09-12,SOX,6001.740234
2025-09-12,SPX,6584.290039
2025-09-12,USDJPY,147.223999
2025-09-12,USDKRW,1389.5
2025-09-12,WTI,62.689999
2025-09-15,CALL,2.532
2025-09-15,CD91,2.54
2025-09-15,CNYKRW,195.62898
2025-09-15,CORPAA3Y,2.909
2025-09-15,DJI,45883.449219
2025-09-15,DXY,97.300003
2025-09-15,EURKRW,1628.459961
2025-09-15,EURUSD,1.172649
2025-09-15,GBPUSD,1.355344
2025-09-15,GOLD_INTL,3682.199951
2025-09-15,HSI,26446.560547
2025-09-15,IXIC,22348.75
2025-09-15,JPYKRW100,943.736076
2025-09-15,KOSDAQ,852.690002
2025-09-15,KOSPI,3407.310059
2025-09-15,KTB10Y,2.821
2025-09-15,KTB3Y,2.443
2025-09-15,KTB5Y,2.584
2025-09-15,SOX,6059.830078
2025-09-15,SPX,6615.279785
2025-09-15,USDJPY,147.666
2025-09-15,USDKRW,1393.699951
2025-09-15,WTI,63.299999
2025-09-16,CALL,2.506
2025-09-16,CD91,2.56
2025-09-16,CNYKRW,194.564861
2025-09-16,CORPAA3Y,2.885
2025-09-16,DJI,45757.898438
2025-09-16,DXY,96.629997
2025-09-16,EURKRW,1628.939941
2025-09-16,EURUSD,1.176374
2025-09-16,GBPUSD,1.360267
2025-09-16,GOLD_INTL,3688.899902
2025-09-16,HSI,26438.509766
2025-09-16,IXIC,22333.960938
2025-09-16,JPYKRW100,939.559937
2025-09-16,KOSDAQ,851.840027
2025-09-16,KOSPI,3449.620117
2025-09-16,KTB10Y,2.792
2025-09-16,KTB3Y,2.411
2025-09-16,KTB5Y,2.565
2025-09-16,N225,44902.269531
2025-09-16,SOX,6079.220215
2025-09-16,SPX,6606.759766
2025-09-16,USDJPY,147.404999
2025-09-16,USDKRW,1385.01001
2025-09-16,WTI,64.519997
2025-09-17,CALL,2.512
2025-09-17,CD91,2.57
2025-09-17,CNYKRW,193.646509
2025-09-17,CORPAA3Y,2.881
2025-09-17,DJI,46018.320313
2025-09-17,DXY,96.870003
2025-09-17,EURKRW,1634.349976
2025-09-17,EURUSD,1.187141
2025-09-17,GBPUSD,1.365393
2025-09-17,GOLD_INTL,3681.800049
2025-09-17,HSI,26908.390625
2025-09-17,IXIC,22261.330078
2025-09-17,JPYKRW100,940.914536
2025-09-17,KOSDAQ,845.530029
2025-09-17,KOSPI,3413.399902
2025-09-17,KTB10Y,2.79
2025-09-17,KTB3Y,2.416
2025-09-17,KTB5Y,2.555
2025-09-17,N225,44790.378906
2025-09-17,SOX,6060.220215
2025-09-17,SPX,6600.350098
2025-09-17,USDJPY,146.412994
2025-09-17,USDKRW,1377.640015
2025-09-17,WTI,64.050003
2025-09-18,CALL,2.524
2025-09-18,CD91,2.56
2025-09-18,CNYKRW,194.091468
2025-09-18,CORPAA3Y,2.868
2025-09-18,DJI,46142.421875
2025-09-18,DXY,97.349998
2025-09-18,EURKRW,1629.420044
2025-09-18,EURUSD,1.182634
2025-09-18,GBPUSD,1.362973
2025-09-18,GOLD_INTL,3643.699951
2025-09-18,HSI,26544.849609
2025-09-18,IXIC,22470.720703
2025-09-18,JPYKRW100,938.61227
2025-09-18,KOSDAQ,857.109985
2025-09-18,KOSPI,3461.300049
2025-09-18,KTB10Y,2.728
2025-09-18,KTB3Y,2.403
2025-09-18,KTB5Y,2.544
2025-09-18,N225,45303.429688
2025-09-18,SOX,6278.160156
2025-09-18,SPX,6631.959961
2025-09-18,USDJPY,146.891006
2025-09-18,USDKRW,1378.689941
2025-09-18,WTI,63.57
2025-09-19,CALL,2.523
2025-09-19,CD91,2.57
2025-09-19,CNYKRW,194.962679
2025-09-19,CORPAA3Y,2.898
2025-09-19,DJI,46315.269531
2025-09-19,DXY,97.639999
2025-09-19,EURKRW,1634.530029
2025-09-19,EURUSD,1.179106
2025-09-19,GBPUSD,1.355601
2025-09-19,GOLD_INTL,3671.5
2025-09-19,HSI,26545.099609
2025-09-19,IXIC,22631.480469
2025-09-19,JPYKRW100,937.341595
2025-09-19,KOSDAQ,863.109985
2025-09-19,KOSPI,3445.23999
2025-09-19,KTB10Y,2.79
2025-09-19,KTB3Y,2.437
2025-09-19,KTB5Y,2.584
2025-09-19,N225,45045.808594
2025-09-19,SOX,6232.25
2025-09-19,SPX,6664.359863
2025-09-19,USDJPY,147.947006
2025-09-19,USDKRW,1386.75
2025-09-19,WTI,62.68
2025-09-22,CALL,2.541
2025-09-22,CD91,2.56
2025-09-22,CNYKRW,196.295466
2025-09-22,CORPAA3Y,2.912
2025-09-22,DJI,46381.539063
2025-09-22,DXY,97.330002
2025-09-22,EURKRW,1639.930054
2025-09-22,EURUSD,1.173695
2025-09-22,GBPUSD,1.346475
2025-09-22,GOLD_INTL,3740.699951
2025-09-22,HSI,26344.140625
2025-09-22,IXIC,22788.980469
2025-09-22,JPYKRW100,942.815781
2025-09-22,KOSDAQ,874.359985
2025-09-22,KOSPI,3468.649902
2025-09-22,KTB10Y,2.83
2025-09-22,KTB3Y,2.455
2025-09-22,KTB5Y,2.603
2025-09-22,N225,45493.660156
2025-09-22,SOX,6330.120117
2025-09-22,SPX,6693.75
2025-09-22,USDJPY,148.095001
2025-09-22,USDKRW,1396.22998
2025-09-22,WTI,62.639999
2025-09-23,CALL,2.54
2025-09-23,CD91,2.58
2025-09-23,CNYKRW,195.303633
2025-09-23,CORPAA3Y,2.912
2025-09-23,DJI,46292.78125
2025-09-23,DXY,97.260002
2025-09-23,EURKRW,1639.390015
2025-09-23,EURUSD,1.180108
2025-09-23,GBPUSD,1.351497
2025-09-23,GOLD_INTL,3780.600098
2025-09-23,HSI,26159.119141
2025-09-23,IXIC,22573.470703
2025-09-23,JPYKRW100,940.397263
2025-09-23,KOSDAQ,872.210022
2025-09-23,KOSPI,3486.189941
2025-09-23,KTB10Y,2.811
2025-09-23,KTB3Y,2.46
2025-09-23,KTB5Y,2.598
2025-09-23,SOX,6308.209961
2025-09-23,SPX,6656.919922
2025-09-23,USDJPY,147.725006
2025-09-23,USDKRW,1389.390015
2025-09-23,WTI,63.41
2025-09-24,CALL,2.53
2025-09-24,CD91,2.58
2025-09-24,CNYKRW,195.71545
2025-09-24,CORPAA3Y,2.935
2025-09-24,DJI,46121.28125
2025-09-24,DXY,97.870003
2025-09-24,EURKRW,1644.069946
2025-09-24,EURUSD,1.181447
2025-09-24,GBPUSD,1.352448
2025-09-24,GOLD_INTL,3732.100098
2025-09-24,HSI,26518.650391
2025-09-24,IXIC,22497.859375
2025-09-24,JPYKRW100,942.837715
2025-09-24,KOSDAQ,860.940002
2025-09-24,KOSPI,3472.139893
2025-09-24,KTB10Y,2.849
2025-09-24,KTB3Y,2.487
2025-09-24,KTB5Y,2.63
2025-09-24,N225,45630.308594
2025-09-24,SOX,6297
2025-09-24,SPX,6637.970215
2025-09-24,USDJPY,147.613007
2025-09-24,USDKRW,1391.849976
2025-09-24,WTI,64.989998
2025-09-25,CALL,2.526
2025-09-25,CD91,2.59
2025-09-25,CNYKRW,196.82396
2025-09-25,CORPAA3Y,2.969
2025-09-25,DJI,45947.320313
2025-09-25,DXY,98.550003
2025-09-25,EURKRW,1647.599976
2025-09-25,EURUSD,1.174467
2025-09-25,GBPUSD,1.34524
2025-09-25,GOLD_INTL,3736.899902
2025-09-25,HSI,26484.679688
2025-09-25,IXIC,22384.699219
2025-09-25,JPYKRW100,943.633366
2025-09-25,KOSDAQ,852.47998
2025-09-25,KOSPI,3471.110107
2025-09-25,KTB10Y,2.86
2025-09-25,KTB3Y,2.531
2025-09-25,KTB5Y,2.673
2025-09-25,N225,45754.929688
2025-09-25,SOX,6284.669922
2025-09-25,SPX,6604.720215
2025-09-25,USDJPY,148.751007
2025-09-25,USDKRW,1403.650024
2025-09-25,WTI,64.980003
2025-09-26,CALL,2.523
2025-09-26,CD91,2.58
2025-09-26,CNYKRW,197.499234
2025-09-26,CORPAA3Y,3.001
2025-09-26,DJI,46247.289063
2025-09-26,DXY,98.150002
2025-09-26,EURKRW,1642.969971
2025-09-26,EURUSD,1.166276
2025-09-26,GBPUSD,1.333653
2025-09-26,GOLD_INTL,3775.300049
2025-09-26,HSI,26128.199219
2025-09-26,IXIC,22484.070313
2025-09-26,JPYKRW100,940.129566
2025-09-26,KOSDAQ,835.190002
2025-09-26,KOSPI,3386.050049
2025-09-26,KTB10Y,2.943
2025-09-26,KTB3Y,2.562
2025-09-26,KTB5Y,2.718
2025-09-26,N225,45354.988281
2025-09-26,SOX,6305.049805
2025-09-26,SPX,6643.700195
2025-09-26,USDJPY,149.860992
2025-09-26,USDKRW,1408.920044
2025-09-26,WTI,65.720001
2025-09-29,CALL,2.531
2025-09-29,CD91,2.57
2025-09-29,CNYKRW,197.497468
2025-09-29,CORPAA3Y,3.004
2025-09-29,DJI,46316.070313
2025-09-29,DXY,97.910004
2025-09-29,EURKRW,1648.349976
2025-09-29,EURUSD,1.170823
2025-09-29,GBPUSD,1.340824
2025-09-29,GOLD_INTL,3820.899902
2025-09-29,HSI,26622.880859
2025-09-29,IXIC,22591.150391
2025-09-29,JPYKRW100,942.86747
2025-09-29,KOSDAQ,846.710022
2025-09-29,KOSPI,3431.209961
2025-09-29,KTB10Y,2.938
2025-09-29,KTB3Y,2.563
2025-09-29,KTB5Y,2.721
2025-09-29,N225,45043.75
2025-09-29,SOX,6315.109863
2025-09-29,SPX,6661.209961
2025-09-29,USDJPY,149.404999
2025-09-29,USDKRW,1408.709961
2025-09-29,WTI,63.450001
2025-09-30,CALL,2.575
2025-09-30,CD91,2.57
2025-09-30,CNYKRW,196.551669
2025-09-30,CORPAA3Y,3.022
2025-09-30,DJI,46397.890625
2025-09-30,DXY,97.769997
2025-09-30,EURKRW,1640.48999
2025-09-30,EURUSD,1.173144
2025-09-30,GBPUSD,1.343725
2025-09-30,GOLD_INTL,3840.800049
2025-09-30,HSI,26855.560547
2025-09-30,IXIC,22660.009766
2025-09-30,JPYKRW100,941.669273
2025-09-30,KOSDAQ,841.98999
2025-09-30,KOSPI,3424.600098
2025-09-30,KTB10Y,2.935
2025-09-30,KTB3Y,2.579
2025-09-30,KTB5Y,2.734
2025-09-30,N225,44932.628906
2025-09-30,SOX,6369.819824
2025-09-30,SPX,6688.459961
2025-09-30,USDJPY,148.595001
2025-09-30,USDKRW,1399.329956
2025-09-30,WTI,62.369999
2025-10-01,CALL,2.456
2025-10-01,CD91,2.56
2025-10-01,CNYKRW,197.099316
2025-10-01,CORPAA3Y,3.033
2025-10-01,DJI,46441.101563
2025-10-01,DXY,97.709999
2025-10-01,EURKRW,1647.170044
2025-10-01,EURUSD,1.173585
2025-10-01,GBPUSD,1.344339
2025-10-01,GOLD_INTL,3867.5
2025-10-01,IXIC,22755.160156
2025-10-01,JPYKRW100,948.010254
2025-10-01,KOSDAQ,845.340027
2025-10-01,KOSPI,3455.830078
2025-10-01,KTB10Y,2.96
2025-10-01,KTB3Y,2.598
2025-10-01,KTB5Y,2.748
2025-10-01,N225,44550.851563
2025-10-01,SOX,6500.279785
2025-10-01,SPX,6711.200195
2025-10-01,USDJPY,147.996994
2025-10-01,USDKRW,1403.150024
2025-10-01,WTI,61.779999
2025-10-02,CALL,2.483
2025-10-02,CD91,2.55
2025-10-02,CNYKRW,196.912481
2025-10-02,CORPAA3Y,3.019
2025-10-02,DJI,46519.71875
2025-10-02,DXY,97.849998
2025-10-02,EURKRW,1644.47998
2025-10-02,EURUSD,1.173406
2025-10-02,GBPUSD,1.348018
2025-10-02,GOLD_INTL,3839.699951
2025-10-02,HSI,27287.119141
2025-10-02,IXIC,22844.050781
2025-10-02,JPYKRW100,953.061485
2025-10-02,KOSDAQ,854.25
2025-10-02,KOSPI,3549.209961
2025-10-02,KTB10Y,2.957
2025-10-02,KTB3Y,2.578
2025-10-02,KTB5Y,2.726
2025-10-02,N225,44936.730469
2025-10-02,SOX,6626.379883
2025-10-02,SPX,6715.350098
2025-10-02,USDJPY,147.082993
2025-10-02,USDKRW,1401.819946
2025-10-02,WTI,60.48
2025-10-03,CNYKRW,197.447677
2025-10-03,DJI,46758.28125
2025-10-03,DXY,97.720001
2025-10-03,EURKRW,1647.219971
2025-10-03,EURUSD,1.172512
2025-10-03,GBPUSD,1.344664
2025-10-03,GOLD_INTL,3880.800049
2025-10-03,HSI,27140.919922
2025-10-03,IXIC,22780.509766
2025-10-03,JPYKRW100,955.184174
2025-10-03,N225,45769.5
2025-10-03,SOX,6583.740234
2025-10-03,SPX,6715.790039
2025-10-03,USDJPY,147.149994
2025-10-03,USDKRW,1405.630005
2025-10-03,WTI,60.880001
2025-10-06,CNYKRW,197.508086
2025-10-06,DJI,46694.96875
2025-10-06,DXY,98.110001
2025-10-06,EURKRW,1651.199951
2025-10-06,EURUSD,1.171248
2025-10-06,GBPUSD,1.343382
2025-10-06,GOLD_INTL,3948.5
2025-10-06,HSI,26957.769531
2025-10-06,IXIC,22941.669922
2025-10-06,JPYKRW100,939.801216
2025-10-06,N225,47944.761719
2025-10-06,SOX,6774.060059
2025-10-06,SPX,6740.279785
2025-10-06,USDJPY,149.606003
2025-10-06,USDKRW,1406.060059
2025-10-06,WTI,61.689999
2025-10-07,CNYKRW,198.050295
2025-10-07,DJI,46602.980469
2025-10-07,DXY,98.580002
2025-10-07,EURKRW,1650.599976
2025-10-07,EURUSD,1.171029
2025-10-07,GBPUSD,1.34849
2025-10-07,GOLD_INTL,3976.600098
2025-10-07,IXIC,22788.359375
2025-10-07,JPYKRW100,937.895775
2025-10-07,N225,47950.878906
2025-10-07,SOX,6634.759766
2025-10-07,SPX,6714.589844
2025-10-07,USDJPY,150.330994
2025-10-07,USDKRW,1409.920044
2025-10-07,WTI,61.73
2025-10-08,CNYKRW,198.703463
2025-10-08,DJI,46601.78125
2025-10-08,DXY,98.849998
2025-10-08,EURKRW,1648.949951
2025-10-08,EURUSD,1.16546
2025-10-08,GBPUSD,1.342102
2025-10-08,GOLD_INTL,4043.300049
2025-10-08,HSI,26829.460938
2025-10-08,IXIC,23043.380859
2025-10-08,JPYKRW100,930.261803
2025-10-08,N225,47734.988281
2025-10-08,SOX,6860.200195
2025-10-08,SPX,6753.720215
2025-10-08,USDJPY,152.050995
2025-10-08,USDKRW,1414.569946
2025-10-08,WTI,62.549999
2025-10-09,CNYKRW,199.834231
2025-10-09,DJI,46358.421875
2025-10-09,DXY,99.540001
2025-10-09,EURKRW,1653.48999
2025-10-09,EURUSD,1.163196
2025-10-09,GBPUSD,1.340141
2025-10-09,GOLD_INTL,3946.300049
2025-10-09,HSI,26752.589844
2025-10-09,IXIC,23024.630859
2025-10-09,JPYKRW100,931.6576
2025-10-09,N225,48580.441406
2025-10-09,SOX,6840.200195
2025-10-09,SPX,6735.109863
2025-10-09,USDJPY,152.679993
2025-10-09,USDKRW,1422.52002
2025-10-09,WTI,61.509998
2025-10-10,CALL,2.539
2025-10-10,CD91,2.55
2025-10-10,CNYKRW,199.440196
2025-10-10,CORPAA3Y,3.026
2025-10-10,DJI,45479.601563
2025-10-10,DXY,98.980003
2025-10-10,EURKRW,1643.430054
2025-10-10,EURUSD,1.156644
2025-10-10,GBPUSD,1.330495
2025-10-10,GOLD_INTL,3975.899902
2025-10-10,HSI,26290.320313
2025-10-10,IXIC,22204.429688
2025-10-10,JPYKRW100,929.291916
2025-10-10,KOSDAQ,859.48999
2025-10-10,KOSPI,3610.600098
2025-10-10,KTB10Y,2.958
2025-10-10,KTB3Y,2.586
2025-10-10,KTB5Y,2.732
2025-10-10,N225,48088.800781
2025-10-10,SOX,6407.600098
2025-10-10,SPX,6552.509766
2025-10-10,USDJPY,152.964996
2025-10-10,USDKRW,1421.51001
2025-10-10,WTI,58.900002
2025-10-13,CALL,2.536
2025-10-13,CD91,2.54
2025-10-13,CNYKRW,201.271838
2025-10-13,CORPAA3Y,2.995
2025-10-13,DJI,46067.578125
2025-10-13,DXY,99.269997
2025-10-13,EURKRW,1615.219971
2025-10-13,EURUSD,1.160241
2025-10-13,GBPUSD,1.333618
2025-10-13,GOLD_INTL,4108.600098
2025-10-13,HSI,25889.480469
2025-10-13,IXIC,22694.609375
2025-10-13,JPYKRW100,939.678383
2025-10-13,KOSDAQ,860.48999
2025-10-13,KOSPI,3584.550049
2025-10-13,KTB10Y,2.926
2025-10-13,KTB3Y,2.554
2025-10-13,KTB5Y,2.677
2025-10-13,SOX,6723.470215
2025-10-13,SPX,6654.720215
2025-10-13,USDJPY,152.056
2025-10-13,USDKRW,1429.030029
2025-10-13,WTI,59.490002
2025-10-14,CALL,2.516
2025-10-14,CD91,2.54
2025-10-14,CNYKRW,200.854925
2025-10-14,CORPAA3Y,2.975
2025-10-14,DJI,46270.460938
2025-10-14,DXY,99.050003
2025-10-14,EURKRW,1648.949951
2025-10-14,EURUSD,1.156685
2025-10-14,GBPUSD,1.333262
2025-10-14,GOLD_INTL,4138.700195
2025-10-14,HSI,25441.349609
2025-10-14,IXIC,22521.699219
2025-10-14,JPYKRW100,934.942341
2025-10-14,KOSDAQ,847.960022
2025-10-14,KOSPI,3561.810059
2025-10-14,KTB10Y,2.865
2025-10-14,KTB3Y,2.537
2025-10-14,KTB5Y,2.65
2025-10-14,N225,46847.320313
2025-10-14,SOX,6570.330078
2025-10-14,SPX,6644.310059
2025-10-14,USDJPY,152.434006
2025-10-14,USDKRW,1426.069946
2025-10-14,WTI,58.700001
2025-10-15,CALL,2.522
2025-10-15,CD91,2.54
2025-10-15,CNYKRW,200.245158
2025-10-15,CORPAA3Y,2.966
2025-10-15,DJI,46253.308594
2025-10-15,DXY,98.790001
2025-10-15,EURKRW,1658.130005
2025-10-15,EURUSD,1.160227
2025-10-15,GBPUSD,1.332161
2025-10-15,GOLD_INTL,4176.899902
2025-10-15,HSI,25910.599609
2025-10-15,IXIC,22670.080078
2025-10-15,JPYKRW100,942.016506
2025-10-15,KOSDAQ,864.719971
2025-10-15,KOSPI,3657.280029
2025-10-15,KTB10Y,2.861
2025-10-15,KTB3Y,2.532
2025-10-15,KTB5Y,2.643
2025-10-15,N225,47672.671875
2025-10-15,SOX,6767.060059
2025-10-15,SPX,6671.060059
2025-10-15,USDJPY,151.731003
2025-10-15,USDKRW,1429.430054
2025-10-15,WTI,58.27
2025-10-16,CALL,2.526
2025-10-16,CD91,2.54
2025-10-16,CNYKRW,199.277304
2025-10-16,CORPAA3Y,3.004
2025-10-16,DJI,45952.238281
2025-10-16,DXY,98.389999
2025-10-16,EURKRW,1653.550049
2025-10-16,EURUSD,1.164632
2025-10-16,GBPUSD,1.340447
2025-10-16,GOLD_INTL,4280.200195
2025-10-16,HSI,25888.509766
2025-10-16,IXIC,22562.539063
2025-10-16,JPYKRW100,940.615845
2025-10-16,KOSDAQ,865.409973
2025-10-16,KOSPI,3748.370117
2025-10-16,KTB10Y,2.885
2025-10-16,KTB3Y,2.584
2025-10-16,KTB5Y,2.682
2025-10-16,N225,48277.738281
2025-10-16,SOX,6800.02002
2025-10-16,SPX,6629.069824
2025-10-16,USDJPY,150.973999
2025-10-16,USDKRW,1420.089966
2025-10-16,WTI,57.459999
2025-10-17,CALL,2.514
2025-10-17,CD91,2.54
2025-10-17,CNYKRW,198.753326
2025-10-17,CORPAA3Y,2.99
2025-10-17,DJI,46190.609375
2025-10-17,DXY,98.43
2025-10-17,EURKRW,1655.27002
2025-10-17,EURUSD,1.16996
2025-10-17,GBPUSD,1.344556
2025-10-17,GOLD_INTL,4189.899902
2025-10-17,HSI,25247.099609
2025-10-17,IXIC,22679.970703
2025-10-17,JPYKRW100,943.043232
2025-10-17,KOSDAQ,859.539978
2025-10-17,KOSPI,3748.889893
2025-10-17,KTB10Y,2.886
2025-10-17,KTB3Y,2.546
2025-10-17,KTB5Y,2.669
2025-10-17,N225,47582.148438
2025-10-17,SOX,6777.97998
2025-10-17,SPX,6664.009766
2025-10-17,USDJPY,150.119995
2025-10-17,USDKRW,1415.719971
2025-10-17,WTI,57.540001
2025-10-20,CALL,2.517
2025-10-20,CD91,2.54
2025-10-20,CNYKRW,199.222608
2025-10-20,CORPAA3Y,3.004
2025-10-20,DJI,46706.578125
2025-10-20,DXY,98.589996
2025-10-20,EURKRW,1653.089966
2025-10-20,EURUSD,1.165746
2025-10-20,GBPUSD,1.342588
2025-10-20,GOLD_INTL,4336.399902
2025-10-20,HSI,25858.830078
2025-10-20,IXIC,22990.539063
2025-10-20,JPYKRW100,940.630054
2025-10-20,KOSDAQ,875.77002
2025-10-20,KOSPI,3814.689941
2025-10-20,KTB10Y,2.896
2025-10-20,KTB3Y,2.577
2025-10-20,KTB5Y,2.684
2025-10-20,N225,49185.5
2025-10-20,SOX,6885.029785
2025-10-20,SPX,6735.129883
2025-10-20,USDJPY,150.899994
2025-10-20,USDKRW,1419.73999
2025-10-20,WTI,57.52
2025-10-21,CALL,2.517
2025-10-21,CD91,2.54
2025-10-21,CNYKRW,199.415683
2025-10-21,CORPAA3Y,3.024
2025-10-21,DJI,46924.738281
2025-10-21,DXY,98.93
2025-10-21,EURKRW,1653.119995
2025-10-21,EURUSD,1.164443
2025-10-21,GBPUSD,1.340518
2025-10-21,GOLD_INTL,4087.699951
2025-10-21,HSI,26027.550781
2025-10-21,IXIC,22953.669922
2025-10-21,JPYKRW100,941.650105
2025-10-21,KOSDAQ,872.5
2025-10-21,KOSPI,3823.840088
2025-10-21,KTB10Y,2.903
2025-10-21,KTB3Y,2.608
2025-10-21,KTB5Y,2.72
2025-10-21,N225,49316.058594
2025-10-21,SOX,6839.27002
2025-10-21,SPX,6735.350098
2025-10-21,USDJPY,150.774002
2025-10-21,USDKRW,1419.73999
2025-10-21,WTI,57.82
2025-10-22,CALL,2.518
2025-10-22,CD91,2.54
2025-10-22,CNYKRW,200.895841
2025-10-22,CORPAA3Y,2.999
2025-10-22,DJI,46590.410156
2025-10-22,DXY,98.900002
2025-10-22,EURKRW,1659.530029
2025-10-22,EURUSD,1.160039
2025-10-22,GBPUSD,1.336523
2025-10-22,GOLD_INTL,4044.399902
2025-10-22,HSI,25781.769531
2025-10-22,IXIC,22740.400391
2025-10-22,JPYKRW100,941.843319
2025-10-22,KOSDAQ,879.150024
2025-10-22,KOSPI,3883.679932
2025-10-22,KTB10Y,2.88
2025-10-22,KTB3Y,2.559
2025-10-22,KTB5Y,2.688
2025-10-22,N225,49307.789063
2025-10-22,SOX,6677.569824
2025-10-22,SPX,6699.399902
2025-10-22,USDJPY,151.893005
2025-10-22,USDKRW,1430.73999
2025-10-22,WTI,58.5
2025-10-23,CALL,2.511
2025-10-23,CD91,2.54
2025-10-23,CNYKRW,200.738177
2025-10-23,CORPAA3Y,3.027
2025-10-23,DJI,46734.609375
2025-10-23,DXY,98.940002
2025-10-23,EURKRW,1660.699951
2025-10-23,EURUSD,1.160847
2025-10-23,GBPUSD,1.335185
2025-10-23,GOLD_INTL,4125.5
2025-10-23,HSI,25967.980469
2025-10-23,IXIC,22941.800781
2025-10-23,JPYKRW100,941.269398
2025-10-23,KOSDAQ,872.030029
2025-10-23,KOSPI,3845.560059
2025-10-23,KTB10Y,2.912
2025-10-23,KTB3Y,2.603
2025-10-23,KTB5Y,2.721
2025-10-23,N225,48641.609375
2025-10-23,SOX,6847.390137
2025-10-23,SPX,6738.439941
2025-10-23,USDJPY,151.953995
2025-10-23,USDKRW,1430.400024
2025-10-23,WTI,61.790001
2025-10-24,CALL,2.53
2025-10-24,CD91,2.54
2025-10-24,CNYKRW,201.501602
2025-10-24,CORPAA3Y,3.013
2025-10-24,DJI,47207.121094
2025-10-24,DXY,98.949997
2025-10-24,EURKRW,1667.810059
2025-10-24,EURUSD,1.161805
2025-10-24,GBPUSD,1.332747
2025-10-24,GOLD_INTL,4118.399902
2025-10-24,HSI,26160.150391
2025-10-24,IXIC,23204.869141
2025-10-24,JPYKRW100,940.824986
2025-10-24,KOSDAQ,883.080017
2025-10-24,KOSPI,3941.590088
2025-10-24,KTB10Y,2.91
2025-10-24,KTB3Y,2.58
2025-10-24,KTB5Y,2.712
2025-10-24,N225,49299.648438
2025-10-24,SOX,6976.939941
2025-10-24,SPX,6791.689941
2025-10-24,USDJPY,152.602005
2025-10-24,USDKRW,1435.839966
2025-10-24,WTI,61.5
2025-10-27,CALL,2.528
2025-10-27,CD91,2.54
2025-10-27,CNYKRW,201.790451
2025-10-27,CORPAA3Y,3.036
2025-10-27,DJI,47544.589844
2025-10-27,DXY,98.779999
2025-10-27,EURKRW,1668.719971
2025-10-27,EURUSD,1.163169
2025-10-27,GBPUSD,1.332239
2025-10-27,GOLD_INTL,4001.899902
2025-10-27,HSI,26433.699219
2025-10-27,IXIC,23637.460938
2025-10-27,JPYKRW100,938.760376
2025-10-27,KOSDAQ,902.700012
2025-10-27,KOSPI,4042.830078
2025-10-27,KTB10Y,2.936
2025-10-27,KTB3Y,2.623
2025-10-27,KTB5Y,2.76
2025-10-27,N225,50512.320313
2025-10-27,SOX,7167.97998
2025-10-27,SPX,6875.160156
2025-10-27,USDJPY,153.061005
2025-10-27,USDKRW,1436.969971
2025-10-27,WTI,61.310001
2025-10-28,CALL,2.506
2025-10-28,CD91,2.55
2025-10-28,CNYKRW,201.25594
2025-10-28,CORPAA3Y,3.047
2025-10-28,DJI,47706.371094
2025-10-28,DXY,98.690002
2025-10-28,EURKRW,1666.880005
2025-10-28,EURUSD,1.165175
2025-10-28,GBPUSD,1.3341
2025-10-28,GOLD_INTL,3966.199951
2025-10-28,HSI,26346.140625
2025-10-28,IXIC,23827.490234
2025-10-28,JPYKRW100,937.032223
2025-10-28,KOSDAQ,903.299988
2025-10-28,KOSPI,4010.409912
2025-10-28,KTB10Y,2.938
2025-10-28,KTB3Y,2.633
2025-10-28,KTB5Y,2.756
2025-10-28,N225,50219.179688
2025-10-28,SOX,7194.709961
2025-10-28,SPX,6890.890137
2025-10-28,USDJPY,152.692001
2025-10-28,USDKRW,1430.969971
2025-10-28,WTI,60.150002
2025-10-29,CALL,2.512
2025-10-29,CD91,2.55
2025-10-29,CNYKRW,200.874786
2025-10-29,CORPAA3Y,3.085
2025-10-29,DJI,47632
2025-10-29,DXY,99.220001
2025-10-29,EURKRW,1661.280029
2025-10-29,EURUSD,1.165787
2025-10-29,GBPUSD,1.327933
2025-10-29,GOLD_INTL,3983.699951
2025-10-29,IXIC,23958.470703
2025-10-29,JPYKRW100,939.132881
2025-10-29,KOSDAQ,901.590027
2025-10-29,KOSPI,4081.149902
2025-10-29,KTB10Y,2.968
2025-10-29,KTB3Y,2.674
2025-10-29,KTB5Y,2.8
2025-10-29,N225,51307.648438
2025-10-29,SOX,7327.930176
2025-10-29,SPX,6890.589844
2025-10-29,USDJPY,151.731003
2025-10-29,USDKRW,1425.969971
2025-10-29,WTI,60.48
2025-10-30,CALL,2.507
2025-10-30,CD91,2.56
2025-10-30,CNYKRW,200.593043
2025-10-30,CORPAA3Y,3.135
2025-10-30,DJI,47522.121094
2025-10-30,DXY,99.529999
2025-10-30,EURKRW,1651.76001
2025-10-30,EURUSD,1.160335
2025-10-30,GBPUSD,1.31954
2025-10-30,GOLD_INTL,4001.300049
2025-10-30,HSI,26282.689453
2025-10-30,IXIC,23581.140625
2025-10-30,JPYKRW100,932.343388
2025-10-30,KOSDAQ,890.859985
2025-10-30,KOSPI,4086.889893
2025-10-30,KTB10Y,3.042
2025-10-30,KTB3Y,2.736
2025-10-30,KTB5Y,2.857
2025-10-30,N225,51325.609375
2025-10-30,SOX,7216
2025-10-30,SPX,6822.339844
2025-10-30,USDJPY,152.722
2025-10-30,USDKRW,1424.01001
2025-10-30,WTI,60.57
2025-10-31,CALL,2.511
2025-10-31,CD91,2.55
2025-10-31,CNYKRW,200.289748
2025-10-31,CORPAA3Y,3.122
2025-10-31,DJI,47562.871094
2025-10-31,DXY,99.800003
2025-10-31,EURKRW,1647.040039
2025-10-31,EURUSD,1.157247
2025-10-31,GBPUSD,1.315911
2025-10-31,GOLD_INTL,3982.199951
2025-10-31,HSI,25906.650391
2025-10-31,IXIC,23724.960938
2025-10-31,JPYKRW100,925.244141
2025-10-31,KOSDAQ,900.419983
2025-10-31,KOSPI,4107.5
2025-10-31,KTB10Y,3.058
2025-10-31,KTB3Y,2.716
2025-10-31,KTB5Y,2.859
2025-10-31,N225,52411.339844
2025-10-31,SOX,7228.660156
2025-10-31,SPX,6840.200195
2025-10-31,USDJPY,153.899994
2025-10-31,USDKRW,1424.02002
2025-10-31,WTI,60.98
2025-11-03,CALL,2.488
2025-11-03,CD91,2.56
2025-11-03,CNYKRW,200.532542
2025-11-03,CORPAA3Y,3.147
2025-11-03,DJI,47336.679688
2025-11-03,DXY,99.870003
2025-11-03,EURKRW,1646.459961
2025-11-03,EURUSD,1.152804
2025-11-03,GBPUSD,1.313474
2025-11-03,GOLD_INTL,4000.300049
2025-11-03,HSI,26158.359375
2025-11-03,IXIC,23834.720703
2025-11-03,JPYKRW100,927.340031
2025-11-03,KOSDAQ,914.549988
2025-11-03,KOSPI,4221.870117
2025-11-03,KTB10Y,3.057
2025-11-03,KTB3Y,2.746
2025-11-03,KTB5Y,2.892
2025-11-03,SOX,7270.970215
2025-11-03,SPX,6851.970215
2025-11-03,USDJPY,154.195007
2025-11-03,USDKRW,1427.170044
2025-11-03,WTI,61.049999
2025-11-04,CALL,2.43
2025-11-04,CD91,2.57
2025-11-04,CNYKRW,199.248437
2025-11-04,CORPAA3Y,3.136
2025-11-04,DJI,47085.238281
2025-11-04,DXY,100.220001
2025-11-04,EURKRW,1645.719971
2025-11-04,EURUSD,1.151914
2025-11-04,GBPUSD,1.313525
2025-11-04,GOLD_INTL,3947.699951
2025-11-04,HSI,25952.400391
2025-11-04,IXIC,23348.640625
2025-11-04,JPYKRW100,926.624012
2025-11-04,KOSDAQ,926.570007
2025-11-04,KOSPI,4121.740234
2025-11-04,KTB10Y,3.08
2025-11-04,KTB3Y,2.737
2025-11-04,KTB5Y,2.878
2025-11-04,N225,51497.199219
2025-11-04,SOX,6979.569824
2025-11-04,SPX,6771.549805
2025-11-04,USDJPY,154.203995
2025-11-04,USDKRW,1428.969971
2025-11-04,WTI,60.560001
2025-11-05,CALL,2.489
2025-11-05,CD91,2.57
2025-11-05,CNYKRW,201.951059
2025-11-05,CORPAA3Y,3.169
2025-11-05,DJI,47311
2025-11-05,DXY,100.199997
2025-11-05,EURKRW,1653.050049
2025-11-05,EURUSD,1.148554
2025-11-05,GBPUSD,1.30217
2025-11-05,GOLD_INTL,3980.300049
2025-11-05,HSI,25935.410156
2025-11-05,IXIC,23499.800781
2025-11-05,JPYKRW100,937.63876
2025-11-05,KOSDAQ,901.890015
2025-11-05,KOSPI,4004.419922
2025-11-05,KTB10Y,3.114
2025-11-05,KTB3Y,2.768
2025-11-05,KTB5Y,2.908
2025-11-05,N225,50212.269531
2025-11-05,SOX,7190.27002
2025-11-05,SPX,6796.290039
2025-11-05,USDJPY,153.557007
2025-11-05,USDKRW,1439.810059
2025-11-05,WTI,59.599998
2025-11-06,CALL,2.518
2025-11-06,CD91,2.58
2025-11-06,CNYKRW,202.040416
2025-11-06,CORPAA3Y,3.232
2025-11-06,DJI,46912.300781
2025-11-06,DXY,99.730003
2025-11-06,EURKRW,1654.26001
2025-11-06,EURUSD,1.149676
2025-11-06,GBPUSD,1.30526
2025-11-06,GOLD_INTL,3979.899902
2025-11-06,HSI,26485.900391
2025-11-06,IXIC,23053.990234
2025-11-06,JPYKRW100,934.480381
2025-11-06,KOSDAQ,898.169983
2025-11-06,KOSPI,4026.449951
2025-11-06,KTB10Y,3.157
2025-11-06,KTB3Y,2.842
2025-11-06,KTB5Y,3.002
2025-11-06,N225,50883.679688
2025-11-06,SOX,7018.390137
2025-11-06,SPX,6720.319824
2025-11-06,USDJPY,154.072998
2025-11-06,USDKRW,1439.73999
2025-11-06,WTI,59.43
2025-11-07,CALL,2.518
2025-11-07,CD91,2.6
2025-11-07,CNYKRW,203.396742
2025-11-07,CORPAA3Y,3.286
2025-11-07,DJI,46987.101563
2025-11-07,DXY,99.599998
2025-11-07,EURKRW,1671.689941
2025-11-07,EURUSD,1.154921
2025-11-07,GBPUSD,1.314095
2025-11-07,GOLD_INTL,3999.399902
2025-11-07,HSI,26241.830078
2025-11-07,IXIC,23004.539063
2025-11-07,JPYKRW100,946.550179
2025-11-07,KOSDAQ,876.809998
2025-11-07,KOSPI,3953.76001
2025-11-07,KTB10Y,3.222
2025-11-07,KTB3Y,2.894
2025-11-07,KTB5Y,3.045
2025-11-07,N225,50276.371094
2025-11-07,SOX,6947.359863
2025-11-07,SPX,6728.799805
2025-11-07,USDJPY,152.947998
2025-11-07,USDKRW,1447.900024
2025-11-07,WTI,59.75
2025-11-10,CALL,2.52
2025-11-10,CD91,2.6
2025-11-10,CNYKRW,204.253648
2025-11-10,CORPAA3Y,3.261
2025-11-10,DJI,47368.628906
2025-11-10,DXY,99.620003
2025-11-10,EURKRW,1669.089966
2025-11-10,EURUSD,1.154388
2025-11-10,GBPUSD,1.314268
2025-11-10,GOLD_INTL,4111.799805
2025-11-10,HSI,26649.060547
2025-11-10,IXIC,23527.169922
2025-11-10,JPYKRW100,945.189953
2025-11-10,KOSDAQ,888.349976
2025-11-10,KOSPI,4073.23999
2025-11-10,KTB10Y,3.178
2025-11-10,KTB3Y,2.883
2025-11-10,KTB5Y,3.05
2025-11-10,N225,50911.761719
2025-11-10,SOX,7156.950195
2025-11-10,SPX,6832.430176
2025-11-10,USDJPY,153.817001
2025-11-10,USDKRW,1454
2025-11-10,WTI,60.130001
2025-11-11,CALL,2.521
2025-11-11,CD91,2.6
2025-11-11,CNYKRW,204.527129
2025-11-11,CORPAA3Y,3.236
2025-11-11,DJI,47927.960938
2025-11-11,DXY,99.459999
2025-11-11,EURKRW,1682.839966
2025-11-11,EURUSD,1.155722
2025-11-11,GBPUSD,1.317297
2025-11-11,GOLD_INTL,4106.799805
2025-11-11,HSI,26696.410156
2025-11-11,IXIC,23468.300781
2025-11-11,JPYKRW100,944.568443
2025-11-11,KOSDAQ,884.27002
2025-11-11,KOSPI,4106.390137
2025-11-11,KTB10Y,3.221
2025-11-11,KTB3Y,2.827
2025-11-11,KTB5Y,2.993
2025-11-11,N225,50842.929688
2025-11-11,SOX,6979.700195
2025-11-11,SPX,6846.609863
2025-11-11,USDJPY,154.145996
2025-11-11,USDKRW,1456.089966
2025-11-11,WTI,61.040001
2025-11-12,CALL,2.51
2025-11-12,CD91,2.61
2025-11-12,CNYKRW,205.053866
2025-11-12,CORPAA3Y,3.331
2025-11-12,DJI,48254.820313
2025-11-12,DXY,99.480003
2025-11-12,EURKRW,1690.859985
2025-11-12,EURUSD,1.158749
2025-11-12,GBPUSD,1.315288
2025-11-12,GOLD_INTL,4204.399902
2025-11-12,HSI,26922.730469
2025-11-12,IXIC,23406.460938
2025-11-12,JPYKRW100,947.43433
2025-11-12,KOSDAQ,906.51001
2025-11-12,KOSPI,4150.390137
2025-11-12,KTB10Y,3.301
2025-11-12,KTB3Y,2.906
2025-11-12,KTB5Y,3.117
2025-11-12,N225,51063.308594
2025-11-12,SOX,7082.129883
2025-11-12,SPX,6850.919922
2025-11-12,USDJPY,154.074997
2025-11-12,USDKRW,1459.839966
2025-11-12,WTI,58.490002
2025-11-13,CALL,2.52
2025-11-13,CD91,2.7
2025-11-13,CNYKRW,206.202863
2025-11-13,CORPAA3Y,3.345
2025-11-13,DJI,47457.21875
2025-11-13,DXY,99.18
2025-11-13,EURKRW,1700.939941
2025-11-13,EURUSD,1.159219
2025-11-13,GBPUSD,1.312784
2025-11-13,GOLD_INTL,4186.899902
2025-11-13,HSI,27073.029297
2025-11-13,IXIC,22870.359375
2025-11-13,JPYKRW100,948.805332
2025-11-13,KOSDAQ,918.369995
2025-11-13,KOSPI,4170.629883
2025-11-13,KTB10Y,3.271
2025-11-13,KTB3Y,2.928
2025-11-13,KTB5Y,3.08
2025-11-13,N225,51281.828125
2025-11-13,SOX,6818.740234
2025-11-13,SPX,6737.490234
2025-11-13,USDJPY,154.712997
2025-11-13,USDKRW,1468.02002
2025-11-13,WTI,58.689999
2025-11-14,CALL,2.513
2025-11-14,CD91,2.72
2025-11-14,CNYKRW,206.511525
2025-11-14,CORPAA3Y,3.365
2025-11-14,DJI,47147.480469
2025-11-14,DXY,99.269997
2025-11-14,EURKRW,1707.98999
2025-11-14,EURUSD,1.163196
2025-11-14,GBPUSD,1.315218
2025-11-14,GOLD_INTL,4087.600098
2025-11-14,HSI,26572.460938
2025-11-14,IXIC,22900.589844
2025-11-14,JPYKRW100,949.760723
2025-11-14,KOSDAQ,897.900024
2025-11-14,KOSPI,4011.570068
2025-11-14,KTB10Y,3.313
2025-11-14,KTB3Y,2.954
2025-11-14,KTB5Y,3.116
2025-11-14,N225,50376.53125
2025-11-14,SOX,6811.200195
2025-11-14,SPX,6734.109863
2025-11-14,USDJPY,154.632996
2025-11-14,USDKRW,1468.709961
2025-11-14,WTI,60.09
2025-11-17,CALL,2.511
2025-11-17,CD91,2.74
2025-11-17,CNYKRW,203.759589
2025-11-17,CORPAA3Y,3.342
2025-11-17,DJI,46590.238281
2025-11-17,DXY,99.589996
2025-11-17,EURKRW,1674.890015
2025-11-17,EURUSD,1.161535
2025-11-17,GBPUSD,1.316015
2025-11-17,GOLD_INTL,4068.300049
2025-11-17,HSI,26384.279297
2025-11-17,IXIC,22708.070313
2025-11-17,JPYKRW100,935.620403
2025-11-17,KOSDAQ,902.669983
2025-11-17,KOSPI,4089.25
2025-11-17,KTB10Y,3.302
2025-11-17,KTB3Y,2.908
2025-11-17,KTB5Y,3.106
2025-11-17,N225,50323.910156
2025-11-17,SOX,6705.740234
2025-11-17,SPX,6672.410156
2025-11-17,USDJPY,154.585007
2025-11-17,USDKRW,1446.530029
2025-11-17,WTI,59.91
2025-11-18,CALL,2.497
2025-11-18,CD91,2.74
2025-11-18,CNYKRW,205.65458
2025-11-18,CORPAA3Y,3.309
2025-11-18,DJI,46091.738281
2025-11-18,DXY,99.550003
2025-11-18,EURKRW,1694.23999
2025-11-18,EURUSD,1.159057
2025-11-18,GBPUSD,1.315616
2025-11-18,GOLD_INTL,4061.300049
2025-11-18,HSI,25930.029297
2025-11-18,IXIC,22432.849609
2025-11-18,JPYKRW100,941.37764
2025-11-18,KOSDAQ,878.700012
2025-11-18,KOSPI,3953.620117
2025-11-18,KTB10Y,3.261
2025-11-18,KTB3Y,2.864
2025-11-18,KTB5Y,3.062
2025-11-18,N225,48702.980469
2025-11-18,SOX,6551.029785
2025-11-18,SPX,6617.319824
2025-11-18,USDJPY,155.272995
2025-11-18,USDKRW,1461.689941
2025-11-18,WTI,60.740002
2025-11-19,CALL,2.512
2025-11-19,CD91,2.75
2025-11-19,CNYKRW,204.931415
2025-11-19,CORPAA3Y,3.308
2025-11-19,DJI,46138.769531
2025-11-19,DXY,100.230003
2025-11-19,EURKRW,1686.459961
2025-11-19,EURUSD,1.158118
2025-11-19,GBPUSD,1.314752
2025-11-19,GOLD_INTL,4077.699951
2025-11-19,HSI,25830.650391
2025-11-19,IXIC,22564.230469
2025-11-19,JPYKRW100,936.403084
2025-11-19,KOSDAQ,871.320007
2025-11-19,KOSPI,3929.51001
2025-11-19,KTB10Y,3.285
2025-11-19,KTB3Y,2.875
2025-11-19,KTB5Y,3.07
2025-11-19,N225,48537.699219
2025-11-19,SOX,6670.029785
2025-11-19,SPX,6642.160156
2025-11-19,USDJPY,155.548004
2025-11-19,USDKRW,1456.550049
2025-11-19,WTI,59.439999
2025-11-20,CALL,2.514
2025-11-20,CD91,2.76
2025-11-20,CNYKRW,206.279281
2025-11-20,CORPAA3Y,3.34
2025-11-20,DJI,45752.261719
2025-11-20,DXY,100.160004
2025-11-20,EURKRW,1691.400024
2025-11-20,EURUSD,1.154068
2025-11-20,GBPUSD,1.306182
2025-11-20,GOLD_INTL,4056.5
2025-11-20,HSI,25835.570313
2025-11-20,IXIC,22078.050781
2025-11-20,JPYKRW100,933.886623
2025-11-20,KOSDAQ,891.940002
2025-11-20,KOSPI,4004.850098
2025-11-20,KTB10Y,3.297
2025-11-20,KTB3Y,2.913
2025-11-20,KTB5Y,3.12
2025-11-20,N225,49823.941406
2025-11-20,SOX,6352.069824
2025-11-20,SPX,6538.759766
2025-11-20,USDJPY,156.992004
2025-11-20,USDKRW,1466.130005
2025-11-20,WTI,59.139999
2025-11-21,CALL,2.518
2025-11-21,CD91,2.76
2025-11-21,CNYKRW,207.281039
2025-11-21,CORPAA3Y,3.308
2025-11-21,DJI,46245.410156
2025-11-21,DXY,100.18
2025-11-21,EURKRW,1698.23999
2025-11-21,EURUSD,1.153456
2025-11-21,GBPUSD,1.308489
2025-11-21,GOLD_INTL,4076.699951
2025-11-21,HSI,25220.019531
2025-11-21,IXIC,22273.080078
2025-11-21,JPYKRW100,936.253929
2025-11-21,KOSDAQ,863.950012
2025-11-21,KOSPI,3853.26001
2025-11-21,KTB10Y,3.268
2025-11-21,KTB3Y,2.874
2025-11-21,KTB5Y,3.072
2025-11-21,N225,48625.878906
2025-11-21,SOX,6406.430176
2025-11-21,SPX,6602.990234
2025-11-21,USDJPY,157.369003
2025-11-21,USDKRW,1473.25
2025-11-21,WTI,58.060001
2025-11-24,CALL,2.519
2025-11-24,CD91,2.76
2025-11-24,CNYKRW,206.530552
2025-11-24,CORPAA3Y,3.338
2025-11-24,DJI,46448.269531
2025-11-24,DXY,100.139999
2025-11-24,EURKRW,1690.390015
2025-11-24,EURUSD,1.150761
2025-11-24,GBPUSD,1.309638
2025-11-24,GOLD_INTL,4091.899902
2025-11-24,HSI,25716.5
2025-11-24,IXIC,22872.009766
2025-11-24,JPYKRW100,936.655617
2025-11-24,KOSDAQ,856.440002
2025-11-24,KOSPI,3846.060059
2025-11-24,KTB10Y,3.283
2025-11-24,KTB3Y,2.908
2025-11-24,KTB5Y,3.063
2025-11-24,SOX,6703.200195
2025-11-24,SPX,6705.120117
2025-11-24,USDJPY,156.688004
2025-11-24,USDKRW,1467.72998
2025-11-24,WTI,58.84
2025-11-25,CALL,2.52
2025-11-25,CD91,2.76
2025-11-25,CNYKRW,207.662411
2025-11-25,CORPAA3Y,3.334
2025-11-25,DJI,47112.449219
2025-11-25,DXY,99.660004
2025-11-25,EURKRW,1699.400024
2025-11-25,EURUSD,1.152007
2025-11-25,GBPUSD,1.310616
2025-11-25,GOLD_INTL,4139.200195
2025-11-25,HSI,25894.550781
2025-11-25,IXIC,23025.589844
2025-11-25,JPYKRW100,939.842129
2025-11-25,KOSDAQ,856.030029
2025-11-25,KOSPI,3857.780029
2025-11-25,KTB10Y,3.265
2025-11-25,KTB3Y,2.907
2025-11-25,KTB5Y,3.083
2025-11-25,N225,48659.519531
2025-11-25,SOX,6714.180176
2025-11-25,SPX,6765.879883
2025-11-25,USDJPY,156.938995
2025-11-25,USDKRW,1474.859985
2025-11-25,WTI,57.950001
2025-11-26,CALL,2.533
2025-11-26,CD91,2.76
2025-11-26,CNYKRW,206.778189
2025-11-26,CORPAA3Y,3.328
2025-11-26,DJI,47427.121094
2025-11-26,DXY,99.599998
2025-11-26,EURKRW,1694.589966
2025-11-26,EURUSD,1.156484
2025-11-26,GBPUSD,1.315871
2025-11-26,GOLD_INTL,4165.200195
2025-11-26,HSI,25928.080078
2025-11-26,IXIC,23214.689453
2025-11-26,JPYKRW100,937.179661
2025-11-26,KOSDAQ,877.320007
2025-11-26,KOSPI,3960.870117
2025-11-26,KTB10Y,3.259
2025-11-26,KTB3Y,2.9
2025-11-26,KTB5Y,3.071
2025-11-26,N225,49559.070313
2025-11-26,SOX,6899.459961
2025-11-26,SPX,6812.609863
2025-11-26,USDJPY,156.229996
2025-11-26,USDKRW,1464.920044
2025-11-26,WTI,58.650002
2025-11-27,CALL,2.513
2025-11-27,CD91,2.8
2025-11-27,CNYKRW,207.83374
2025-11-27,CORPAA3Y,3.446
2025-11-27,EURKRW,1705.22998
2025-11-27,EURUSD,1.160214
2025-11-27,GBPUSD,1.3245
2025-11-27,HSI,25945.929688
2025-11-27,JPYKRW100,941.156483
2025-11-27,KOSDAQ,880.059998
2025-11-27,KOSPI,3986.909912
2025-11-27,KTB10Y,3.36
2025-11-27,KTB3Y,3.02
2025-11-27,KTB5Y,3.151
2025-11-27,N225,50167.101563
2025-11-27,USDJPY,156.238998
2025-11-27,USDKRW,1470.589966
2025-11-28,CALL,2.514
2025-11-28,CD91,2.8
2025-11-28,CNYKRW,206.534955
2025-11-28,CORPAA3Y,3.428
2025-11-28,DJI,47716.421875
2025-11-28,DXY,99.459999
2025-11-28,EURKRW,1694.25
2025-11-28,EURUSD,1.159985
2025-11-28,GBPUSD,1.324118
2025-11-28,GOLD_INTL,4218.299805
2025-11-28,HSI,25858.890625
2025-11-28,IXIC,23365.689453
2025-11-28,JPYKRW100,935.029697
2025-11-28,KOSDAQ,912.669983
2025-11-28,KOSPI,3926.590088
2025-11-28,KTB10Y,3.343
2025-11-28,KTB3Y,2.999
2025-11-28,KTB5Y,3.173
2025-11-28,N225,50253.910156
2025-11-28,SOX,7025.149902
2025-11-28,SPX,6849.089844
2025-11-28,USDJPY,156.283997
2025-11-28,USDKRW,1461.400024
2025-11-28,WTI,58.549999
2025-12-01,CALL,2.511
2025-12-01,CD91,2.8
2025-12-01,CNYKRW,207.151843
2025-12-01,CORPAA3Y,3.481
2025-12-01,DJI,47289.328125
2025-12-01,DXY,99.410004
2025-12-01,EURKRW,1693.459961
2025-12-01,EURUSD,1.160147
2025-12-01,GBPUSD,1.323977
2025-12-01,GOLD_INTL,4239.299805
2025-12-01,HSI,26033.259766
2025-12-01,IXIC,23275.919922
2025-12-01,JPYKRW100,939.966965
2025-12-01,KOSDAQ,922.380005
2025-12-01,KOSPI,3920.370117
2025-12-01,KTB10Y,3.387
2025-12-01,KTB3Y,3.05
2025-12-01,KTB5Y,3.228
2025-12-01,N225,49303.28125
2025-12-01,SOX,7020.529785
2025-12-01,SPX,6812.629883
2025-12-01,USDJPY,155.927994
2025-12-01,USDKRW,1465.619995
2025-12-01,WTI,59.32
2025-12-02,CALL,2.507
2025-12-02,CD91,2.8
2025-12-02,CNYKRW,207.894852
2025-12-02,CORPAA3Y,3.463
2025-12-02,DJI,47474.460938
2025-12-02,DXY,99.360001
2025-12-02,EURKRW,1706.52002
2025-12-02,EURUSD,1.160766
2025-12-02,GBPUSD,1.320934
2025-12-02,GOLD_INTL,4186.600098
2025-12-02,HSI,26095.050781
2025-12-02,IXIC,23413.669922
2025-12-02,JPYKRW100,945.06464
2025-12-02,KOSDAQ,928.419983
2025-12-02,KOSPI,3994.929932
2025-12-02,KTB10Y,3.35
2025-12-02,KTB3Y,3.025
2025-12-02,KTB5Y,3.216
2025-12-02,N225,49303.449219
2025-12-02,SOX,7149.470215
2025-12-02,SPX,6829.370117
2025-12-02,USDJPY,155.557007
2025-12-02,USDKRW,1470.170044
2025-12-02,WTI,58.639999
2025-12-03,CALL,2.51
2025-12-03,CD91,2.81
2025-12-03,CNYKRW,207.547376
2025-12-03,CORPAA3Y,3.484
2025-12-03,DJI,47882.898438
2025-12-03,DXY,98.849998
2025-12-03,EURKRW,1705.430054
2025-12-03,EURUSD,1.162791
2025-12-03,GBPUSD,1.321947
2025-12-03,GOLD_INTL,4199.299805
2025-12-03,HSI,25760.730469
2025-12-03,IXIC,23454.089844
2025-12-03,JPYKRW100,941.790295
2025-12-03,KOSDAQ,932.01001
2025-12-03,KOSPI,4036.300049
2025-12-03,KTB10Y,3.373
2025-12-03,KTB3Y,3.043
2025-12-03,KTB5Y,3.256
2025-12-03,N225,49864.679688
2025-12-03,SOX,7280.509766
2025-12-03,SPX,6849.720215
2025-12-03,USDJPY,155.807007
2025-12-03,USDKRW,1467.359985
2025-12-03,WTI,58.950001
2025-12-04,CALL,2.522
2025-12-04,CD91,2.81
2025-12-04,CNYKRW,207.405575
2025-12-04,CORPAA3Y,3.474
2025-12-04,DJI,47850.941406
2025-12-04,DXY,98.989998
2025-12-04,EURKRW,1709.680054
2025-12-04,EURUSD,1.166684
2025-12-04,GBPUSD,1.334882
2025-12-04,GOLD_INTL,4211.799805
2025-12-04,HSI,25935.900391
2025-12-04,IXIC,23505.140625
2025-12-04,JPYKRW100,944.617367
2025-12-04,KOSDAQ,929.830017
2025-12-04,KOSPI,4028.51001
2025-12-04,KTB10Y,3.371
2025-12-04,KTB3Y,3.04
2025-12-04,KTB5Y,3.229
2025-12-04,N225,51028.421875
2025-12-04,SOX,7215.970215
2025-12-04,SPX,6857.120117
2025-12-04,USDJPY,155.106995
2025-12-04,USDKRW,1465.030029
2025-12-04,WTI,59.669998
2025-12-05,CALL,2.514
2025-12-05,CD91,2.83
2025-12-05,CNYKRW,208.216191
2025-12-05,CORPAA3Y,3.453
2025-12-05,DJI,47954.988281
2025-12-05,DXY,98.989998
2025-12-05,EURKRW,1714.209961
2025-12-05,EURUSD,1.16428
2025-12-05,GBPUSD,1.332179
2025-12-05,GOLD_INTL,4212.899902
2025-12-05,HSI,26085.080078
2025-12-05,IXIC,23578.130859
2025-12-05,JPYKRW100,949.086761
2025-12-05,KOSDAQ,924.73999
2025-12-05,KOSPI,4100.049805
2025-12-05,KTB10Y,3.375
2025-12-05,KTB3Y,2.991
2025-12-05,KTB5Y,3.213
2025-12-05,N225,50491.871094
2025-12-05,SOX,7294.839844
2025-12-05,SPX,6870.399902
2025-12-05,USDJPY,155.141998
2025-12-05,USDKRW,1472.380005
2025-12-05,WTI,60.080002
2025-12-08,CALL,2.52
2025-12-08,CD91,2.83
2025-12-08,CNYKRW,208.188587
2025-12-08,CORPAA3Y,3.492
2025-12-08,DJI,47739.320313
2025-12-08,DXY,99.089996
2025-12-08,EURKRW,1711.810059
2025-12-08,EURUSD,1.164022
2025-12-08,GBPUSD,1.332459
2025-12-08,GOLD_INTL,4187.200195
2025-12-08,HSI,25765.359375
2025-12-08,IXIC,23545.900391
2025-12-08,JPYKRW100,947.357559
2025-12-08,KOSDAQ,927.789978
2025-12-08,KOSPI,4154.850098
2025-12-08,KTB10Y,3.399
2025-12-08,KTB3Y,3.045
2025-12-08,KTB5Y,3.237
2025-12-08,N225,50581.941406
2025-12-08,SOX,7375.220215
2025-12-08,SPX,6846.509766
2025-12-08,USDJPY,155.339996
2025-12-08,USDKRW,1471.810059
2025-12-08,WTI,58.880001
2025-12-09,CALL,2.513
2025-12-09,CD91,2.83
2025-12-09,CNYKRW,207.680666
2025-12-09,CORPAA3Y,3.545
2025-12-09,DJI,47560.289063
2025-12-09,DXY,99.220001
2025-12-09,EURKRW,1709.050049
2025-12-09,EURUSD,1.164144
2025-12-09,GBPUSD,1.332679
2025-12-09,GOLD_INTL,4206.700195
2025-12-09,HSI,25434.230469
2025-12-09,IXIC,23576.490234
2025-12-09,JPYKRW100,942.240429
2025-12-09,KOSDAQ,931.349976
2025-12-09,KOSPI,4143.549805
2025-12-09,KTB10Y,3.407
2025-12-09,KTB3Y,3.082
2025-12-09,KTB5Y,3.302
2025-12-09,N225,50655.101563
2025-12-09,SOX,7372.509766
2025-12-09,SPX,6840.509766
2025-12-09,USDJPY,155.843994
2025-12-09,USDKRW,1468.51001
2025-12-09,WTI,58.25
2025-12-10,CALL,2.485
2025-12-10,CD91,2.83
2025-12-10,CNYKRW,207.824958
2025-12-10,CORPAA3Y,3.574
2025-12-10,DJI,48057.75
2025-12-10,DXY,98.790001
2025-12-10,EURKRW,1706.359985
2025-12-10,EURUSD,1.162831
2025-12-10,GBPUSD,1.330353
2025-12-10,GOLD_INTL,4196.399902
2025-12-10,HSI,25540.779297
2025-12-10,IXIC,23654.150391
2025-12-10,JPYKRW100,935.989857
2025-12-10,KOSDAQ,935
2025-12-10,KOSPI,4135
2025-12-10,KTB10Y,3.37
2025-12-10,KTB3Y,3.09
2025-12-10,KTB5Y,3.323
2025-12-10,N225,50602.800781
2025-12-10,SOX,7467.490234
2025-12-10,SPX,6886.680176
2025-12-10,USDJPY,156.837997
2025-12-10,USDKRW,1467.930054
2025-12-10,WTI,58.459999
2025-12-11,CALL,2.518
2025-12-11,CD91,2.83
2025-12-11,CNYKRW,207.961497
2025-12-11,CORPAA3Y,3.585
2025-12-11,DJI,48704.011719
2025-12-11,DXY,98.349998
2025-12-11,EURKRW,1717.98999
2025-12-11,EURUSD,1.170124
2025-12-11,GBPUSD,1.338832
2025-12-11,GOLD_INTL,4285.5
2025-12-11,HSI,25530.509766
2025-12-11,IXIC,23593.859375
2025-12-11,JPYKRW100,942.907238
2025-12-11,KOSDAQ,934.640015
2025-12-11,KOSPI,4110.620117
2025-12-11,KTB10Y,3.37
2025-12-11,KTB3Y,3.1
2025-12-11,KTB5Y,3.366
2025-12-11,N225,50148.820313
2025-12-11,SOX,7411.47998
2025-12-11,SPX,6901
2025-12-11,USDJPY,155.789993
2025-12-11,USDKRW,1469.040039
2025-12-11,WTI,57.599998
2025-12-12,CALL,2.533
2025-12-12,CD91,2.83
2025-12-12,CNYKRW,208.39768
2025-12-12,CORPAA3Y,3.582
2025-12-12,DJI,48458.050781
2025-12-12,DXY,98.400002
2025-12-12,EURKRW,1726.069946
2025-12-12,EURUSD,1.173943
2025-12-12,GBPUSD,1.339047
2025-12-12,GOLD_INTL,4300.100098
2025-12-12,HSI,25976.789063
2025-12-12,IXIC,23195.169922
2025-12-12,JPYKRW100,945.419121
2025-12-12,KOSDAQ,937.340027
2025-12-12,KOSPI,4167.160156
2025-12-12,KTB10Y,3.39
2025-12-12,KTB3Y,3.098
2025-12-12,KTB5Y,3.361
2025-12-12,N225,50836.550781
2025-12-12,SOX,7033.569824
2025-12-12,SPX,6827.410156
2025-12-12,USDJPY,155.567001
2025-12-12,USDKRW,1470.849976
2025-12-12,WTI,57.439999
2025-12-15,CALL,2.531
2025-12-15,CD91,2.83
2025-12-15,CNYKRW,208.804941
2025-12-15,CORPAA3Y,3.499
2025-12-15,DJI,48416.558594
2025-12-15,DXY,98.150002
2025-12-15,EURKRW,1722.609985
2025-12-15,EURUSD,1.173764
2025-12-15,GBPUSD,1.336773
2025-12-15,GOLD_INTL,4306.700195
2025-12-15,HSI,25628.880859
2025-12-15,IXIC,23057.410156
2025-12-15,JPYKRW100,944.851398
2025-12-15,KOSDAQ,938.830017
2025-12-15,KOSPI,4090.590088
2025-12-15,KTB10Y,3.375
2025-12-15,KTB3Y,3.08
2025-12-15,KTB5Y,3.268
2025-12-15,N225,50168.109375
2025-12-15,SOX,6990.410156
2025-12-15,SPX,6816.509766
2025-12-15,USDJPY,155.888
2025-12-15,USDKRW,1472.910034
2025-12-15,WTI,56.82
2025-12-16,CALL,2.518
2025-12-16,CD91,2.84
2025-12-16,CNYKRW,208.241804
2025-12-16,CORPAA3Y,3.507
2025-12-16,DJI,48114.261719
2025-12-16,DXY,98.150002
2025-12-16,EURKRW,1724.27002
2025-12-16,EURUSD,1.175461
2025-12-16,GBPUSD,1.338061
2025-12-16,GOLD_INTL,4304.5
2025-12-16,HSI,25235.410156
2025-12-16,IXIC,23111.460938
2025-12-16,JPYKRW100,946.608639
2025-12-16,KOSDAQ,916.109985
2025-12-16,KOSPI,3999.129883
2025-12-16,KTB10Y,3.31
2025-12-16,KTB3Y,2.997
2025-12-16,KTB5Y,3.241
2025-12-16,N225,49383.289063
2025-12-16,SOX,6958.439941
2025-12-16,SPX,6800.259766
2025-12-16,USDJPY,155.014999
2025-12-16,USDKRW,1467.47998
2025-12-16,WTI,55.27
2025-12-17,CALL,2.527
2025-12-17,CD91,2.84
2025-12-17,CNYKRW,209.00351
2025-12-17,CORPAA3Y,3.507
2025-12-17,DJI,47885.96875
2025-12-17,DXY,98.370003
2025-12-17,EURKRW,1728.939941
2025-12-17,EURUSD,1.17495
2025-12-17,GBPUSD,1.3425
2025-12-17,GOLD_INTL,4347.5
2025-12-17,HSI,25468.779297
2025-12-17,IXIC,22693.320313
2025-12-17,JPYKRW100,950.837803
2025-12-17,KOSDAQ,911.070007
2025-12-17,KOSPI,4056.409912
2025-12-17,KTB10Y,3.318
2025-12-17,KTB3Y,3
2025-12-17,KTB5Y,3.228
2025-12-17,N225,49512.28125
2025-12-17,SOX,6695.310059
2025-12-17,SPX,6721.430176
2025-12-17,USDJPY,154.778
2025-12-17,USDKRW,1471.73999
2025-12-17,WTI,55.939999
2025-12-18,CALL,2.529
2025-12-18,CD91,2.84
2025-12-18,CNYKRW,209.285809
2025-12-18,CORPAA3Y,3.484
2025-12-18,DJI,47951.851563
2025-12-18,DXY,98.43
2025-12-18,EURKRW,1730.160034
2025-12-18,EURUSD,1.174233
2025-12-18,GBPUSD,1.33746
2025-12-18,GOLD_INTL,4339.5
2025-12-18,HSI,25498.130859
2025-12-18,IXIC,23006.359375
2025-12-18,JPYKRW100,947.952557
2025-12-18,KOSDAQ,901.330017
2025-12-18,KOSPI,3994.51001
2025-12-18,KTB10Y,3.311
2025-12-18,KTB3Y,2.977
2025-12-18,KTB5Y,3.192
2025-12-18,N225,49001.5
2025-12-18,SOX,6863.629883
2025-12-18,SPX,6774.759766
2025-12-18,USDJPY,155.494995
2025-12-18,USDKRW,1474
2025-12-18,WTI,56.150002
2025-12-19,CALL,2.539
2025-12-19,CD91,2.85
2025-12-19,CNYKRW,209.411256
2025-12-19,CORPAA3Y,3.523
2025-12-19,DJI,48134.890625
2025-12-19,DXY,98.599998
2025-12-19,EURKRW,1729
2025-12-19,EURUSD,1.172567
2025-12-19,GBPUSD,1.338539
2025-12-19,GOLD_INTL,4361.399902
2025-12-19,HSI,25690.529297
2025-12-19,IXIC,23307.619141
2025-12-19,JPYKRW100,947.489452
2025-12-19,KOSDAQ,915.27002
2025-12-19,KOSPI,4020.550049
2025-12-19,KTB10Y,3.329
2025-12-19,KTB3Y,3.026
2025-12-19,KTB5Y,3.238
2025-12-19,N225,49507.210938
2025-12-19,SOX,7067.870117
2025-12-19,SPX,6834.5
2025-12-19,USDJPY,155.585999
2025-12-19,USDKRW,1474.359985
2025-12-19,WTI,56.66
2025-12-22,CALL,2.555
2025-12-22,CD91,2.85
2025-12-22,CNYKRW,209.308458
2025-12-22,CORPAA3Y,3.513
2025-12-22,DJI,48362.679688
2025-12-22,DXY,98.290001
2025-12-22,EURKRW,1730.780029
2025-12-22,EURUSD,1.170809
2025-12-22,GBPUSD,1.337703
2025-12-22,GOLD_INTL,4444.600098
2025-12-22,HSI,25801.769531
2025-12-22,IXIC,23428.830078
2025-12-22,JPYKRW100,934.579659
2025-12-22,KOSDAQ,929.140015
2025-12-22,KOSPI,4105.930176
2025-12-22,KTB10Y,3.352
2025-12-22,KTB3Y,3
2025-12-22,KTB5Y,3.246
2025-12-22,N225,50402.390625
2025-12-22,SOX,7145.569824
2025-12-22,SPX,6878.490234
2025-12-22,USDJPY,157.675995
2025-12-22,USDKRW,1473.719971
2025-12-22,WTI,58.009998
2025-12-23,CALL,2.547
2025-12-23,CD91,2.85
2025-12-23,CNYKRW,209.751583
2025-12-23,CORPAA3Y,3.5
2025-12-23,DJI,48442.410156
2025-12-23,DXY,97.940002
2025-12-23,EURKRW,1736.459961
2025-12-23,EURUSD,1.176595
2025-12-23,GBPUSD,1.34699
2025-12-23,GOLD_INTL,4482.799805
2025-12-23,HSI,25774.140625
2025-12-23,IXIC,23561.839844
2025-12-23,JPYKRW100,941.277695
2025-12-23,KOSDAQ,919.559998
2025-12-23,KOSPI,4117.319824
2025-12-23,KTB10Y,3.381
2025-12-23,KTB3Y,2.968
2025-12-23,KTB5Y,3.252
2025-12-23,N225,50412.871094
2025-12-23,SOX,7184.540039
2025-12-23,SPX,6909.790039
2025-12-23,USDJPY,156.876999
2025-12-23,USDKRW,1476.839966
2025-12-23,WTI,58.380001
2025-12-24,CALL,2.543
2025-12-24,CD91,2.86
2025-12-24,CNYKRW,210.396993
2025-12-24,CORPAA3Y,3.475
2025-12-24,DJI,48731.160156
2025-12-24,DXY,97.980003
2025-12-24,EURKRW,1743.589966
2025-12-24,EURUSD,1.179551
2025-12-24,GBPUSD,1.35136
2025-12-24,GOLD_INTL,4480.600098
2025-12-24,HSI,25818.929688
2025-12-24,IXIC,23613.310547
2025-12-24,JPYKRW100,946.873379
2025-12-24,KOSDAQ,915.200012
2025-12-24,KOSPI,4108.620117
2025-12-24,KTB10Y,3.342
2025-12-24,KTB3Y,2.934
2025-12-24,KTB5Y,3.21
2025-12-24,N225,50344.101563
2025-12-24,SOX,7204.370117
2025-12-24,SPX,6932.049805
2025-12-24,USDJPY,156.175995
2025-12-24,USDKRW,1478.670044
2025-12-24,WTI,58.349998
2025-12-25,N225,50407.789063
2025-12-26,CALL,2.553
2025-12-26,CD91,2.87
2025-12-26,CNYKRW,205.822431
2025-12-26,CORPAA3Y,3.489
2025-12-26,DJI,48710.96875
2025-12-26,DXY,98.019997
2025-12-26,EURKRW,1699.550049
2025-12-26,EURUSD,1.178536
2025-12-26,GBPUSD,1.350895
2025-12-26,GOLD_INTL,4529.100098
2025-12-26,IXIC,23593.099609
2025-12-26,JPYKRW100,926.665401
2025-12-26,KOSDAQ,919.669983
2025-12-26,KOSPI,4129.680176
2025-12-26,KTB10Y,3.371
2025-12-26,KTB3Y,2.959
2025-12-26,KTB5Y,3.234
2025-12-26,N225,50750.390625
2025-12-26,SOX,7207.640137
2025-12-26,SPX,6929.939941
2025-12-26,USDJPY,156.089996
2025-12-26,USDKRW,1446.52002
2025-12-26,WTI,56.740002
2025-12-29,CALL,2.522
2025-12-29,CD91,2.87
2025-12-29,CNYKRW,205.083947
2025-12-29,CORPAA3Y,3.47
2025-12-29,DJI,48461.929688
2025-12-29,DXY,98.040001
2025-12-29,EURKRW,1703.380005
2025-12-29,EURUSD,1.177274
2025-12-29,GBPUSD,1.349728
2025-12-29,GOLD_INTL,4325.100098
2025-12-29,HSI,25635.230469
2025-12-29,IXIC,23474.349609
2025-12-29,JPYKRW100,923.710632
2025-12-29,KOSDAQ,932.590027
2025-12-29,KOSPI,4220.560059
2025-12-29,KTB10Y,3.354
2025-12-29,KTB3Y,2.937
2025-12-29,KTB5Y,3.221
2025-12-29,N225,50526.921875
2025-12-29,SOX,7178.27002
2025-12-29,SPX,6905.740234
2025-12-29,USDJPY,156.462997
2025-12-29,USDKRW,1441.329956
2025-12-29,WTI,58.080002
2025-12-30,CALL,2.54
2025-12-30,CD91,2.87
2025-12-30,CNYKRW,204.794731
2025-12-30,CORPAA3Y,3.476
2025-12-30,DJI,48367.058594
2025-12-30,DXY,98.239998
2025-12-30,EURKRW,1688.459961
2025-12-30,EURUSD,1.177288
2025-12-30,GBPUSD,1.351099
2025-12-30,GOLD_INTL,4370.100098
2025-12-30,HSI,25854.599609
2025-12-30,IXIC,23419.080078
2025-12-30,JPYKRW100,918.911552
2025-12-30,KOSDAQ,925.469971
2025-12-30,KOSPI,4214.169922
2025-12-30,KTB10Y,3.385
2025-12-30,KTB3Y,2.952
2025-12-30,KTB5Y,3.241
2025-12-30,N225,50339.480469
2025-12-30,SOX,7169.100098
2025-12-30,SPX,6896.240234
2025-12-30,USDJPY,156.013
2025-12-30,USDKRW,1434.709961
2025-12-30,WTI,57.950001
2025-12-31,CALL,2.625
2025-12-31,CD91,2.81
2025-12-31,CNYKRW,205.53023
2025-12-31,CORPAA3Y,3.476
2025-12-31,DJI,48063.289063
2025-12-31,DXY,98.279999
2025-12-31,EURKRW,1688.98999
2025-12-31,EURUSD,1.174729
2025-12-31,GBPUSD,1.34672
2025-12-31,GOLD_INTL,4325.600098
2025-12-31,HSI,25630.539063
2025-12-31,IXIC,23241.990234
2025-12-31,JPYKRW100,919.34967
2025-12-31,KTB10Y,3.385
2025-12-31,KTB3Y,2.951
2025-12-31,KTB5Y,3.235
2025-12-31,SOX,7083.129883
2025-12-31,SPX,6845.5
2025-12-31,USDJPY,156.412994
2025-12-31,USDKRW,1437.910034
2025-12-31,WTI,57.419998
2026-01-02,CALL,2.517
2026-01-02,CD91,2.77
2026-01-02,CNYKRW,206.349255
2026-01-02,CORPAA3Y,3.459
2026-01-02,DJI,48382.390625
2026-01-02,DXY,98.419998
2026-01-02,EURKRW,1691.48999
2026-01-02,EURUSD,1.175047
2026-01-02,GBPUSD,1.347364
2026-01-02,GOLD_INTL,4314.399902
2026-01-02,HSI,26338.470703
2026-01-02,IXIC,23235.630859
2026-01-02,JPYKRW100,896.144962
2026-01-02,KOSDAQ,945.570007
2026-01-02,KOSPI,4309.629883
2026-01-02,KTB10Y,3.384
2026-01-02,KTB3Y,2.932
2026-01-02,KTB5Y,3.243
2026-01-02,SOX,7367.470215
2026-01-02,SPX,6858.470215
2026-01-02,USDJPY,156.731003
2026-01-02,USDKRW,1443.640015
2026-01-02,WTI,57.32
2026-01-05,CALL,2.51
2026-01-05,CD91,2.76
2026-01-05,CNYKRW,205.985893
2026-01-05,CORPAA3Y,3.457
2026-01-05,DJI,48977.179688
2026-01-05,DXY,98.269997
2026-01-05,EURKRW,1693.420044
2026-01-05,EURUSD,1.170467
2026-01-05,GBPUSD,1.343797
2026-01-05,GOLD_INTL,4436.899902
2026-01-05,HSI,26347.240234
2026-01-05,IXIC,23395.820313
2026-01-05,JPYKRW100,917.508984
2026-01-05,KOSDAQ,957.5
2026-01-05,KOSPI,4457.52002
2026-01-05,KTB10Y,3.393
2026-01-05,KTB3Y,2.933
2026-01-05,KTB5Y,3.252
2026-01-05,N225,51832.800781
2026-01-05,SOX,7446.450195
2026-01-05,SPX,6902.049805
2026-01-05,USDJPY,156.988998
2026-01-05,USDKRW,1440.47998
2026-01-05,WTI,58.32
2026-01-06,CALL,2.443
2026-01-06,CD91,2.75
2026-01-06,CNYKRW,206.863205
2026-01-06,CORPAA3Y,3.46
2026-01-06,DJI,49462.078125
2026-01-06,DXY,98.580002
2026-01-06,EURKRW,1694
2026-01-06,EURUSD,1.171495
2026-01-06,GBPUSD,1.3534
2026-01-06,GOLD_INTL,4482.200195
2026-01-06,HSI,26710.449219
2026-01-06,IXIC,23547.169922
2026-01-06,JPYKRW100,922.904968
2026-01-06,KOSDAQ,955.969971
2026-01-06,KOSPI,4525.47998
2026-01-06,KTB10Y,3.396
2026-01-06,KTB3Y,2.943
2026-01-06,KTB5Y,3.24
2026-01-06,N225,52518.078125
2026-01-06,SOX,7650.930176
2026-01-06,SPX,6944.819824
2026-01-06,USDJPY,156.626007
2026-01-06,USDKRW,1445.560059
2026-01-06,WTI,57.130001
2026-01-07,CALL,2.497
2026-01-07,CD91,2.72
2026-01-07,CNYKRW,206.913536
2026-01-07,CORPAA3Y,3.423
2026-01-07,DJI,48996.078125
2026-01-07,DXY,98.68
2026-01-07,EURKRW,1688.709961
2026-01-07,EURUSD,1.168825
2026-01-07,GBPUSD,1.350056
2026-01-07,GOLD_INTL,4449.299805
2026-01-07,HSI,26458.949219
2026-01-07,IXIC,23584.279297
2026-01-07,JPYKRW100,922.191334
2026-01-07,KOSDAQ,947.390015
2026-01-07,KOSPI,4551.060059
2026-01-07,KTB10Y,3.353
2026-01-07,KTB3Y,2.906
2026-01-07,KTB5Y,3.185
2026-01-07,N225,51961.980469
2026-01-07,SOX,7574.870117
2026-01-07,SPX,6920.930176
2026-01-07,USDJPY,156.679993
2026-01-07,USDKRW,1444.959961
2026-01-07,WTI,55.990002
2026-01-08,CALL,2.544
2026-01-08,CD91,2.7
2026-01-08,CNYKRW,206.694778
2026-01-08,CORPAA3Y,3.418
2026-01-08,DJI,49266.109375
2026-01-08,DXY,98.93
2026-01-08,EURKRW,1688.640015
2026-01-08,EURUSD,1.167679
2026-01-08,GBPUSD,1.345931
2026-01-08,GOLD_INTL,4449.700195
2026-01-08,HSI,26149.310547
2026-01-08,IXIC,23480.019531
2026-01-08,JPYKRW100,922.688198
2026-01-08,KOSDAQ,944.059998
2026-01-08,KOSPI,4552.370117
2026-01-08,KTB10Y,3.349
2026-01-08,KTB3Y,2.911
2026-01-08,KTB5Y,3.169
2026-01-08,N225,51117.261719
2026-01-08,SOX,7436.100098
2026-01-08,SPX,6921.459961
2026-01-08,USDJPY,156.731003
2026-01-08,USDKRW,1446.140015
2026-01-08,WTI,57.759998
2026-01-09,CALL,2.567
2026-01-09,CD91,2.7
2026-01-09,CNYKRW,207.643725
2026-01-09,CORPAA3Y,3.445
2026-01-09,DJI,49504.070313
2026-01-09,DXY,99.129997
2026-01-09,EURKRW,1690.290039
2026-01-09,EURUSD,1.165787
2026-01-09,GBPUSD,1.343801
2026-01-09,GOLD_INTL,4490.299805
2026-01-09,HSI,26231.789063
2026-01-09,IXIC,23671.349609
2026-01-09,JPYKRW100,924.28503
2026-01-09,KOSDAQ,947.919983
2026-01-09,KOSPI,4586.319824
2026-01-09,KTB10Y,3.385
2026-01-09,KTB3Y,2.941
2026-01-09,KTB5Y,3.194
2026-01-09,N225,51939.890625
2026-01-09,SOX,7638.779785
2026-01-09,SPX,6966.279785
2026-01-09,USDJPY,156.880005
2026-01-09,USDKRW,1450.079956
2026-01-09,WTI,59.119999
2026-01-12,CALL,2.57
2026-01-12,CD91,2.69
2026-01-12,CNYKRW,208.570771
2026-01-12,CORPAA3Y,3.469
2026-01-12,DJI,49590.199219
2026-01-12,DXY,98.860001
2026-01-12,EURKRW,1700.130005
2026-01-12,EURUSD,1.162372
2026-01-12,GBPUSD,1.339423
2026-01-12,GOLD_INTL,4604.299805
2026-01-12,HSI,26608.480469
2026-01-12,IXIC,23733.900391
2026-01-12,JPYKRW100,920.126629
2026-01-12,KOSDAQ,949.809998
2026-01-12,KOSPI,4624.790039
2026-01-12,KTB10Y,3.397
2026-01-12,KTB3Y,2.953
2026-01-12,KTB5Y,3.211
2026-01-12,SOX,7674.839844
2026-01-12,SPX,6977.27002
2026-01-12,USDJPY,158.149002
2026-01-12,USDKRW,1455.23999
2026-01-12,WTI,59.5
2026-01-13,CALL,2.559
2026-01-13,CD91,2.69
2026-01-13,CNYKRW,210.083035
2026-01-13,CORPAA3Y,3.486
2026-01-13,DJI,49191.988281
2026-01-13,DXY,99.129997
2026-01-13,EURKRW,1708.72998
2026-01-13,EURUSD,1.166698
2026-01-13,GBPUSD,1.346566
2026-01-13,GOLD_INTL,4589.200195
2026-01-13,HSI,26848.470703
2026-01-13,IXIC,23709.869141
2026-01-13,JPYKRW100,927.210712
2026-01-13,KOSDAQ,948.97998
2026-01-13,KOSPI,4692.640137
2026-01-13,KTB10Y,3.415
2026-01-13,KTB3Y,3.005
2026-01-13,KTB5Y,3.245
2026-01-13,N225,53549.160156
2026-01-13,SOX,7747.990234
2026-01-13,SPX,6963.740234
2026-01-13,USDJPY,157.985992
2026-01-13,USDKRW,1464.930054
2026-01-13,WTI,61.150002
2026-01-14,CALL,2.565
2026-01-14,CD91,2.69
2026-01-14,CNYKRW,211.108566
2026-01-14,CORPAA3Y,3.481
2026-01-14,DJI,49149.628906
2026-01-14,DXY,99.129997
2026-01-14,EURKRW,1715.060059
2026-01-14,EURUSD,1.164253
2026-01-14,GBPUSD,1.342678
2026-01-14,GOLD_INTL,4626.299805
2026-01-14,HSI,26999.810547
2026-01-14,IXIC,23471.75
2026-01-14,JPYKRW100,925.355244
2026-01-14,KOSDAQ,942.179993
2026-01-14,KOSPI,4723.100098
2026-01-14,KTB10Y,3.416
2026-01-14,KTB3Y,3.001
2026-01-14,KTB5Y,3.233
2026-01-14,N225,54341.230469
2026-01-14,SOX,7701.470215
2026-01-14,SPX,6926.600098
2026-01-14,USDJPY,159.179001
2026-01-14,USDKRW,1473.01001
2026-01-14,WTI,62.02
2026-01-15,CALL,2.535
2026-01-15,CD91,2.68
2026-01-15,CNYKRW,209.794925
2026-01-15,CORPAA3Y,3.565
2026-01-15,DJI,49442.441406
2026-01-15,DXY,99.32
2026-01-15,EURKRW,1703.25
2026-01-15,EURUSD,1.164632
2026-01-15,GBPUSD,1.344267
2026-01-15,GOLD_INTL,4616.299805
2026-01-15,HSI,26923.619141
2026-01-15,IXIC,23530.019531
2026-01-15,JPYKRW100,923.4828
2026-01-15,KOSDAQ,951.159973
2026-01-15,KOSPI,4797.549805
2026-01-15,KTB10Y,3.491
2026-01-15,KTB3Y,3.09
2026-01-15,KTB5Y,3.328
2026-01-15,N225,54110.5
2026-01-15,SOX,7837.299805
2026-01-15,SPX,6944.470215
2026-01-15,USDJPY,158.401993
2026-01-15,USDKRW,1462.900024
2026-01-15,WTI,59.189999
2026-01-16,CALL,2.526
2026-01-16,CD91,2.68
2026-01-16,CNYKRW,210.858448
2026-01-16,CORPAA3Y,3.56
2026-01-16,DJI,49359.328125
2026-01-16,DXY,99.389999
2026-01-16,EURKRW,1704.599976
2026-01-16,EURUSD,1.160901
2026-01-16,GBPUSD,1.338133
2026-01-16,GOLD_INTL,4588.399902
2026-01-16,HSI,26844.960938
2026-01-16,IXIC,23515.390625
2026-01-16,JPYKRW100,926.092434
2026-01-16,KOSDAQ,954.590027
2026-01-16,KOSPI,4840.740234
2026-01-16,KTB10Y,3.486
2026-01-16,KTB3Y,3.075
2026-01-16,KTB5Y,3.32
2026-01-16,N225,53936.171875
2026-01-16,SOX,7927.410156
2026-01-16,SPX,6940.009766
2026-01-16,USDJPY,158.595993
2026-01-16,USDKRW,1468.839966
2026-01-16,WTI,59.439999
2026-01-19,CALL,2.53
2026-01-19,CD91,2.68
2026-01-19,CNYKRW,211.18812
2026-01-19,CORPAA3Y,3.599
2026-01-19,EURKRW,1703.589966
2026-01-19,EURUSD,1.162493
2026-01-19,GBPUSD,1.340429
2026-01-19,HSI,26563.900391
2026-01-19,JPYKRW100,934.057808
2026-01-19,KOSDAQ,968.359985
2026-01-19,KOSPI,4904.660156
2026-01-19,KTB10Y,3.52
2026-01-19,KTB3Y,3.131
2026-01-19,KTB5Y,3.386
2026-01-19,N225,53583.570313
2026-01-19,USDJPY,157.535004
2026-01-19,USDKRW,1471.579956
2026-01-20,CALL,2.528
2026-01-20,CD91,2.68
2026-01-20,CNYKRW,211.179519
2026-01-20,CORPAA3Y,3.653
2026-01-20,DJI,48488.589844
2026-01-20,DXY,98.639999
2026-01-20,EURKRW,1713.23999
2026-01-20,EURUSD,1.163914
2026-01-20,GBPUSD,1.341832
2026-01-20,GOLD_INTL,4759.600098
2026-01-20,HSI,26487.509766
2026-01-20,IXIC,22954.320313
2026-01-20,JPYKRW100,930.234909
2026-01-20,KOSDAQ,976.369995
2026-01-20,KOSPI,4885.75
2026-01-20,KTB10Y,3.651
2026-01-20,KTB3Y,3.182
2026-01-20,KTB5Y,3.465
2026-01-20,N225,52991.101563
2026-01-20,SOX,7794.189941
2026-01-20,SPX,6796.859863
2026-01-20,USDJPY,158.177002
2026-01-20,USDKRW,1471.52002
2026-01-20,WTI,60.34
2026-01-21,CALL,2.538
2026-01-21,CD91,2.68
2026-01-21,CNYKRW,212.327771
2026-01-21,CORPAA3Y,3.624
2026-01-21,DJI,49077.230469
2026-01-21,DXY,98.760002
2026-01-21,EURKRW,1732.219971
2026-01-21,EURUSD,1.172787
2026-01-21,GBPUSD,1.344086
2026-01-21,GOLD_INTL,4831.799805
2026-01-21,HSI,26585.060547
2026-01-21,IXIC,23224.820313
2026-01-21,JPYKRW100,934.431458
2026-01-21,KOSDAQ,951.289978
2026-01-21,KOSPI,4909.930176
2026-01-21,KTB10Y,3.604
2026-01-21,KTB3Y,3.134
2026-01-21,KTB5Y,3.427
2026-01-21,N225,52774.640625
2026-01-21,SOX,8042.069824
2026-01-21,SPX,6875.620117
2026-01-21,USDJPY,158.162003
2026-01-21,USDKRW,1477.780029
2026-01-21,WTI,60.619999
2026-01-22,CALL,2.524
2026-01-22,CD91,2.68
2026-01-22,CNYKRW,210.352254
2026-01-22,CORPAA3Y,3.615
2026-01-22,DJI,49384.011719
2026-01-22,DXY,98.360001
2026-01-22,EURKRW,1710.76001
2026-01-22,EURUSD,1.167297
2026-01-22,GBPUSD,1.34194
2026-01-22,GOLD_INTL,4908.799805
2026-01-22,HSI,26629.960938
2026-01-22,IXIC,23436.019531
2026-01-22,JPYKRW100,924.708462
2026-01-22,KOSDAQ,970.349976
2026-01-22,KOSPI,4952.529785
2026-01-22,KTB10Y,3.569
2026-01-22,KTB3Y,3.104
2026-01-22,KTB5Y,3.398
2026-01-22,N225,53688.890625
2026-01-22,SOX,8055.169922
2026-01-22,SPX,6913.350098
2026-01-22,USDJPY,158.455994
2026-01-22,USDKRW,1464.829956
2026-01-22,WTI,59.360001
2026-01-23,CALL,2.54
2026-01-23,CD91,2.69
2026-01-23,CNYKRW,209.858591
2026-01-23,CORPAA3Y,3.644
2026-01-23,DJI,49098.710938
2026-01-23,DXY,97.599998
2026-01-23,EURKRW,1719.930054
2026-01-23,EURUSD,1.175461
2026-01-23,GBPUSD,1.350129
2026-01-23,GOLD_INTL,4976.200195
2026-01-23,HSI,26749.509766
2026-01-23,IXIC,23501.240234
2026-01-23,JPYKRW100,923.27013
2026-01-23,KOSDAQ,993.929993
2026-01-23,KOSPI,4990.069824
2026-01-23,KTB10Y,3.6
2026-01-23,KTB3Y,3.135
2026-01-23,KTB5Y,3.432
2026-01-23,N225,53846.871094
2026-01-23,SOX,7957.930176
2026-01-23,SPX,6915.609863
2026-01-23,USDJPY,158.501007
2026-01-23,USDKRW,1463.26001
2026-01-23,WTI,61.07
2026-01-26,CALL,2.516
2026-01-26,CD91,2.7
2026-01-26,CNYKRW,207.212526
2026-01-26,CORPAA3Y,3.611
2026-01-26,DJI,49412.398438
2026-01-26,DXY,97.040001
2026-01-26,EURKRW,1707.609985
2026-01-26,EURUSD,1.185846
2026-01-26,GBPUSD,1.366251
2026-01-26,GOLD_INTL,5079.700195
2026-01-26,HSI,26765.519531
2026-01-26,IXIC,23601.359375
2026-01-26,JPYKRW100,930.695343
2026-01-26,KOSDAQ,1064.410034
2026-01-26,KOSPI,4949.589844
2026-01-26,KTB10Y,3.545
2026-01-26,KTB3Y,3.096
2026-01-26,KTB5Y,3.385
2026-01-26,N225,52885.25
2026-01-26,SOX,7927.040039
2026-01-26,SPX,6950.22998
2026-01-26,USDJPY,155.166
2026-01-26,USDKRW,1444.810059
2026-01-26,WTI,60.630001
2026-01-27,CALL,2.514
2026-01-27,CD91,2.71
2026-01-27,CNYKRW,207.210035
2026-01-27,CORPAA3Y,3.607
2026-01-27,DJI,49003.410156
2026-01-27,DXY,96.220001
2026-01-27,EURKRW,1711.540039
2026-01-27,EURUSD,1.187648
2026-01-27,GBPUSD,1.367746
2026-01-27,GOLD_INTL,5079.899902
2026-01-27,HSI,27126.949219
2026-01-27,IXIC,23817.099609
2026-01-27,JPYKRW100,933.650398
2026-01-27,KOSDAQ,1082.589966
2026-01-27,KOSPI,5084.850098
2026-01-27,KTB10Y,3.54
2026-01-27,KTB3Y,3.091
2026-01-27,KTB5Y,3.379
2026-01-27,N225,53333.539063
2026-01-27,SOX,8117.180176
2026-01-27,SPX,6978.600098
2026-01-27,USDJPY,154.335999
2026-01-27,USDKRW,1440.97998
2026-01-27,WTI,62.389999
2026-01-28,CALL,2.499
2026-01-28,CD91,2.7
2026-01-28,CNYKRW,205.983172
2026-01-28,CORPAA3Y,3.589
2026-01-28,DJI,49015.601563
2026-01-28,DXY,96.449997
2026-01-28,EURKRW,1723.52002
2026-01-28,EURUSD,1.201764
2026-01-28,GBPUSD,1.382437
2026-01-28,GOLD_INTL,5301.600098
2026-01-28,HSI,27826.910156
2026-01-28,IXIC,23857.449219
2026-01-28,JPYKRW100,939.615822
2026-01-28,KOSDAQ,1133.52002
2026-01-28,KOSPI,5170.810059
2026-01-28,KTB10Y,3.522
2026-01-28,KTB3Y,3.067
2026-01-28,KTB5Y,3.358
2026-01-28,N225,53358.710938
2026-01-28,SOX,8306.740234
2026-01-28,SPX,6978.029785
2026-01-28,USDJPY,152.453003
2026-01-28,USDKRW,1432.51001
2026-01-28,WTI,63.209999
2026-01-29,CALL,2.523
2026-01-29,CD91,2.72
2026-01-29,CNYKRW,205.517288
2026-01-29,CORPAA3Y,3.626
2026-01-29,DJI,49071.558594
2026-01-29,DXY,96.279999
2026-01-29,EURKRW,1711.5
2026-01-29,EURUSD,1.197777
2026-01-29,GBPUSD,1.382533
2026-01-29,GOLD_INTL,5318.399902
2026-01-29,HSI,27968.089844
2026-01-29,IXIC,23685.119141
2026-01-29,JPYKRW100,933.646011
2026-01-29,KOSDAQ,1164.410034
2026-01-29,KOSPI,5221.25
2026-01-29,KTB10Y,3.542
2026-01-29,KTB3Y,3.105
2026-01-29,KTB5Y,3.401
2026-01-29,N225,53375.601563
2026-01-29,SOX,8320.389648
2026-01-29,SPX,6969.009766
2026-01-29,USDJPY,153.095993
2026-01-29,USDKRW,1429.27002
2026-01-29,WTI,65.419998
2026-01-30,CALL,2.546
2026-01-30,CD91,2.73
2026-01-30,CNYKRW,205.636157
2026-01-30,CORPAA3Y,3.658
2026-01-30,DJI,48892.46875
2026-01-30,DXY,96.989998
2026-01-30,EURKRW,1709.699951
2026-01-30,EURUSD,1.196573
2026-01-30,GBPUSD,1.380643
2026-01-30,GOLD_INTL,4713.899902
2026-01-30,HSI,27387.109375
2026-01-30,IXIC,23461.820313
2026-01-30,JPYKRW100,932.810211
2026-01-30,KOSDAQ,1149.439941
2026-01-30,KOSPI,5224.359863
2026-01-30,KTB10Y,3.577
2026-01-30,KTB3Y,3.137
2026-01-30,KTB5Y,3.44
2026-01-30,N225,53322.851563
2026-01-30,SOX,7998.470215
2026-01-30,SPX,6939.029785
2026-01-30,USDJPY,153.162003
2026-01-30,USDKRW,1428.76001
2026-01-30,WTI,65.209999
2026-02-02,CALL,2.547
2026-02-02,CD91,2.74
2026-02-02,CNYKRW,208.430442
2026-02-02,CORPAA3Y,3.668
2026-02-02,DJI,49407.660156
2026-02-02,DXY,97.610001
2026-02-02,EURKRW,1726.800049
2026-02-02,EURUSD,1.184918
2026-02-02,GBPUSD,1.367914
2026-02-02,GOLD_INTL,4622.5
2026-02-02,HSI,26775.570313
2026-02-02,IXIC,23592.109375
2026-02-02,JPYKRW100,933.324718
2026-02-02,KOSDAQ,1098.359985
2026-02-02,KOSPI,4949.669922
2026-02-02,KTB10Y,3.596
2026-02-02,KTB3Y,3.147
2026-02-02,KTB5Y,3.451
2026-02-02,N225,52655.179688
2026-02-02,SOX,8134.490234
2026-02-02,SPX,6976.439941
2026-02-02,USDJPY,155.201996
2026-02-02,USDKRW,1448.800049
2026-02-02,WTI,62.139999
2026-02-03,CALL,2.536
2026-02-03,CD91,2.74
2026-02-03,CNYKRW,209.109891
2026-02-03,CORPAA3Y,3.708
2026-02-03,DJI,49240.988281
2026-02-03,DXY,97.440002
2026-02-03,EURKRW,1712.310059
2026-02-03,EURUSD,1.179871
2026-02-03,GBPUSD,1.367316
2026-02-03,GOLD_INTL,4903.700195
2026-02-03,HSI,26834.769531
2026-02-03,IXIC,23255.189453
2026-02-03,JPYKRW100,934.657478
2026-02-03,KOSDAQ,1144.329956
2026-02-03,KOSPI,5288.080078
2026-02-03,KTB10Y,3.661
2026-02-03,KTB3Y,3.188
2026-02-03,KTB5Y,3.496
2026-02-03,N225,54720.660156
2026-02-03,SOX,7966.330078
2026-02-03,SPX,6917.810059
2026-02-03,USDJPY,155.442993
2026-02-03,USDKRW,1452.540039
2026-02-03,WTI,63.209999
2026-02-04,CALL,2.526
2026-02-04,CD91,2.75
2026-02-04,CNYKRW,208.524453
2026-02-04,CORPAA3Y,3.731
2026-02-04,DJI,49501.300781
2026-02-04,DXY,97.620003
2026-02-04,EURKRW,1709.060059
2026-02-04,EURUSD,1.181614
2026-02-04,GBPUSD,1.36975
2026-02-04,GOLD_INTL,4920.399902
2026-02-04,HSI,26847.320313
2026-02-04,IXIC,22904.580078
2026-02-04,JPYKRW100,928.567314
2026-02-04,KOSDAQ,1149.430054
2026-02-04,KOSPI,5371.100098
2026-02-04,KTB10Y,3.7
2026-02-04,KTB3Y,3.204
2026-02-04,KTB5Y,3.539
2026-02-04,N225,54293.359375
2026-02-04,SOX,7619.160156
2026-02-04,SPX,6882.720215
2026-02-04,USDJPY,155.798996
2026-02-04,USDKRW,1446.680054
2026-02-04,WTI,65.139999
2026-02-05,CALL,2.535
2026-02-05,CD91,2.75
2026-02-05,CNYKRW,210.460243
2026-02-05,CORPAA3Y,3.724
2026-02-05,DJI,48908.71875
2026-02-05,DXY,97.82
2026-02-05,EURKRW,1722.910034
2026-02-05,EURUSD,1.180164
2026-02-05,GBPUSD,1.364461
2026-02-05,GOLD_INTL,4861.399902
2026-02-05,HSI,26885.240234
2026-02-05,IXIC,22540.589844
2026-02-05,JPYKRW100,930.538273
2026-02-05,KOSDAQ,1108.410034
2026-02-05,KOSPI,5163.569824
2026-02-05,KTB10Y,3.672
2026-02-05,KTB3Y,3.203
2026-02-05,KTB5Y,3.504
2026-02-05,N225,53818.039063
2026-02-05,SOX,7614.640137
2026-02-05,SPX,6798.399902
2026-02-05,USDJPY,156.917007
2026-02-05,USDKRW,1460.109985
2026-02-05,WTI,63.290001
2026-02-06,CALL,2.514
2026-02-06,CD91,2.78
2026-02-06,CNYKRW,211.980753
2026-02-06,CORPAA3Y,3.755
2026-02-06,DJI,50115.671875
2026-02-06,DXY,97.629997
2026-02-06,EURKRW,1732.329956
2026-02-06,EURUSD,1.177787
2026-02-06,GBPUSD,1.352082
2026-02-06,GOLD_INTL,4951.200195
2026-02-06,HSI,26559.949219
2026-02-06,IXIC,23031.210938
2026-02-06,JPYKRW100,938.105106
2026-02-06,KOSDAQ,1080.77002
2026-02-06,KOSPI,5089.140137
2026-02-06,KTB10Y,3.725
2026-02-06,KTB3Y,3.228
2026-02-06,KTB5Y,3.533
2026-02-06,N225,54253.679688
2026-02-06,SOX,8048.620117
2026-02-06,SPX,6932.299805
2026-02-06,USDJPY,156.783997
2026-02-06,USDKRW,1470.680054
2026-02-06,WTI,63.549999
2026-02-09,CALL,2.533
2026-02-09,CD91,2.78
2026-02-09,CNYKRW,210.756911
2026-02-09,CORPAA3Y,3.787
2026-02-09,DJI,50135.871094
2026-02-09,DXY,96.82
2026-02-09,EURKRW,1726.290039
2026-02-09,EURUSD,1.182578
2026-02-09,GBPUSD,1.360896
2026-02-09,GOLD_INTL,5050.899902
2026-02-09,HSI,27027.160156
2026-02-09,IXIC,23238.669922
2026-02-09,JPYKRW100,929.444027
2026-02-09,KOSDAQ,1127.550049
2026-02-09,KOSPI,5298.040039
2026-02-09,KTB10Y,3.753
2026-02-09,KTB3Y,3.267
2026-02-09,KTB5Y,3.555
2026-02-09,N225,56363.941406
2026-02-09,SOX,8162.580078
2026-02-09,SPX,6964.819824
2026-02-09,USDJPY,157.244003
2026-02-09,USDKRW,1462.400024
2026-02-09,WTI,64.360001
2026-02-10,CALL,2.506
2026-02-10,CD91,2.78
2026-02-10,CNYKRW,210.710785
2026-02-10,CORPAA3Y,3.759
2026-02-10,DJI,50188.140625
2026-02-10,DXY,96.800003
2026-02-10,EURKRW,1737.079956
2026-02-10,EURUSD,1.190405
2026-02-10,GBPUSD,1.368345
2026-02-10,GOLD_INTL,5003.799805
2026-02-10,HSI,27183.150391
2026-02-10,IXIC,23102.470703
2026-02-10,JPYKRW100,934.12323
2026-02-10,KOSDAQ,1115.199951
2026-02-10,KOSPI,5301.689941
2026-02-10,KTB10Y,3.708
2026-02-10,KTB3Y,3.227
2026-02-10,KTB5Y,3.496
2026-02-10,N225,57650.539063
2026-02-10,SOX,8107.129883
2026-02-10,SPX,6941.810059
2026-02-10,USDJPY,156.132004
2026-02-10,USDKRW,1458.540039
2026-02-10,WTI,63.959999
2026-02-11,CALL,2.487
2026-02-11,CD91,2.78
2026-02-11,CNYKRW,210.593858
2026-02-11,CORPAA3Y,3.746
2026-02-11,DJI,50121.398438
2026-02-11,DXY,96.830002
2026-02-11,EURKRW,1729.829956
2026-02-11,EURUSD,1.188962
2026-02-11,GBPUSD,1.363457
2026-02-11,GOLD_INTL,5071.600098
2026-02-11,HSI,27266.380859
2026-02-11,IXIC,23066.470703
2026-02-11,JPYKRW100,942.031288
2026-02-11,KOSDAQ,1114.869995
2026-02-11,KOSPI,5354.490234
2026-02-11,KTB10Y,3.642
2026-02-11,KTB3Y,3.204
2026-02-11,KTB5Y,3.466
2026-02-11,SOX,8291.860352
2026-02-11,SPX,6941.470215
2026-02-11,USDJPY,154.481995
2026-02-11,USDKRW,1455.329956
2026-02-11,WTI,64.629997
2026-02-12,CALL,2.546
2026-02-12,CD91,2.78
2026-02-12,CNYKRW,208.924407
2026-02-12,CORPAA3Y,3.716
2026-02-12,DJI,49451.980469
2026-02-12,DXY,96.93
2026-02-12,EURKRW,1714.51001
2026-02-12,EURUSD,1.187606
2026-02-12,GBPUSD,1.3624
2026-02-12,GOLD_INTL,4923.700195
2026-02-12,HSI,27032.539063
2026-02-12,IXIC,22597.150391
2026-02-12,JPYKRW100,942.24987
2026-02-12,KOSDAQ,1125.98999
2026-02-12,KOSPI,5522.27002
2026-02-12,KTB10Y,3.658
2026-02-12,KTB3Y,3.151
2026-02-12,KTB5Y,3.425
2026-02-12,N225,57639.839844
2026-02-12,SOX,8084.700195
2026-02-12,SPX,6832.759766
2026-02-12,USDJPY,153.268997
2026-02-12,USDKRW,1444.189941
2026-02-12,WTI,62.84
2026-02-13,CALL,2.555
2026-02-13,CD91,2.78
2026-02-13,CNYKRW,208.823057
2026-02-13,CORPAA3Y,3.705
2026-02-13,DJI,49500.929688
2026-02-13,DXY,96.879997
2026-02-13,EURKRW,1710.430054
2026-02-13,EURUSD,1.186845
2026-02-13,GBPUSD,1.362027
2026-02-13,GOLD_INTL,5022
2026-02-13,HSI,26567.119141
2026-02-13,IXIC,22546.669922
2026-02-13,JPYKRW100,942.642689
2026-02-13,KOSDAQ,1106.079956
2026-02-13,KOSPI,5507.009766
2026-02-13,KTB10Y,3.577
2026-02-13,KTB3Y,3.142
2026-02-13,KTB5Y,3.413
2026-02-13,N225,56941.96875
2026-02-13,SOX,8137.859863
2026-02-13,SPX,6836.169922
2026-02-13,USDJPY,152.820999
2026-02-13,USDKRW,1440.900024
2026-02-13,WTI,62.889999
2026-02-16,CNYKRW,208.384485
2026-02-16,EURKRW,1687.25
2026-02-16,EURUSD,1.186746
2026-02-16,GBPUSD,1.364778
2026-02-16,HSI,26705.939453
2026-02-16,JPYKRW100,941.524506
2026-02-16,N225,56806.410156
2026-02-16,USDJPY,152.779007
2026-02-16,USDKRW,1439.52002
2026-02-17,CNYKRW,208.487259
2026-02-17,DJI,49533.191406
2026-02-17,DXY,97.160004
2026-02-17,EURKRW,1705.97998
2026-02-17,EURUSD,1.184988
2026-02-17,GBPUSD,1.362769
2026-02-17,GOLD_INTL,4882.899902
2026-02-17,IXIC,22578.380859
2026-02-17,JPYKRW100,937.521553
2026-02-17,N225,56566.488281
2026-02-17,SOX,8136.049805
2026-02-17,SPX,6843.220215
2026-02-17,USDJPY,153.608994
2026-02-17,USDKRW,1440.22998
2026-02-17,WTI,62.330002
2026-02-18,CNYKRW,208.44962
2026-02-18,DJI,49662.660156
2026-02-18,DXY,97.699997
2026-02-18,EURKRW,1706.52002
2026-02-18,EURUSD,1.185185
2026-02-18,GBPUSD,1.356447
2026-02-18,GOLD_INTL,4986.5
2026-02-18,IXIC,22753.630859
2026-02-18,JPYKRW100,940.06319
2026-02-18,N225,57143.839844
2026-02-18,SOX,8214.349609
2026-02-18,SPX,6881.310059
2026-02-18,USDJPY,153.149002
2026-02-18,USDKRW,1439.969971
2026-02-18,WTI,65.190002
2026-02-19,CALL,2.551
2026-02-19,CD91,2.78
2026-02-19,CNYKRW,208.477133
2026-02-19,CORPAA3Y,3.735
2026-02-19,DJI,49395.160156
2026-02-19,DXY,97.93
2026-02-19,EURKRW,1696.97998
2026-02-19,EURUSD,1.178884
2026-02-19,GBPUSD,1.349582
2026-02-19,GOLD_INTL,4975.899902
2026-02-19,IXIC,22682.730469
2026-02-19,JPYKRW100,930.910206
2026-02-19,KOSDAQ,1160.709961
2026-02-19,KOSPI,5677.25
2026-02-19,KTB10Y,3.585
2026-02-19,KTB3Y,3.175
2026-02-19,KTB5Y,3.421
2026-02-19,N225,57467.828125
2026-02-19,SOX,8173.299805
2026-02-19,SPX,6861.890137
2026-02-19,USDJPY,154.692993
2026-02-19,USDKRW,1440.160034
2026-02-19,WTI,66.43
2026-02-20,CALL,2.523
2026-02-20,CD91,2.79
2026-02-20,CNYKRW,209.572816
2026-02-20,CORPAA3Y,3.718
2026-02-20,DJI,49625.96875
2026-02-20,DXY,97.800003
2026-02-20,EURKRW,1703.73999
2026-02-20,EURUSD,1.176914
2026-02-20,GBPUSD,1.346112
2026-02-20,GOLD_INTL,5059.299805
2026-02-20,HSI,26413.349609
2026-02-20,IXIC,22886.070313
2026-02-20,JPYKRW100,933.030033
2026-02-20,KOSDAQ,1154
2026-02-20,KOSPI,5808.529785
2026-02-20,KTB10Y,3.574
2026-02-20,KTB3Y,3.149
2026-02-20,KTB5Y,3.395
2026-02-20,N225,56825.699219
2026-02-20,SOX,8260.419922
2026-02-20,SPX,6909.509766
2026-02-20,USDJPY,155.160004
2026-02-20,USDKRW,1447.75
2026-02-20,WTI,66.389999
2026-02-23,CALL,2.543
2026-02-23,CD91,2.8
2026-02-23,CNYKRW,208.951932
2026-02-23,CORPAA3Y,3.725
2026-02-23,DJI,48804.058594
2026-02-23,DXY,97.699997
2026-02-23,EURKRW,1700.939941
2026-02-23,EURUSD,1.183474
2026-02-23,GBPUSD,1.353327
2026-02-23,GOLD_INTL,5204.700195
2026-02-23,HSI,27081.910156
2026-02-23,IXIC,22627.269531
2026-02-23,JPYKRW100,935.686493
2026-02-23,KOSDAQ,1151.98999
2026-02-23,KOSPI,5846.089844
2026-02-23,KTB10Y,3.575
2026-02-23,KTB3Y,3.156
2026-02-23,KTB5Y,3.389
2026-02-23,SOX,8213.459961
2026-02-23,SPX,6837.75
2026-02-23,USDJPY,154.339005
2026-02-23,USDKRW,1443.439941
2026-02-23,WTI,66.309998
2026-02-24,CALL,2.547
2026-02-24,CD91,2.8
2026-02-24,CNYKRW,208.772431
2026-02-24,CORPAA3Y,3.73
2026-02-24,DJI,49174.5
2026-02-24,DXY,97.879997
2026-02-24,EURKRW,1699.5
2026-02-24,EURUSD,1.179384
2026-02-24,GBPUSD,1.349692
2026-02-24,GOLD_INTL,5155.799805
2026-02-24,HSI,26590.320313
2026-02-24,IXIC,22863.679688
2026-02-24,JPYKRW100,932.481956
2026-02-24,KOSDAQ,1165
2026-02-24,KOSPI,5969.640137
2026-02-24,KTB10Y,3.59
2026-02-24,KTB3Y,3.156
2026-02-24,KTB5Y,3.411
2026-02-24,N225,57321.089844
2026-02-24,SOX,8332.339844
2026-02-24,SPX,6890.069824
2026-02-24,USDJPY,154.634995
2026-02-24,USDKRW,1442.199951
2026-02-24,WTI,65.629997
2026-02-25,CALL,2.56
2026-02-25,CD91,2.8
2026-02-25,CNYKRW,209.206605
2026-02-25,CORPAA3Y,3.705
2026-02-25,DJI,49482.148438
2026-02-25,DXY,97.699997
2026-02-25,EURKRW,1695.23999
2026-02-25,EURUSD,1.177523
2026-02-25,GBPUSD,1.349746
2026-02-25,GOLD_INTL,5206.399902
2026-02-25,HSI,26765.720703
2026-02-25,IXIC,23152.080078
2026-02-25,JPYKRW100,923.745632
2026-02-25,KOSDAQ,1165.25
2026-02-25,KOSPI,6083.859863
2026-02-25,KTB10Y,3.549
2026-02-25,KTB3Y,3.121
2026-02-25,KTB5Y,3.378
2026-02-25,N225,58583.121094
2026-02-25,SOX,8467.429688
2026-02-25,SPX,6946.129883
2026-02-25,USDJPY,155.880005
2026-02-25,USDKRW,1439.98999
2026-02-25,WTI,65.419998
2026-02-26,CALL,2.557
2026-02-26,CD91,2.81
2026-02-26,CNYKRW,207.728703
2026-02-26,CORPAA3Y,3.653
2026-02-26,DJI,49499.199219
2026-02-26,DXY,97.790001
2026-02-26,EURKRW,1685.369995
2026-02-26,EURUSD,1.181516
2026-02-26,GBPUSD,1.355803
2026-02-26,GOLD_INTL,5176.5
2026-02-26,HSI,26381.019531
2026-02-26,IXIC,22878.380859
2026-02-26,JPYKRW100,913.469028
2026-02-26,KOSDAQ,1188.150024
2026-02-26,KOSPI,6307.27002
2026-02-26,KTB10Y,3.507
2026-02-26,KTB3Y,3.06
2026-02-26,KTB5Y,3.388
2026-02-26,N225,58753.390625
2026-02-26,SOX,8197.259766
2026-02-26,SPX,6908.859863
2026-02-26,USDJPY,156.199997
2026-02-26,USDKRW,1426.930054
2026-02-26,WTI,65.209999
2026-02-27,CALL,2.602
2026-02-27,CD91,2.81
2026-02-27,CNYKRW,209.375953
2026-02-27,CORPAA3Y,3.637
2026-02-27,DJI,48977.921875
2026-02-27,DXY,97.610001
2026-02-27,EURKRW,1689.540039
2026-02-27,EURUSD,1.180303
2026-02-27,GBPUSD,1.349145
2026-02-27,GOLD_INTL,5230.5
2026-02-27,HSI,26630.539063
2026-02-27,IXIC,22668.210938
2026-02-27,JPYKRW100,919.06929
2026-02-27,KOSDAQ,1192.780029
2026-02-27,KOSPI,6244.129883
2026-02-27,KTB10Y,3.447
2026-02-27,KTB3Y,3.046
2026-02-27,KTB5Y,3.282
2026-02-27,N225,58850.269531
2026-02-27,SOX,8098.370117
2026-02-27,SPX,6878.879883
2026-02-27,USDJPY,155.858994
2026-02-27,USDKRW,1432.319946
2026-02-27,WTI,67.019997
2026-03-02,CNYKRW,209.758085
2026-03-02,DJI,48904.78125
2026-03-02,DXY,98.379997
2026-03-02,EURKRW,1696.660034
2026-03-02,EURUSD,1.175945
2026-03-02,GBPUSD,1.340662
2026-03-02,GOLD_INTL,5294.399902
2026-03-02,HSI,26059.849609
2026-03-02,IXIC,22748.859375
2026-03-02,JPYKRW100,917.900944
2026-03-02,N225,58057.238281
2026-03-02,SOX,8137.359863
2026-03-02,SPX,6881.620117
2026-03-02,USDJPY,156.632996
2026-03-02,USDKRW,1438.5
2026-03-02,WTI,71.230003
2026-03-03,CALL,2.538
2026-03-03,CD91,2.81
2026-03-03,CNYKRW,211.024415
2026-03-03,CORPAA3Y,3.769
2026-03-03,DJI,48501.269531
2026-03-03,DXY,99.050003
2026-03-03,EURKRW,1698.170044
2026-03-03,EURUSD,1.169727
2026-03-03,GBPUSD,1.341058
2026-03-03,GOLD_INTL,5107.399902
2026-03-03,HSI,25768.080078
2026-03-03,IXIC,22516.689453
2026-03-03,JPYKRW100,923.492241
2026-03-03,KOSDAQ,1137.699951
2026-03-03,KOSPI,5791.910156
2026-03-03,KTB10Y,3.529
2026-03-03,KTB3Y,3.175
2026-03-03,KTB5Y,3.404
2026-03-03,N225,56279.050781
2026-03-03,SOX,7764.879883
2026-03-03,SPX,6816.629883
2026-03-03,USDJPY,157.257004
2026-03-03,USDKRW,1452.27002
2026-03-03,WTI,74.559998
2026-03-04,CALL,2.51
2026-03-04,CD91,2.81
2026-03-04,CNYKRW,214.947014
2026-03-04,CORPAA3Y,3.8
2026-03-04,DJI,48739.410156
2026-03-04,DXY,98.769997
2026-03-04,EURKRW,1723.400024
2026-03-04,EURUSD,1.161224
2026-03-04,GBPUSD,1.335363
2026-03-04,GOLD_INTL,5120.200195
2026-03-04,HSI,25249.480469
2026-03-04,IXIC,22807.480469
2026-03-04,JPYKRW100,940.056038
2026-03-04,KOSDAQ,978.440002
2026-03-04,KOSPI,5093.540039
2026-03-04,KTB10Y,3.632
2026-03-04,KTB3Y,3.226
2026-03-04,KTB5Y,3.478
2026-03-04,N225,54245.539063
2026-03-04,SOX,7914.47998
2026-03-04,SPX,6869.5
2026-03-04,USDJPY,157.772995
2026-03-04,USDKRW,1483.069946
2026-03-04,WTI,74.660004
2026-03-05,CALL,2.516
2026-03-05,CD91,2.81
2026-03-05,CNYKRW,211.794988
2026-03-05,CORPAA3Y,3.777
2026-03-05,DJI,47954.738281
2026-03-05,DXY,99.32
2026-03-05,EURKRW,1699.48999
2026-03-05,EURUSD,1.163562
2026-03-05,GBPUSD,1.336952
2026-03-05,GOLD_INTL,5065.299805
2026-03-05,HSI,25321.339844
2026-03-05,IXIC,22748.990234
2026-03-05,JPYKRW100,930.566597
2026-03-05,KOSDAQ,1116.410034
2026-03-05,KOSPI,5583.899902
2026-03-05,KTB10Y,3.593
2026-03-05,KTB3Y,3.189
2026-03-05,KTB5Y,3.441
2026-03-05,N225,55278.058594
2026-03-05,SOX,7821.759766
2026-03-05,SPX,6830.709961
2026-03-05,USDJPY,156.983002
2026-03-05,USDKRW,1460.75
2026-03-05,WTI,81.010002
2026-03-06,CALL,2.507
2026-03-06,CD91,2.81
2026-03-06,CNYKRW,214.515013
2026-03-06,CORPAA3Y,3.815
2026-03-06,DJI,47501.550781
2026-03-06,DXY,98.989998
2026-03-06,EURKRW,1717.589966
2026-03-06,EURUSD,1.160807
2026-03-06,GBPUSD,1.335738
2026-03-06,GOLD_INTL,5146.100098
2026-03-06,HSI,25757.289063
2026-03-06,IXIC,22387.679688
2026-03-06,JPYKRW100,939.27393
2026-03-06,KOSDAQ,1154.670044
2026-03-06,KOSPI,5584.870117
2026-03-06,KTB10Y,3.616
2026-03-06,KTB3Y,3.23
2026-03-06,KTB5Y,3.472
2026-03-06,N225,55620.839844
2026-03-06,SOX,7514.740234
2026-03-06,SPX,6740.02002
2026-03-06,USDJPY,157.533997
2026-03-06,USDKRW,1479.51001
2026-03-06,WTI,90.900002
2026-03-09,CALL,2.546
2026-03-09,CD91,2.84
2026-03-09,CNYKRW,215.165662
2026-03-09,CORPAA3Y,3.997
2026-03-09,DJI,47740.800781
2026-03-09,DXY,99.18
2026-03-09,EURKRW,1710.890015
2026-03-09,EURUSD,1.152326
2026-03-09,GBPUSD,1.330106
2026-03-09,GOLD_INTL,5091.5
2026-03-09,HSI,25408.460938
2026-03-09,IXIC,22695.949219
2026-03-09,JPYKRW100,935.906601
2026-03-09,KOSDAQ,1102.280029
2026-03-09,KOSPI,5251.870117
2026-03-09,KTB10Y,3.741
2026-03-09,KTB3Y,3.409
2026-03-09,KTB5Y,3.63
2026-03-09,N225,52728.71875
2026-03-09,SOX,7810.399902
2026-03-09,SPX,6795.990234
2026-03-09,USDJPY,158.427002
2026-03-09,USDKRW,1483.890015
2026-03-09,WTI,94.769997
2026-03-10,CALL,2.486
2026-03-10,CD91,2.83
2026-03-10,CNYKRW,211.904213
2026-03-10,CORPAA3Y,3.874
2026-03-10,DJI,47706.511719
2026-03-10,DXY,98.830002
2026-03-10,EURKRW,1702.199951
2026-03-10,EURUSD,1.161723
2026-03-10,GBPUSD,1.342498
2026-03-10,GOLD_INTL,5229.700195
2026-03-10,HSI,25959.900391
2026-03-10,IXIC,22697.099609
2026-03-10,JPYKRW100,928.039074
2026-03-10,KOSDAQ,1137.680054
2026-03-10,KOSPI,5532.589844
2026-03-10,KTB10Y,3.629
2026-03-10,KTB3Y,3.282
2026-03-10,KTB5Y,3.51
2026-03-10,N225,54248.390625
2026-03-10,SOX,7865.120117
2026-03-10,SPX,6781.47998
2026-03-10,USDJPY,157.848007
2026-03-10,USDKRW,1464.469971
2026-03-10,WTI,83.449997
2026-03-11,CALL,2.492
2026-03-11,CD91,2.83
2026-03-11,CNYKRW,214.175816
2026-03-11,CORPAA3Y,3.845
2026-03-11,DJI,47417.269531
2026-03-11,DXY,99.230003
2026-03-11,EURKRW,1709.640015
2026-03-11,EURUSD,1.16113
2026-03-11,GBPUSD,1.341904
2026-03-11,GOLD_INTL,5167.399902
2026-03-11,HSI,25898.759766
2026-03-11,IXIC,22716.130859
2026-03-11,JPYKRW100,931.353664
2026-03-11,KOSDAQ,1136.829956
2026-03-11,KOSPI,5609.950195
2026-03-11,KTB10Y,3.617
2026-03-11,KTB3Y,3.251
2026-03-11,KTB5Y,3.473
2026-03-11,N225,55025.371094
2026-03-11,SOX,7914.569824
2026-03-11,SPX,6775.799805
2026-03-11,USDJPY,158.113998
2026-03-11,USDKRW,1472.780029
2026-03-11,WTI,87.25
2026-03-12,CALL,2.545
2026-03-12,CD91,2.83
2026-03-12,CNYKRW,214.891846
2026-03-12,CORPAA3Y,3.866
2026-03-12,DJI,46677.851563
2026-03-12,DXY,99.739998
2026-03-12,EURKRW,1703.569946
2026-03-12,EURUSD,1.154321
2026-03-12,GBPUSD,1.338187
2026-03-12,GOLD_INTL,5115.799805
2026-03-12,HSI,25716.759766
2026-03-12,IXIC,22311.980469
2026-03-12,JPYKRW100,927.746105
2026-03-12,KOSDAQ,1148.400024
2026-03-12,KOSPI,5583.25
2026-03-12,KTB10Y,3.648
2026-03-12,KTB3Y,3.27
2026-03-12,KTB5Y,3.498
2026-03-12,N225,54452.960938
2026-03-12,SOX,7643.169922
2026-03-12,SPX,6672.620117
2026-03-12,USDJPY,159.074997
2026-03-12,USDKRW,1475.339966
2026-03-12,WTI,95.730003
2026-03-13,CALL,2.538
2026-03-13,CD91,2.83
2026-03-13,CNYKRW,214.092503
2026-03-13,CORPAA3Y,3.919
2026-03-13,DJI,46558.46875
2026-03-13,DXY,100.360001
2026-03-13,EURKRW,1713.390015
2026-03-13,EURUSD,1.152167
2026-03-13,GBPUSD,1.335251
2026-03-13,GOLD_INTL,5052.5
2026-03-13,HSI,25465.599609
2026-03-13,IXIC,22105.359375
2026-03-13,JPYKRW100,934.500122
2026-03-13,KOSDAQ,1152.959961
2026-03-13,KOSPI,5487.240234
2026-03-13,KTB10Y,3.68
2026-03-13,KTB3Y,3.339
2026-03-13,KTB5Y,3.552
2026-03-13,N225,53819.609375
2026-03-13,SOX,7646.640137
2026-03-13,SPX,6632.189941
2026-03-13,USDJPY,159.205994
2026-03-13,USDKRW,1470.579956
2026-03-13,WTI,98.709999
2026-03-16,CALL,2.528
2026-03-16,CD91,2.82
2026-03-16,CNYKRW,217.768012
2026-03-16,CORPAA3Y,3.887
2026-03-16,DJI,46946.410156
2026-03-16,DXY,99.709999
2026-03-16,EURKRW,1713.859985
2026-03-16,EURUSD,1.143511
2026-03-16,GBPUSD,1.324767
2026-03-16,GOLD_INTL,4994
2026-03-16,HSI,25834.019531
2026-03-16,IXIC,22374.179688
2026-03-16,JPYKRW100,941.484737
2026-03-16,KOSDAQ,1138.290039
2026-03-16,KOSPI,5549.850098
2026-03-16,KTB10Y,3.711
2026-03-16,KTB3Y,3.309
2026-03-16,KTB5Y,3.553
2026-03-16,N225,53751.148438
2026-03-16,SOX,7796.240234
2026-03-16,SPX,6699.379883
2026-03-16,USDJPY,159.567993
2026-03-16,USDKRW,1501.75
2026-03-16,WTI,93.5
2026-03-17,CALL,2.51
2026-03-17,CD91,2.83
2026-03-17,CNYKRW,214.062254
2026-03-17,CORPAA3Y,3.906
2026-03-17,DJI,46993.261719
2026-03-17,DXY,99.580002
2026-03-17,EURKRW,1712.22998
2026-03-17,EURUSD,1.149954
2026-03-17,GBPUSD,1.331434
2026-03-17,GOLD_INTL,5001
2026-03-17,HSI,25868.539063
2026-03-17,IXIC,22479.529297
2026-03-17,JPYKRW100,936.091232
2026-03-17,KOSDAQ,1136.939941
2026-03-17,KOSPI,5640.47998
2026-03-17,KTB10Y,3.68
2026-03-17,KTB3Y,3.334
2026-03-17,KTB5Y,3.581
2026-03-17,N225,53700.390625
2026-03-17,SOX,7836.830078
2026-03-17,SPX,6716.089844
2026-03-17,USDJPY,159.104996
2026-03-17,USDKRW,1488.910034
2026-03-17,WTI,96.209999
2026-03-18,CALL,2.521
2026-03-18,CD91,2.83
2026-03-18,CNYKRW,215.626676
2026-03-18,CORPAA3Y,3.855
2026-03-18,DJI,46225.148438
2026-03-18,DXY,100.089996
2026-03-18,EURKRW,1713.119995
2026-03-18,EURUSD,1.153948
2026-03-18,GBPUSD,1.335952
2026-03-18,GOLD_INTL,4889.899902
2026-03-18,HSI,26025.419922
2026-03-18,IXIC,22152.419922
2026-03-18,JPYKRW100,933.854771
2026-03-18,KOSDAQ,1164.380005
2026-03-18,KOSPI,5925.029785
2026-03-18,KTB10Y,3.646
2026-03-18,KTB3Y,3.256
2026-03-18,KTB5Y,3.521
2026-03-18,N225,55239.398438
2026-03-18,SOX,7795.129883
2026-03-18,SPX,6624.700195
2026-03-18,USDJPY,158.889008
2026-03-18,USDKRW,1484.869995
2026-03-18,WTI,96.32
2026-03-19,CALL,2.536
2026-03-19,CD91,2.83
2026-03-19,CNYKRW,219.021911
2026-03-19,CORPAA3Y,3.915
2026-03-19,DJI,46021.429688
2026-03-19,DXY,99.230003
2026-03-19,EURKRW,1724.430054
2026-03-19,EURUSD,1.146447
2026-03-19,GBPUSD,1.326506
2026-03-19,GOLD_INTL,4600.700195
2026-03-19,HSI,25500.580078
2026-03-19,IXIC,22090.689453
2026-03-19,JPYKRW100,942.251015
2026-03-19,KOSDAQ,1143.47998
2026-03-19,KOSPI,5763.220215
2026-03-19,KTB10Y,3.694
2026-03-19,KTB3Y,3.326
2026-03-19,KTB5Y,3.589
2026-03-19,N225,53372.53125
2026-03-19,SOX,7863.299805
2026-03-19,SPX,6606.490234
2026-03-19,USDJPY,159.794998
2026-03-19,USDKRW,1505.25
2026-03-19,WTI,96.139999
2026-03-20,CALL,2.525
2026-03-20,CD91,2.81
2026-03-20,CNYKRW,215.9251
2026-03-20,CORPAA3Y,3.991
2026-03-20,DJI,45577.46875
2026-03-20,DXY,99.650002
2026-03-20,EURKRW,1728.949951
2026-03-20,EURUSD,1.157756
2026-03-20,GBPUSD,1.34257
2026-03-20,GOLD_INTL,4570.399902
2026-03-20,HSI,25277.320313
2026-03-20,IXIC,21647.609375
2026-03-20,JPYKRW100,943.381214
2026-03-20,KOSDAQ,1161.52002
2026-03-20,KOSPI,5781.200195
2026-03-20,KTB10Y,3.658
2026-03-20,KTB3Y,3.418
2026-03-20,KTB5Y,3.6
2026-03-20,SOX,7670.609863
2026-03-20,SPX,6506.47998
2026-03-20,USDJPY,157.923996
2026-03-20,USDKRW,1489.839966
2026-03-20,WTI,98.32
2026-03-23,CALL,2.532
2026-03-23,CD91,2.81
2026-03-23,CNYKRW,218.454175
2026-03-23,CORPAA3Y,4.197
2026-03-23,DJI,46208.46875
2026-03-23,DXY,98.949997
2026-03-23,EURKRW,1740.160034
2026-03-23,EURUSD,1.156016
2026-03-23,GBPUSD,1.333156
2026-03-23,GOLD_INTL,4404.100098
2026-03-23,HSI,24382.470703
2026-03-23,IXIC,21946.759766
2026-03-23,JPYKRW100,944.745445
2026-03-23,KOSDAQ,1096.890015
2026-03-23,KOSPI,5405.75
2026-03-23,KTB10Y,3.85
2026-03-23,KTB3Y,3.611
2026-03-23,KTB5Y,3.837
2026-03-23,N225,51515.488281
2026-03-23,SOX,7773.129883
2026-03-23,SPX,6581
2026-03-23,USDJPY,159.233994
2026-03-23,USDKRW,1504.209961
2026-03-23,WTI,88.129997
2026-03-24,CALL,2.541
2026-03-24,CD91,2.81
2026-03-24,CNYKRW,215.895343
2026-03-24,CORPAA3Y,4.121
2026-03-24,DJI,46124.058594
2026-03-24,DXY,99.43
2026-03-24,EURKRW,1724.579956
2026-03-24,EURUSD,1.160712
2026-03-24,GBPUSD,1.342426
2026-03-24,GOLD_INTL,4399.299805
2026-03-24,HSI,25063.710938
2026-03-24,IXIC,21761.890625
2026-03-24,JPYKRW100,936.600304
2026-03-24,KOSDAQ,1121.439941
2026-03-24,KOSPI,5553.919922
2026-03-24,KTB10Y,3.85
2026-03-24,KTB3Y,3.564
2026-03-24,KTB5Y,3.741
2026-03-24,N225,52252.28125
2026-03-24,SOX,7872.709961
2026-03-24,SPX,6556.370117
2026-03-24,USDJPY,158.479004
2026-03-24,USDKRW,1485.359985
2026-03-24,WTI,92.349998
2026-03-25,CALL,2.532
2026-03-25,CD91,2.82
2026-03-25,CNYKRW,217.259653
2026-03-25,CORPAA3Y,4.158
2026-03-25,DJI,46429.488281
2026-03-25,DXY,99.599998
2026-03-25,EURKRW,1739.469971
2026-03-25,EURUSD,1.161467
2026-03-25,GBPUSD,1.341634
2026-03-25,GOLD_INTL,4549.799805
2026-03-25,HSI,25335.949219
2026-03-25,IXIC,21929.820313
2026-03-25,JPYKRW100,942.860985
2026-03-25,KOSDAQ,1159.550049
2026-03-25,KOSPI,5642.209961
2026-03-25,KTB10Y,3.861
2026-03-25,KTB3Y,3.556
2026-03-25,KTB5Y,3.77
2026-03-25,N225,53749.621094
2026-03-25,SOX,7967.75
2026-03-25,SPX,6591.899902
2026-03-25,USDJPY,158.718002
2026-03-25,USDKRW,1497.310059
2026-03-25,WTI,90.32
2026-03-26,CALL,2.528
2026-03-26,CD91,2.82
2026-03-26,CNYKRW,217.500357
2026-03-26,CORPAA3Y,4.156
2026-03-26,DJI,45960.109375
2026-03-26,DXY,99.900002
2026-03-26,EURKRW,1735.189941
2026-03-26,EURUSD,1.15615
2026-03-26,GBPUSD,1.336362
2026-03-26,GOLD_INTL,4375.5
2026-03-26,HSI,24856.429688
2026-03-26,IXIC,21408.080078
2026-03-26,JPYKRW100,941.753292
2026-03-26,KOSDAQ,1136.640015
2026-03-26,KOSPI,5460.459961
2026-03-26,KTB10Y,3.87
2026-03-26,KTB3Y,3.551
2026-03-26,KTB5Y,3.761
2026-03-26,N225,53603.648438
2026-03-26,SOX,7585.870117
2026-03-26,SPX,6477.160156
2026-03-26,USDJPY,159.384003
2026-03-26,USDKRW,1500.969971
2026-03-26,WTI,94.480003
2026-03-27,CALL,2.518
2026-03-27,CD91,2.82
2026-03-27,CNYKRW,218.264433
2026-03-27,CORPAA3Y,4.182
2026-03-27,DJI,45166.640625
2026-03-27,DXY,100.150002
2026-03-27,EURKRW,1740.050049
2026-03-27,EURUSD,1.153509
2026-03-27,GBPUSD,1.333565
2026-03-27,GOLD_INTL,4492
2026-03-27,HSI,24951.880859
2026-03-27,IXIC,20948.359375
2026-03-27,JPYKRW100,944.392395
2026-03-27,KOSDAQ,1141.51001
2026-03-27,KOSPI,5438.870117
2026-03-27,KTB10Y,3.916
2026-03-27,KTB3Y,3.587
2026-03-27,KTB5Y,3.84
2026-03-27,N225,53373.070313
2026-03-27,SOX,7457.669922
2026-03-27,SPX,6368.850098
2026-03-27,USDJPY,159.703995
2026-03-27,USDKRW,1508.359985
2026-03-27,WTI,99.639999
2026-03-30,CALL,2.514
2026-03-30,CD91,2.82
2026-03-30,CNYKRW,218.042131
2026-03-30,CORPAA3Y,4.157
2026-03-30,DJI,45216.140625
2026-03-30,DXY,100.510002
2026-03-30,EURKRW,1736.709961
2026-03-30,EURUSD,1.149201
2026-03-30,GBPUSD,1.323837
2026-03-30,GOLD_INTL,4526
2026-03-30,HSI,24750.789063
2026-03-30,IXIC,20794.640625
2026-03-30,JPYKRW100,940.4562
2026-03-30,KOSDAQ,1107.050049
2026-03-30,KOSPI,5277.299805
2026-03-30,KTB10Y,3.889
2026-03-30,KTB3Y,3.547
2026-03-30,KTB5Y,3.797
2026-03-30,N225,51885.851563
2026-03-30,SOX,7142.330078
2026-03-30,SPX,6343.720215
2026-03-30,USDJPY,160.233994
2026-03-30,USDKRW,1507.02002
2026-03-30,WTI,102.879997
2026-03-31,CALL,2.62
2026-03-31,CD91,2.82
2026-03-31,CNYKRW,219.360203
2026-03-31,CORPAA3Y,4.166
2026-03-31,DJI,46341.511719
2026-03-31,DXY,99.959999
2026-03-31,EURKRW,1736.26001
2026-03-31,EURUSD,1.146
2026-03-31,GBPUSD,1.31728
2026-03-31,GOLD_INTL,4647.600098
2026-03-31,HSI,24788.140625
2026-03-31,IXIC,21590.630859
2026-03-31,JPYKRW100,948.485279
2026-03-31,KOSDAQ,1052.390015
2026-03-31,KOSPI,5052.459961
2026-03-31,KTB10Y,3.882
2026-03-31,KTB3Y,3.557
2026-03-31,KTB5Y,3.779
2026-03-31,N225,51063.71875
2026-03-31,SOX,7588.200195
2026-03-31,SPX,6528.52002
2026-03-31,USDJPY,159.841003
2026-03-31,USDKRW,1516.130005
2026-03-31,WTI,101.379997
2026-04-01,CALL,2.527
2026-04-01,CD91,2.82
2026-04-01,CNYKRW,218.057206
2026-04-01,CORPAA3Y,4.011
2026-04-01,DJI,46565.738281
2026-04-01,DXY,99.650002
2026-04-01,EURKRW,1738.51001
2026-04-01,EURUSD,1.157421
2026-04-01,GBPUSD,1.324328
2026-04-01,GOLD_INTL,4783.200195
2026-04-01,HSI,25294.029297
2026-04-01,IXIC,21840.949219
2026-04-01,JPYKRW100,948.003674
2026-04-01,KOSDAQ,1116.180054
2026-04-01,KOSPI,5478.700195
2026-04-01,KTB10Y,3.689
2026-04-01,KTB3Y,3.372
2026-04-01,KTB5Y,3.572
2026-04-01,N225,53739.679688
2026-04-01,SOX,7802.310059
2026-04-01,SPX,6575.319824
2026-04-01,USDJPY,158.578995
2026-04-01,USDKRW,1503.329956
2026-04-01,WTI,100.120003
2026-04-02,CALL,2.514
2026-04-02,CD91,2.82
2026-04-02,CNYKRW,220.084411
2026-04-02,CORPAA3Y,4.114
2026-04-02,DJI,46504.671875
2026-04-02,DXY,100.029999
2026-04-02,EURKRW,1752.589966
2026-04-02,EURUSD,1.159057
2026-04-02,GBPUSD,1.330265
2026-04-02,GOLD_INTL,4651.5
2026-04-02,HSI,25116.529297
2026-04-02,IXIC,21879.179688
2026-04-02,JPYKRW100,952.719688
2026-04-02,KOSDAQ,1056.339966
2026-04-02,KOSPI,5234.049805
2026-04-02,KTB10Y,3.808
2026-04-02,KTB3Y,3.471
2026-04-02,KTB5Y,3.688
2026-04-02,N225,52463.269531
2026-04-02,SOX,7833.390137
2026-04-02,SPX,6582.689941
2026-04-02,USDJPY,158.688004
2026-04-02,USDKRW,1512.089966
2026-04-02,WTI,111.540001
2026-04-03,CALL,2.492
2026-04-03,CD91,2.82
2026-04-03,CNYKRW,219.200882
2026-04-03,CORPAA3Y,4.093
2026-04-03,EURKRW,1741.089966
2026-04-03,EURUSD,1.154175
2026-04-03,GBPUSD,1.323031
2026-04-03,JPYKRW100,946.243191
2026-04-03,KOSDAQ,1063.75
2026-04-03,KOSPI,5377.299805
2026-04-03,KTB10Y,3.744
2026-04-03,KTB3Y,3.442
2026-04-03,KTB5Y,3.623
2026-04-03,N225,53123.488281
2026-04-03,USDJPY,159.490997
2026-04-03,USDKRW,1509.219971
2026-04-06,CALL,2.495
2026-04-06,CD91,2.82
2026-04-06,CNYKRW,219.292689
2026-04-06,CORPAA3Y,4.081
2026-04-06,DJI,46669.878906
2026-04-06,DXY,99.980003
2026-04-06,EURKRW,1741.23999
2026-04-06,EURUSD,1.151
2026-04-06,GBPUSD,1.318635
2026-04-06,GOLD_INTL,4656.799805
2026-04-06,IXIC,21996.339844
2026-04-06,JPYKRW100,944.527245
2026-04-06,KOSDAQ,1047.369995
2026-04-06,KOSPI,5450.330078
2026-04-06,KTB10Y,3.724
2026-04-06,KTB3Y,3.446
2026-04-06,KTB5Y,3.576
2026-04-06,N225,53413.679688
2026-04-06,SOX,7916.109863
2026-04-06,SPX,6611.830078
2026-04-06,USDJPY,159.779999
2026-04-06,USDKRW,1509.26001
2026-04-06,WTI,112.410004
2026-04-07,CALL,2.409
2026-04-07,CD91,2.82
2026-04-07,CNYKRW,219.091001
2026-04-07,CORPAA3Y,4.107
2026-04-07,DJI,46584.460938
2026-04-07,DXY,99.639999
2026-04-07,EURKRW,1741.25
2026-04-07,EURUSD,1.154121
2026-04-07,GBPUSD,1.323416
2026-04-07,GOLD_INTL,4657.100098
2026-04-07,IXIC,22017.849609
2026-04-07,JPYKRW100,944.194317
2026-04-07,KOSDAQ,1036.72998
2026-04-07,KOSPI,5494.779785
2026-04-07,KTB10Y,3.738
2026-04-07,KTB3Y,3.449
2026-04-07,KTB5Y,3.617
2026-04-07,N225,53429.558594
2026-04-07,SOX,8003.870117
2026-04-07,SPX,6616.850098
2026-04-07,USDJPY,159.682999
2026-04-07,USDKRW,1507.849976
2026-04-07,WTI,112.949997
2026-04-08,CALL,2.479
2026-04-08,CD91,2.81
2026-04-08,CNYKRW,218.637248
2026-04-08,CORPAA3Y,3.973
2026-04-08,DJI,47909.921875
2026-04-08,DXY,99.129997
2026-04-08,EURKRW,1752
2026-04-08,EURUSD,1.168661
2026-04-08,GBPUSD,1.340177
2026-04-08,GOLD_INTL,4749.5
2026-04-08,HSI,25893.019531
2026-04-08,IXIC,22634.990234
2026-04-08,JPYKRW100,944.458771
2026-04-08,KOSDAQ,1089.849976
2026-04-08,KOSPI,5872.339844
2026-04-08,KTB10Y,3.634
2026-04-08,KTB3Y,3.326
2026-04-08,KTB5Y,3.469
2026-04-08,N225,56308.421875
2026-04-08,SOX,8510.919922
2026-04-08,SPX,6782.810059
2026-04-08,USDJPY,158.716003
2026-04-08,USDKRW,1499.130005
2026-04-08,WTI,94.410004
2026-04-09,CALL,2.54
2026-04-09,CD91,2.82
2026-04-09,CNYKRW,216.380857
2026-04-09,CORPAA3Y,3.999
2026-04-09,DJI,48185.800781
2026-04-09,DXY,98.82
2026-04-09,EURKRW,1723.01001
2026-04-09,EURUSD,1.165936
2026-04-09,GBPUSD,1.339405
2026-04-09,GOLD_INTL,4792.200195
2026-04-09,HSI,25752.400391
2026-04-09,IXIC,22822.419922
2026-04-09,JPYKRW100,931.331921
2026-04-09,KOSDAQ,1076
2026-04-09,KOSPI,5778.009766
2026-04-09,KTB10Y,3.66
2026-04-09,KTB3Y,3.341
2026-04-09,KTB5Y,3.496
2026-04-09,N225,55895.320313
2026-04-09,SOX,8689.530273
2026-04-09,SPX,6824.660156
2026-04-09,USDJPY,158.641998
2026-04-09,USDKRW,1477.599976
2026-04-09,WTI,97.870003
2026-04-10,CALL,2.54
2026-04-10,CD91,2.82
2026-04-10,CNYKRW,215.662975
2026-04-10,CORPAA3Y,4.018
2026-04-10,DJI,47916.570313
2026-04-10,DXY,98.650002
2026-04-10,EURKRW,1722.609985
2026-04-10,EURUSD,1.169126
2026-04-10,GBPUSD,1.343003
2026-04-10,GOLD_INTL,4761.899902
2026-04-10,HSI,25893.539063
2026-04-10,IXIC,22902.890625
2026-04-10,JPYKRW100,925.927258
2026-04-10,KOSDAQ,1093.630005
2026-04-10,KOSPI,5858.870117
2026-04-10,KTB10Y,3.687
2026-04-10,KTB3Y,3.356
2026-04-10,KTB5Y,3.509
2026-04-10,N225,56924.109375
2026-04-10,SOX,8889.830078
2026-04-10,SPX,6816.890137
2026-04-10,USDJPY,159.112
2026-04-10,USDKRW,1473.280029
2026-04-10,WTI,96.57
2026-04-13,CALL,2.537
2026-04-13,CD91,2.82
2026-04-13,CNYKRW,217.080187
2026-04-13,CORPAA3Y,4.043
2026-04-13,DJI,48218.25
2026-04-13,DXY,98.370003
2026-04-13,EURKRW,1741.02002
2026-04-13,EURUSD,1.167515
2026-04-13,GBPUSD,1.339441
2026-04-13,GOLD_INTL,4742.399902
2026-04-13,HSI,25660.849609
2026-04-13,IXIC,23183.740234
2026-04-13,JPYKRW100,928.134727
2026-04-13,KOSDAQ,1099.839966
2026-04-13,KOSPI,5808.620117
2026-04-13,KTB10Y,3.714
2026-04-13,KTB3Y,3.38
2026-04-13,KTB5Y,3.556
2026-04-13,N225,56502.769531
2026-04-13,SOX,9039.519531
2026-04-13,SPX,6886.240234
2026-04-13,USDJPY,159.679993
2026-04-13,USDKRW,1482.180054
2026-04-13,WTI,99.080002
2026-04-14,CALL,2.526
2026-04-14,CD91,2.82
2026-04-14,CNYKRW,216.218907
2026-04-14,CORPAA3Y,4.005
2026-04-14,DJI,48535.988281
2026-04-14,DXY,98.120003
2026-04-14,EURKRW,1736.640015
2026-04-14,EURUSD,1.176886
2026-04-14,GBPUSD,1.351534
2026-04-14,GOLD_INTL,4825
2026-04-14,HSI,25872.320313
2026-04-14,IXIC,23639.080078
2026-04-14,JPYKRW100,927.586269
2026-04-14,KOSDAQ,1121.880005
2026-04-14,KOSPI,5967.75
2026-04-14,KTB10Y,3.661
2026-04-14,KTB3Y,3.338
2026-04-14,KTB5Y,3.501
2026-04-14,N225,57877.390625
2026-04-14,SOX,9224.120117
2026-04-14,SPX,6967.379883
2026-04-14,USDJPY,159.214005
2026-04-14,USDKRW,1476.839966
2026-04-14,WTI,91.279999
2026-04-15,CALL,2.516
2026-04-15,CD91,2.81
2026-04-15,CNYKRW,215.593414
2026-04-15,CORPAA3Y,3.995
2026-04-15,DJI,48463.71875
2026-04-15,DXY,98.059998
2026-04-15,EURKRW,1732.930054
2026-04-15,EURUSD,1.179941
2026-04-15,GBPUSD,1.357534
2026-04-15,GOLD_INTL,4800
2026-04-15,HSI,25947.320313
2026-04-15,IXIC,24016.019531
2026-04-15,JPYKRW100,925.315762
2026-04-15,KOSDAQ,1152.430054
2026-04-15,KOSPI,6091.390137
2026-04-15,KTB10Y,3.652
2026-04-15,KTB3Y,3.331
2026-04-15,KTB5Y,3.512
2026-04-15,N225,58134.238281
2026-04-15,SOX,9239.290039
2026-04-15,SPX,7022.950195
2026-04-15,USDJPY,158.792007
2026-04-15,USDKRW,1469.420044
2026-04-15,WTI,91.290001
2026-04-16,CALL,2.504
2026-04-16,CD91,2.82
2026-04-16,CNYKRW,216.201246
2026-04-16,CORPAA3Y,4.005
2026-04-16,DJI,48578.71875
2026-04-16,DXY,98.220001
2026-04-16,EURKRW,1739.410034
2026-04-16,EURUSD,1.180916
2026-04-16,GBPUSD,1.35737
2026-04-16,GOLD_INTL,4785.399902
2026-04-16,HSI,26394.259766
2026-04-16,IXIC,24102.699219
2026-04-16,JPYKRW100,928.134537
2026-04-16,KOSDAQ,1162.969971
2026-04-16,KOSPI,6226.049805
2026-04-16,KTB10Y,3.672
2026-04-16,KTB3Y,3.337
2026-04-16,KTB5Y,3.532
2026-04-16,N225,59518.339844
2026-04-16,SOX,9329.349609
2026-04-16,SPX,7041.279785
2026-04-16,USDJPY,158.809006
2026-04-16,USDKRW,1474.060059
2026-04-16,WTI,94.690002
2026-04-17,CALL,2.515
2026-04-17,CD91,2.82
2026-04-17,CNYKRW,216.668865
2026-04-17,CORPAA3Y,4.037
2026-04-17,DJI,49447.429688
2026-04-17,DXY,98.099998
2026-04-17,EURKRW,1740.839966
2026-04-17,EURUSD,1.178273
2026-04-17,GBPUSD,1.352612
2026-04-17,GOLD_INTL,4857.600098
2026-04-17,HSI,26160.330078
2026-04-17,IXIC,24468.480469
2026-04-17,JPYKRW100,928.332996
2026-04-17,KOSDAQ,1170.040039
2026-04-17,KOSPI,6191.919922
2026-04-17,KTB10Y,3.71
2026-04-17,KTB3Y,3.368
2026-04-17,KTB5Y,3.57
2026-04-17,N225,58475.898438
2026-04-17,SOX,9555.879883
2026-04-17,SPX,7126.060059
2026-04-17,USDJPY,159.195007
2026-04-17,USDKRW,1477.920044
2026-04-17,WTI,83.849998
2026-04-20,CALL,2.505
2026-04-20,CD91,2.81
2026-04-20,CNYKRW,214.925927
2026-04-20,CORPAA3Y,4.016
2026-04-20,DJI,49442.558594
2026-04-20,DXY,98.050003
2026-04-20,EURKRW,1731.180054
2026-04-20,EURUSD,1.174122
2026-04-20,GBPUSD,1.348436
2026-04-20,GOLD_INTL,4806.600098
2026-04-20,HSI,26361.070313
2026-04-20,IXIC,24404.390625
2026-04-20,JPYKRW100,920.52269
2026-04-20,KOSDAQ,1174.849976
2026-04-20,KOSPI,6219.089844
2026-04-20,KTB10Y,3.69
2026-04-20,KTB3Y,3.341
2026-04-20,KTB5Y,3.579
2026-04-20,N225,58824.890625
2026-04-20,SOX,9599.209961
2026-04-20,SPX,7109.140137
2026-04-20,USDJPY,159.160995
2026-04-20,USDKRW,1465.150024
2026-04-20,WTI,89.610001
2026-04-21,CALL,2.51
2026-04-21,CD91,2.82
2026-04-21,CNYKRW,215.516181
2026-04-21,CORPAA3Y,3.994
2026-04-21,DJI,49149.378906
2026-04-21,DXY,98.410004
2026-04-21,EURKRW,1731.719971
2026-04-21,EURUSD,1.178439
2026-04-21,GBPUSD,1.353125
2026-04-21,GOLD_INTL,4698.399902
2026-04-21,HSI,26487.480469
2026-04-21,IXIC,24259.960938
2026-04-21,JPYKRW100,924.903393
2026-04-21,KOSDAQ,1179.030029
2026-04-21,KOSPI,6388.470215
2026-04-21,KTB10Y,3.672
2026-04-21,KTB3Y,3.333
2026-04-21,KTB5Y,3.541
2026-04-21,N225,59349.171875
2026-04-21,SOX,9647.209961
2026-04-21,SPX,7064.009766
2026-04-21,USDJPY,158.843994
2026-04-21,USDKRW,1469.26001
2026-04-21,WTI,92.129997
2026-04-22,CALL,2.511
2026-04-22,CD91,2.83
2026-04-22,CNYKRW,217.833698
2026-04-22,CORPAA3Y,4.028
2026-04-22,DJI,49490.03125
2026-04-22,DXY,98.589996
2026-04-22,EURKRW,1743.920044
2026-04-22,EURUSD,1.174426
2026-04-22,GBPUSD,1.350968
2026-04-22,GOLD_INTL,4732.5
2026-04-22,HSI,26163.240234
2026-04-22,IXIC,24657.570313
2026-04-22,JPYKRW100,932.281303
2026-04-22,KOSDAQ,1181.119995
2026-04-22,KOSPI,6417.930176
2026-04-22,KTB10Y,3.7
2026-04-22,KTB3Y,3.367
2026-04-22,KTB5Y,3.565
2026-04-22,N225,59585.859375
2026-04-22,SOX,9909.269531
2026-04-22,SPX,7137.899902
2026-04-22,USDJPY,159.373001
2026-04-22,USDKRW,1485.800049
2026-04-22,WTI,92.959999
2026-04-23,CALL,2.539
2026-04-23,CD91,2.83
2026-04-23,CNYKRW,216.576291
2026-04-23,CORPAA3Y,4.107
2026-04-23,DJI,49310.320313
2026-04-23,DXY,98.800003
2026-04-23,EURKRW,1729.709961
2026-04-23,EURUSD,1.170604
2026-04-23,GBPUSD,1.350038
2026-04-23,GOLD_INTL,4705.100098
2026-04-23,HSI,25915.199219
2026-04-23,IXIC,24438.5
2026-04-23,JPYKRW100,926.687527
2026-04-23,KOSDAQ,1174.310059
2026-04-23,KOSPI,6475.810059
2026-04-23,KTB10Y,3.789
2026-04-23,KTB3Y,3.458
2026-04-23,KTB5Y,3.665
2026-04-23,N225,59140.230469
2026-04-23,SOX,10078.570313
2026-04-23,SPX,7108.399902
2026-04-23,USDJPY,159.488007
2026-04-23,USDKRW,1477.959961
2026-04-23,WTI,95.849998
2026-04-24,CALL,2.53
2026-04-24,CD91,2.82
2026-04-24,CNYKRW,216.81071
2026-04-24,CORPAA3Y,4.145
2026-04-24,DJI,49230.710938
2026-04-24,DXY,98.510002
2026-04-24,EURKRW,1729.189941
2026-04-24,EURUSD,1.168388
2026-04-24,GBPUSD,1.346638
2026-04-24,GOLD_INTL,4722.299805
2026-04-24,HSI,25978.070313
2026-04-24,IXIC,24836.599609
2026-04-24,JPYKRW100,926.291561
2026-04-24,KOSDAQ,1203.839966
2026-04-24,KOSPI,6475.629883
2026-04-24,KTB10Y,3.811
2026-04-24,KTB3Y,3.499
2026-04-24,KTB5Y,3.69
2026-04-24,N225,59716.179688
2026-04-24,SOX,10513.660156
2026-04-24,SPX,7165.080078
2026-04-24,USDJPY,159.746994
2026-04-24,USDKRW,1479.949951
2026-04-24,WTI,94.400002
2026-04-27,CALL,2.531
2026-04-27,CD91,2.82
2026-04-27,CNYKRW,215.72726
2026-04-27,CORPAA3Y,4.147
2026-04-27,DJI,49167.789063
2026-04-27,DXY,98.480003
2026-04-27,EURKRW,1728.02002
2026-04-27,EURUSD,1.170645
2026-04-27,GBPUSD,1.35151
2026-04-27,GOLD_INTL,4675.399902
2026-04-27,HSI,25925.650391
2026-04-27,IXIC,24887.099609
2026-04-27,JPYKRW100,924.069405
2026-04-27,KOSDAQ,1226.180054
2026-04-27,KOSPI,6615.029785
2026-04-27,KTB10Y,3.822
2026-04-27,KTB3Y,3.491
2026-04-27,KTB5Y,3.676
2026-04-27,N225,60537.359375
2026-04-27,SOX,10408.040039
2026-04-27,SPX,7173.910156
2026-04-27,USDJPY,159.576004
2026-04-27,USDKRW,1474.689941
2026-04-27,WTI,96.370003
2026-04-28,CALL,2.518
2026-04-28,CD91,2.82
2026-04-28,CNYKRW,215.893763
2026-04-28,CORPAA3Y,4.182
2026-04-28,DJI,49141.929688
2026-04-28,DXY,98.620003
2026-04-28,EURKRW,1726.369995
2026-04-28,EURUSD,1.172347
2026-04-28,GBPUSD,1.353821
2026-04-28,GOLD_INTL,4591.5
2026-04-28,HSI,25679.779297
2026-04-28,IXIC,24663.800781
2026-04-28,JPYKRW100,924.284554
2026-04-28,KOSDAQ,1215.579956
2026-04-28,KOSPI,6641.02002
2026-04-28,KTB10Y,3.859
2026-04-28,KTB3Y,3.526
2026-04-28,KTB5Y,3.719
2026-04-28,N225,59917.460938
2026-04-28,SOX,10035.580078
2026-04-28,SPX,7138.799805
2026-04-28,USDJPY,159.356995
2026-04-28,USDKRW,1473
2026-04-28,WTI,99.93
2026-04-29,CALL,2.513
2026-04-29,CD91,2.82
2026-04-29,CNYKRW,215.28505
2026-04-29,CORPAA3Y,4.185
2026-04-29,DJI,48861.808594
2026-04-29,DXY,98.919998
2026-04-29,EURKRW,1724.359985
2026-04-29,EURUSD,1.171783
2026-04-29,GBPUSD,1.352448
2026-04-29,GOLD_INTL,4545.200195
2026-04-29,HSI,26111.839844
2026-04-29,IXIC,24673.240234
2026-04-29,JPYKRW100,922.578907
2026-04-29,KOSDAQ,1220.26001
2026-04-29,KOSPI,6690.899902
2026-04-29,KTB10Y,3.842
2026-04-29,KTB3Y,3.534
2026-04-29,KTB5Y,3.707
2026-04-29,SOX,10271.299805
2026-04-29,SPX,7135.950195
2026-04-29,USDJPY,159.552002
2026-04-29,USDKRW,1471.98999
2026-04-29,WTI,106.879997
2026-04-30,CALL,2.554
2026-04-30,CD91,2.81
2026-04-30,CNYKRW,217.532722
2026-04-30,CORPAA3Y,4.248
2026-04-30,DJI,49652.140625
2026-04-30,DXY,98.080002
2026-04-30,EURKRW,1736.599976
2026-04-30,EURUSD,1.16847
2026-04-30,GBPUSD,1.34886
2026-04-30,GOLD_INTL,4614.700195
2026-04-30,HSI,25776.529297
2026-04-30,IXIC,24892.310547
2026-04-30,JPYKRW100,928.495407
2026-04-30,KOSDAQ,1192.349976
2026-04-30,KOSPI,6598.870117
2026-04-30,KTB10Y,3.844
2026-04-30,KTB3Y,3.59
2026-04-30,KTB5Y,3.785
2026-04-30,N225,59284.921875
2026-04-30,SOX,10503.700195
2026-04-30,SPX,7209.009766
2026-04-30,USDJPY,160.184006
2026-04-30,USDKRW,1487.380005
2026-04-30,WTI,105.07
2026-05-01,CNYKRW,215.899403
2026-05-01,DJI,49499.269531
2026-05-01,DXY,98.209999
2026-05-01,EURKRW,1727.910034
2026-05-01,EURUSD,1.17291
2026-05-01,GBPUSD,1.360267
2026-05-01,GOLD_INTL,4629.899902
2026-05-01,IXIC,25114.439453
2026-05-01,JPYKRW100,938.931942
2026-05-01,N225,59513.121094
2026-05-01,SOX,10595.339844
2026-05-01,SPX,7230.120117
2026-05-01,USDJPY,156.977997
2026-05-01,USDKRW,1474.01001
2026-05-01,WTI,101.940002
2026-05-04,CALL,2.487
2026-05-04,CD91,2.81
2026-05-04,CNYKRW,215.559137
2026-05-04,CORPAA3Y,4.268
2026-05-04,DJI,48941.898438
2026-05-04,DXY,98.470001
2026-05-04,EURKRW,1727.410034
2026-05-04,EURUSD,1.172663
2026-05-04,GBPUSD,1.358142
2026-05-04,GOLD_INTL,4519.5
2026-05-04,HSI,26095.880859
2026-05-04,IXIC,25067.800781
2026-05-04,JPYKRW100,938.265228
2026-05-04,KOSDAQ,1213.73999
2026-05-04,KOSPI,6936.990234
2026-05-04,KTB10Y,3.933
2026-05-04,KTB3Y,3.615
2026-05-04,KTB5Y,3.802
2026-05-04,SOX,10534.660156
2026-05-04,SPX,7200.75
2026-05-04,USDJPY,156.845993
2026-05-04,USDKRW,1471.72998
2026-05-04,WTI,106.419998
2026-05-05,CNYKRW,216.112747
2026-05-05,DJI,49298.25
2026-05-05,DXY,98.480003
2026-05-05,EURKRW,1725.150024
2026-05-05,EURUSD,1.169194
2026-05-05,GBPUSD,1.353143
2026-05-05,GOLD_INTL,4555.799805
2026-05-05,HSI,25898.609375
2026-05-05,IXIC,25326.130859
2026-05-05,JPYKRW100,938.975143
2026-05-05,SOX,10980.580078
2026-05-05,SPX,7259.220215
2026-05-05,USDJPY,157.194
2026-05-05,USDKRW,1476.050049
2026-05-05,WTI,102.269997
2026-05-06,CALL,2.493
2026-05-06,CD91,2.82
2026-05-06,CNYKRW,215.803568
2026-05-06,CORPAA3Y,4.249
2026-05-06,DJI,49910.589844
2026-05-06,DXY,98.019997
2026-05-06,EURKRW,1727.369995
2026-05-06,EURUSD,1.171577
2026-05-06,GBPUSD,1.356871
2026-05-06,GOLD_INTL,4681.899902
2026-05-06,HSI,26213.779297
2026-05-06,IXIC,25838.939453
2026-05-06,JPYKRW100,934.631062
2026-05-06,KOSDAQ,1210.170044
2026-05-06,KOSPI,7384.560059
2026-05-06,KTB10Y,3.935
2026-05-06,KTB3Y,3.594
2026-05-06,KTB5Y,3.786
2026-05-06,SOX,11472.75
2026-05-06,SPX,7365.120117
2026-05-06,USDJPY,157.677002
2026-05-06,USDKRW,1473.959961
2026-05-06,WTI,95.080002
2026-05-07,CALL,2.546
2026-05-07,CD91,2.82
2026-05-07,CNYKRW,212.07605
2026-05-07,CORPAA3Y,4.199
2026-05-07,DJI,49596.96875
2026-05-07,DXY,98.25
2026-05-07,EURKRW,1697.040039
2026-05-07,EURUSD,1.174743
2026-05-07,GBPUSD,1.359176
2026-05-07,GOLD_INTL,4699.799805
2026-05-07,HSI,26626.279297
2026-05-07,IXIC,25806.199219
2026-05-07,JPYKRW100,922.988892
2026-05-07,KOSDAQ,1199.180054
2026-05-07,KOSPI,7490.049805
2026-05-07,KTB10Y,3.905
2026-05-07,KTB3Y,3.54
2026-05-07,KTB5Y,3.743
2026-05-07,N225,62833.839844
2026-05-07,SOX,11160.990234
2026-05-07,SPX,7337.109863
2026-05-07,USDJPY,156.507996
2026-05-07,USDKRW,1444.449951
2026-05-07,WTI,94.809998
2026-05-08,CALL,2.548
2026-05-08,CD91,2.81
2026-05-08,CNYKRW,213.895668
2026-05-08,CORPAA3Y,4.218
2026-05-08,DJI,49609.160156
2026-05-08,DXY,97.839996
2026-05-08,EURKRW,1705.329956
2026-05-08,EURUSD,1.173158
2026-05-08,GBPUSD,1.355565
2026-05-08,GOLD_INTL,4720.399902
2026-05-08,HSI,26393.710938
2026-05-08,IXIC,26247.080078
2026-05-08,JPYKRW100,927.560234
2026-05-08,KOSDAQ,1207.719971
2026-05-08,KOSPI,7498
2026-05-08,KTB10Y,3.912
2026-05-08,KTB3Y,3.561
2026-05-08,KTB5Y,3.733
2026-05-08,N225,62713.648438
2026-05-08,SOX,11775.5
2026-05-08,SPX,7398.930176
2026-05-08,USDJPY,156.828995
2026-05-08,USDKRW,1454.790039
2026-05-08,WTI,95.419998
2026-05-11,CALL,2.561
2026-05-11,CD91,2.81
2026-05-11,CNYKRW,214.770983
2026-05-11,CORPAA3Y,4.245
2026-05-11,DJI,49704.46875
2026-05-11,DXY,97.940002
2026-05-11,EURKRW,1723.670044
2026-05-11,EURUSD,1.176886
2026-05-11,GBPUSD,1.359471
2026-05-11,GOLD_INTL,4718.700195
2026-05-11,HSI,26406.839844
2026-05-11,IXIC,26274.130859
2026-05-11,JPYKRW100,931.021976
2026-05-11,KOSDAQ,1207.339966
2026-05-11,KOSPI,7822.240234
2026-05-11,KTB10Y,3.953
2026-05-11,KTB3Y,3.61
2026-05-11,KTB5Y,3.774
2026-05-11,N225,62417.878906
2026-05-11,SOX,12081.040039
2026-05-11,SPX,7412.839844
2026-05-11,USDJPY,156.858002
2026-05-11,USDKRW,1460.550049
2026-05-11,WTI,98.07
2026-05-12,CALL,2.583
2026-05-12,CD91,2.81
2026-05-12,CNYKRW,216.99682
2026-05-12,CORPAA3Y,4.311
2026-05-12,DJI,49760.558594
2026-05-12,DXY,98.290001
2026-05-12,EURKRW,1737.5
2026-05-12,EURUSD,1.177995
2026-05-12,GBPUSD,1.36047
2026-05-12,GOLD_INTL,4677.600098
2026-05-12,HSI,26347.910156
2026-05-12,IXIC,26088.199219
2026-05-12,JPYKRW100,937.107468
2026-05-12,KOSDAQ,1179.290039
2026-05-12,KOSPI,7643.149902
2026-05-12,KTB10Y,4.054
2026-05-12,KTB3Y,3.685
2026-05-12,KTB5Y,3.83
2026-05-12,N225,62742.570313
2026-05-12,SOX,11717.259766
2026-05-12,SPX,7400.959961
2026-05-12,USDJPY,157.231003
2026-05-12,USDKRW,1474.449951
2026-05-12,WTI,102.18
2026-05-13,CALL,2.524
2026-05-13,CD91,2.81
2026-05-13,CNYKRW,219.815964
2026-05-13,CORPAA3Y,4.273
2026-05-13,DJI,49693.199219
2026-05-13,DXY,98.480003
2026-05-13,EURKRW,1750.420044
2026-05-13,EURUSD,1.173544
2026-05-13,GBPUSD,1.3537
2026-05-13,GOLD_INTL,4697.700195
2026-05-13,HSI,26388.439453
2026-05-13,IXIC,26402.339844
2026-05-13,JPYKRW100,947.084999
2026-05-13,KOSDAQ,1176.930054
2026-05-13,KOSPI,7844.009766
2026-05-13,KTB10Y,4.06
2026-05-13,KTB3Y,3.643
2026-05-13,KTB5Y,3.846
2026-05-13,N225,63272.109375
2026-05-13,SOX,12017.980469
2026-05-13,SPX,7444.25
2026-05-13,USDJPY,157.671005
2026-05-13,USDKRW,1492.98999
2026-05-13,WTI,101.019997
2026-05-14,CALL,2.535
2026-05-14,CD91,2.81
2026-05-14,CNYKRW,219.390933
2026-05-14,CORPAA3Y,4.284
2026-05-14,DJI,50063.460938
2026-05-14,DXY,98.879997
2026-05-14,EURKRW,1743.550049
2026-05-14,EURUSD,1.171605
2026-05-14,GBPUSD,1.352631
2026-05-14,GOLD_INTL,4678.100098
2026-05-14,HSI,26389.039063
2026-05-14,IXIC,26635.220703
2026-05-14,JPYKRW100,943.719292
2026-05-14,KOSDAQ,1191.089966
2026-05-14,KOSPI,7981.410156
2026-05-14,KTB10Y,4.082
2026-05-14,KTB3Y,3.652
2026-05-14,KTB5Y,3.872
2026-05-14,N225,62654.050781
2026-05-14,SOX,12073.780273
2026-05-14,SPX,7501.240234
2026-05-14,USDJPY,157.850998
2026-05-14,USDKRW,1489.839966
2026-05-14,WTI,101.169998
2026-05-15,CALL,2.527
2026-05-15,CD91,2.81
2026-05-15,CNYKRW,220.091077
2026-05-15,CORPAA3Y,4.391
2026-05-15,DJI,49526.171875
2026-05-15,DXY,99.269997
2026-05-15,EURKRW,1740.219971
2026-05-15,EURUSD,1.166208
2026-05-15,GBPUSD,1.339136
2026-05-15,GOLD_INTL,4555.799805
2026-05-15,HSI,25962.730469
2026-05-15,IXIC,26225.140625
2026-05-15,JPYKRW100,943.178368
2026-05-15,KOSDAQ,1129.819946
2026-05-15,KOSPI,7493.180176
2026-05-15,KTB10Y,4.172
2026-05-15,KTB3Y,3.752
2026-05-15,KTB5Y,4.001
2026-05-15,N225,61409.289063
2026-05-15,SOX,11588.459961
2026-05-15,SPX,7408.5
2026-05-15,USDJPY,158.382004
2026-05-15,USDKRW,1493.339966
2026-05-15,WTI,105.419998
2026-05-18,CALL,2.524
2026-05-18,CD91,2.81
2026-05-18,CNYKRW,219.871654
2026-05-18,CORPAA3Y,4.381
2026-05-18,DJI,49686.121094
2026-05-18,DXY,98.970001
2026-05-18,EURKRW,1737.859985
2026-05-18,EURUSD,1.16144
2026-05-18,GBPUSD,1.330849
2026-05-18,GOLD_INTL,4552.5
2026-05-18,HSI,25675.179688
2026-05-18,IXIC,26090.730469
2026-05-18,JPYKRW100,942.632484
2026-05-18,KOSDAQ,1111.089966
2026-05-18,KOSPI,7516.040039
2026-05-18,KTB10Y,4.231
2026-05-18,KTB3Y,3.765
2026-05-18,KTB5Y,3.996
2026-05-18,N225,60815.949219
2026-05-18,SOX,11302.519531
2026-05-18,SPX,7403.049805
2026-05-18,USDJPY,158.843994
2026-05-18,USDKRW,1497.150024
2026-05-18,WTI,108.660004
2026-05-19,CALL,2.514
2026-05-19,CD91,2.81
2026-05-19,CNYKRW,219.458809
2026-05-19,CORPAA3Y,4.377
2026-05-19,DJI,49363.878906
2026-05-19,DXY,99.300003
2026-05-19,EURKRW,1733.810059
2026-05-19,EURUSD,1.165515
2026-05-19,GBPUSD,1.343201
2026-05-19,GOLD_INTL,4506.299805
2026-05-19,HSI,25797.849609
2026-05-19,IXIC,25870.710938
2026-05-19,JPYKRW100,939.025974
2026-05-19,KOSDAQ,1084.359985
2026-05-19,KOSPI,7271.660156
2026-05-19,KTB10Y,4.215
2026-05-19,KTB3Y,3.752
2026-05-19,KTB5Y,3.978
2026-05-19,N225,60550.589844
2026-05-19,SOX,11305.5
2026-05-19,SPX,7353.609863
2026-05-19,USDJPY,158.860992
2026-05-19,USDKRW,1492.319946
2026-05-19,WTI,107.769997
2026-05-20,CALL,2.517
2026-05-20,CD91,2.82
2026-05-20,CNYKRW,221.270821
2026-05-20,CORPAA3Y,4.386
2026-05-20,DJI,50009.351563
2026-05-20,DXY,99.110001
2026-05-20,EURKRW,1748.02002
2026-05-20,EURUSD,1.160712
2026-05-20,GBPUSD,1.339603
2026-05-20,GOLD_INTL,4531.299805
2026-05-20,HSI,25651.119141
2026-05-20,IXIC,26270.359375
2026-05-20,JPYKRW100,948.053074
2026-05-20,KOSDAQ,1056.069946
2026-05-20,KOSPI,7208.950195
2026-05-20,KTB10Y,4.198
2026-05-20,KTB3Y,3.758
2026-05-20,KTB5Y,3.976
2026-05-20,N225,59804.410156
2026-05-20,SOX,11813.290039
2026-05-20,SPX,7432.970215
2026-05-20,USDJPY,159.035004
2026-05-20,USDKRW,1507.849976
2026-05-20,WTI,98.260002
2026-05-21,CALL,2.525
2026-05-21,CD91,2.81
2026-05-21,CNYKRW,220.538201
2026-05-21,CORPAA3Y,4.381
2026-05-21,DJI,50285.660156
2026-05-21,DXY,99.190002
2026-05-21,EURKRW,1738.47998
2026-05-21,EURUSD,1.162534
2026-05-21,GBPUSD,1.3434
2026-05-21,GOLD_INTL,4539.799805
2026-05-21,HSI,25386.519531
2026-05-21,IXIC,26293.099609
2026-05-21,JPYKRW100,944.071198
2026-05-21,KOSDAQ,1105.969971
2026-05-21,KOSPI,7815.589844
2026-05-21,KTB10Y,4.182
2026-05-21,KTB3Y,3.756
2026-05-21,KTB5Y,3.989
2026-05-21,N225,61684.140625
2026-05-21,SOX,11964.080078
2026-05-21,SPX,7445.720215
2026-05-21,USDJPY,158.888
2026-05-21,USDKRW,1499.77002
2026-05-21,WTI,96.349998
2026-05-22,CALL,2.516
2026-05-22,CD91,2.81
2026-05-22,CNYKRW,221.153999
2026-05-22,CORPAA3Y,4.361
2026-05-22,DJI,50579.699219
2026-05-22,DXY,99.32
2026-05-22,EURKRW,1750.150024
2026-05-22,EURUSD,1.162115
2026-05-22,GBPUSD,1.343256
2026-05-22,GOLD_INTL,4521
2026-05-22,HSI,25606.029297
2026-05-22,IXIC,26343.970703
2026-05-22,JPYKRW100,945.545578
2026-05-22,KOSDAQ,1161.130005
2026-05-22,KOSPI,7847.709961
2026-05-22,KTB10Y,4.144
2026-05-22,KTB3Y,3.727
2026-05-22,KTB5Y,3.969
2026-05-22,N225,63339.070313
2026-05-22,SOX,12202.540039
2026-05-22,SPX,7473.470215
2026-05-22,USDJPY,159.018005
2026-05-22,USDKRW,1504.400024
2026-05-22,WTI,96.599998
2026-05-25,CNYKRW,222.655086
2026-05-25,EURKRW,1769.410034
2026-05-25,EURUSD,1.164226
2026-05-25,GBPUSD,1.348163
2026-05-25,JPYKRW100,951.722527
2026-05-25,N225,65158.191406
2026-05-25,USDJPY,158.945999
2026-05-25,USDKRW,1512.829956
2026-05-26,CALL,2.538
2026-05-26,CD91,2.84
2026-05-26,CNYKRW,222.943567
2026-05-26,CORPAA3Y,4.295
2026-05-26,DJI,50461.679688
2026-05-26,DXY,99.169998
2026-05-26,EURKRW,1765.199951
2026-05-26,EURUSD,1.163738
2026-05-26,GBPUSD,1.349637
2026-05-26,GOLD_INTL,4500.399902
2026-05-26,HSI,25599.449219
2026-05-26,IXIC,26656.179688
2026-05-26,JPYKRW100,952.939701
2026-05-26,KOSDAQ,1172.52002
2026-05-26,KOSPI,8047.509766
2026-05-26,KTB10Y,4.071
2026-05-26,KTB3Y,3.666
2026-05-26,KTB5Y,3.898
2026-05-26,N225,64996.089844
2026-05-26,SOX,12876.910156
2026-05-26,SPX,7519.120117
2026-05-26,USDJPY,158.953995
2026-05-26,USDKRW,1514.790039
2026-05-26,WTI,93.889999
2026-05-27,CALL,2.55
2026-05-27,CD91,2.85
2026-05-27,CNYKRW,221.844974
2026-05-27,CORPAA3Y,4.336
2026-05-27,DJI,50644.28125
2026-05-27,DXY,99.209999
2026-05-27,EURKRW,1753.01001
2026-05-27,EURUSD,1.163684
2026-05-27,GBPUSD,1.345533
2026-05-27,GOLD_INTL,4447.5
2026-05-27,HSI,25328.230469
2026-05-27,IXIC,26674.730469
2026-05-27,JPYKRW100,945.740128
2026-05-27,KOSDAQ,1133.130005
2026-05-27,KOSPI,8228.700195
2026-05-27,KTB10Y,4.105
2026-05-27,KTB3Y,3.7
2026-05-27,KTB5Y,3.94
2026-05-27,N225,64999.410156
2026-05-27,SOX,12702.19043
2026-05-27,SPX,7520.359863
2026-05-27,USDJPY,159.242996
2026-05-27,USDKRW,1505.439941
2026-05-27,WTI,88.68
2026-05-28,CALL,2.535
2026-05-28,CD91,2.85
2026-05-28,CNYKRW,221.736883
2026-05-28,CORPAA3Y,4.384
2026-05-28,DJI,50668.96875
2026-05-28,DXY,99.019997
2026-05-28,EURKRW,1743.160034
2026-05-28,EURUSD,1.161791
2026-05-28,GBPUSD,1.341652
2026-05-28,GOLD_INTL,4499.299805
2026-05-28,HSI,25006.160156
2026-05-28,IXIC,26917.470703
2026-05-28,JPYKRW100,941.46843
2026-05-28,KOSDAQ,1104.359985
2026-05-28,KOSPI,8185.290039
2026-05-28,KTB10Y,4.208
2026-05-28,KTB3Y,3.757
2026-05-28,KTB5Y,4.018
2026-05-28,N225,64693.121094
2026-05-28,SOX,12829.139648
2026-05-28,SPX,7563.629883
2026-05-28,USDJPY,159.567993
2026-05-28,USDKRW,1503.109985
2026-05-28,WTI,88.900002
2026-05-29,CALL,2.592
2026-05-29,CD91,2.86
2026-05-29,CNYKRW,220.560519
2026-05-29,CORPAA3Y,4.353
2026-05-29,DJI,51032.460938
2026-05-29,DXY,98.910004
2026-05-29,EURKRW,1739.140015
2026-05-29,EURUSD,1.165284
2026-05-29,GBPUSD,1.344447
2026-05-29,GOLD_INTL,4560.5
2026-05-29,HSI,25182.390625
2026-05-29,IXIC,26972.619141
2026-05-29,JPYKRW100,938.310528
2026-05-29,KOSDAQ,1074.800049
2026-05-29,KOSPI,8476.150391
2026-05-29,KTB10Y,4.071
2026-05-29,KTB3Y,3.738
2026-05-29,KTB5Y,3.928
2026-05-29,N225,66329.5
2026-05-29,SOX,12829.379883
2026-05-29,SPX,7580.060059
2026-05-29,USDJPY,159.270004
2026-05-29,USDKRW,1495.290039
2026-05-29,WTI,87.360001
2026-06-01,CALL,2.536
2026-06-01,CD91,2.86
2026-06-01,CNYKRW,222.701066
2026-06-01,CORPAA3Y,4.41
2026-06-01,DJI,51078.878906
2026-06-01,DXY,99.199997
2026-06-01,EURKRW,1755.900024
2026-06-01,EURUSD,1.16489
2026-06-01,GBPUSD,1.345153
2026-06-01,GOLD_INTL,4475.200195
2026-06-01,HSI,25398.179688
2026-06-01,IXIC,27086.810547
2026-06-01,JPYKRW100,945.542431
2026-06-01,KOSDAQ,1050.030029
2026-06-01,KOSPI,8788.379883
2026-06-01,KTB10Y,4.167
2026-06-01,KTB3Y,3.787
2026-06-01,KTB5Y,4.002
2026-06-01,N225,66934.328125
2026-06-01,SOX,12965.650391
2026-06-01,SPX,7599.959961
2026-06-01,USDJPY,159.352997
2026-06-01,USDKRW,1506.839966
2026-06-01,WTI,92.160004
2026-06-02,CALL,2.518
2026-06-02,CD91,2.87
2026-06-02,CNYKRW,223.395425
2026-06-02,CORPAA3Y,4.397
2026-06-02,DJI,51307.789063
2026-06-02,DXY,99.220001
2026-06-02,EURKRW,1757.339966
2026-06-02,EURUSD,1.163548
2026-06-02,GBPUSD,1.346
2026-06-02,GOLD_INTL,4489.100098
2026-06-02,HSI,26038.320313
2026-06-02,IXIC,27093.900391
2026-06-02,JPYKRW100,946.581459
2026-06-02,KOSDAQ,1026.030029
2026-06-02,KOSPI,8801.490234
2026-06-02,KTB10Y,4.125
2026-06-02,KTB3Y,3.774
2026-06-02,KTB5Y,3.968
2026-06-02,N225,66734.242188
2026-06-02,SOX,13726.269531
2026-06-02,SPX,7609.779785
2026-06-02,USDJPY,159.636002
2026-06-02,USDKRW,1511.27002
2026-06-02,WTI,93.760002
2026-06-03,CNYKRW,224.276124
2026-06-03,DJI,50687.070313
2026-06-03,DXY,99.529999
2026-06-03,EURKRW,1760.050049
2026-06-03,EURUSD,1.16221
2026-06-03,GBPUSD,1.345424
2026-06-03,GOLD_INTL,4436.700195
2026-06-03,HSI,25633.210938
2026-06-03,IXIC,26853.980469
2026-06-03,JPYKRW100,948.054409
2026-06-03,N225,68402.132813
2026-06-03,SOX,13916.959961
2026-06-03,SPX,7553.680176
2026-06-03,USDJPY,159.968002
2026-06-03,USDKRW,1516.599976
2026-06-03,WTI,96.019997
2026-06-04,CALL,2.514
2026-06-04,CD91,2.87
2026-06-04,CNYKRW,226.040008
2026-06-04,CORPAA3Y,4.48
2026-06-04,DJI,51561.929688
2026-06-04,DXY,99.410004
2026-06-04,EURKRW,1776.73999
2026-06-04,EURUSD,1.160941
2026-06-04,GBPUSD,1.342714
2026-06-04,GOLD_INTL,4475.799805
2026-06-04,HSI,25253.400391
2026-06-04,IXIC,26830.960938
2026-06-04,JPYKRW100,956.558704
2026-06-04,KOSDAQ,1049.72998
2026-06-04,KOSPI,8639.410156
2026-06-04,KTB10Y,4.229
2026-06-04,KTB3Y,3.854
2026-06-04,KTB5Y,4.066
2026-06-04,N225,67470.6875
2026-06-04,SOX,13617.5
2026-06-04,SPX,7584.310059
2026-06-04,USDJPY,159.940002
2026-06-04,USDKRW,1530.109985
2026-06-04,WTI,93.040001
2026-06-05,CALL,2.527
2026-06-05,CD91,2.88
2026-06-05,CNYKRW,226.333499
2026-06-05,CORPAA3Y,4.501
2026-06-05,DJI,50866.78125
2026-06-05,DXY,100.07
2026-06-05,EURKRW,1778.119995
2026-06-05,EURUSD,1.161265
2026-06-05,GBPUSD,1.3427
2026-06-05,GOLD_INTL,4337.100098
2026-06-05,HSI,24961.949219
2026-06-05,IXIC,25709.429688
2026-06-05,JPYKRW100,957.98893
2026-06-05,KOSDAQ,1002.440002
2026-06-05,KOSPI,8160.589844
2026-06-05,KTB10Y,4.243
2026-06-05,KTB3Y,3.886
2026-06-05,KTB5Y,4.119
2026-06-05,N225,66588.117188
2026-06-05,SOX,12220.759766
2026-06-05,SPX,7383.740234
2026-06-05,USDJPY,159.990005
2026-06-05,USDKRW,1533.069946
2026-06-05,WTI,90.540001
2026-06-08,CALL,2.528
2026-06-08,CD91,2.92
2026-06-08,CNYKRW,229.765718
2026-06-08,CORPAA3Y,4.565
2026-06-08,DJI,50786.011719
2026-06-08,DXY,100.050003
2026-06-08,EURKRW,1807.420044
2026-06-08,EURUSD,1.15226
2026-06-08,GBPUSD,1.333565
2026-06-08,GOLD_INTL,4335.899902
2026-06-08,HSI,24657.060547
2026-06-08,IXIC,25929.660156
2026-06-08,JPYKRW100,969.318771
2026-06-08,KOSDAQ,911.390015
2026-06-08,KOSPI,7484.410156
2026-06-08,KTB10Y,4.351
2026-06-08,KTB3Y,3.934
2026-06-08,KTB5Y,4.184
2026-06-08,N225,64024.601563
2026-06-08,SOX,12906.69043
2026-06-08,SPX,7405.72998
2026-06-08,USDJPY,160.326996
2026-06-08,USDKRW,1554.47998
2026-06-08,WTI,91.300003
2026-06-09,CALL,2.513
2026-06-09,CD91,2.91
2026-06-09,CNYKRW,225.981818
2026-06-09,CORPAA3Y,4.492
2026-06-09,DJI,50872.109375
2026-06-09,DXY,99.910004
2026-06-09,EURKRW,1759.709961
2026-06-09,EURUSD,1.152844
2026-06-09,GBPUSD,1.333333
2026-06-09,GOLD_INTL,4260
2026-06-09,HSI,24565.900391
2026-06-09,IXIC,25678.820313
2026-06-09,JPYKRW100,954.261494
2026-06-09,KOSDAQ,967.809998
2026-06-09,KOSPI,8096.930176
2026-06-09,KTB10Y,4.273
2026-06-09,KTB3Y,3.905
2026-06-09,KTB5Y,4.102
2026-06-09,N225,65416.628906
2026-06-09,SOX,12657.80957
2026-06-09,SPX,7386.649902
2026-06-09,USDJPY,160.173996
2026-06-09,USDKRW,1528.880005
2026-06-09,WTI,88.199997
2026-06-10,CALL,2.483
2026-06-10,CD91,2.94
2026-06-10,CNYKRW,225.29495
2026-06-10,CORPAA3Y,4.499
2026-06-10,DJI,49918.78125
2026-06-10,DXY,99.949997
2026-06-10,EURKRW,1761.099976
2026-06-10,EURUSD,1.153536
2026-06-10,GBPUSD,1.33722
2026-06-10,GOLD_INTL,4108.200195
2026-06-10,HSI,24407.960938
2026-06-10,IXIC,25169.5
2026-06-10,JPYKRW100,951.302338
2026-06-10,KOSDAQ,951.630005
2026-06-10,KOSPI,7730.819824
2026-06-10,KTB10Y,4.276
2026-06-10,KTB3Y,3.89
2026-06-10,KTB5Y,4.067
2026-06-10,N225,64179.269531
2026-06-10,SOX,12206.459961
2026-06-10,SPX,7266.990234
2026-06-10,USDJPY,160.384003
2026-06-10,USDKRW,1525.810059
2026-06-10,WTI,90.029999
2026-06-11,CALL,2.556
2026-06-11,CD91,2.95
2026-06-11,CNYKRW,225.18273
2026-06-11,CORPAA3Y,4.515
2026-06-11,DJI,50848.75
2026-06-11,DXY,99.860001
2026-06-11,EURKRW,1751.949951
2026-06-11,EURUSD,1.153562
2026-06-11,GBPUSD,1.336202
2026-06-11,GOLD_INTL,4090.300049
2026-06-11,HSI,24249.289063
2026-06-11,IXIC,25809.660156
2026-06-11,JPYKRW100,949.983025
2026-06-11,KOSDAQ,996.929993
2026-06-11,KOSPI,7763.950195
2026-06-11,KTB10Y,4.29
2026-06-11,KTB3Y,3.906
2026-06-11,KTB5Y,4.084
2026-06-11,N225,64217.269531
2026-06-11,SOX,13171.44043
2026-06-11,SPX,7394.299805
2026-06-11,USDJPY,160.526993
2026-06-11,USDKRW,1525.050049
2026-06-11,WTI,87.709999
2026-06-12,CALL,2.538
2026-06-12,CD91,2.92
2026-06-12,CNYKRW,223.951007
2026-06-12,CORPAA3Y,4.433
2026-06-12,DJI,51202.261719
2026-06-12,DXY,99.75
2026-06-12,EURKRW,1754.26001
2026-06-12,EURUSD,1.157595
2026-06-12,GBPUSD,1.341382
2026-06-12,GOLD_INTL,4215
2026-06-12,HSI,24718.099609
2026-06-12,IXIC,25888.839844
2026-06-12,JPYKRW100,947.858143
2026-06-12,KOSDAQ,1029.050049
2026-06-12,KOSPI,8123.620117
2026-06-12,KTB10Y,4.201
2026-06-12,KTB3Y,3.82
2026-06-12,KTB5Y,3.985
2026-06-12,N225,66020.039063
2026-06-12,SOX,13371.469727
2026-06-12,SPX,7431.459961
2026-06-12,USDJPY,160.130005
2026-06-12,USDKRW,1517.380005
2026-06-12,WTI,84.879997
2026-06-15,CALL,2.547
2026-06-15,CD91,2.92
2026-06-15,CNYKRW,223.100805
2026-06-15,CORPAA3Y,4.373
2026-06-15,DJI,51671.03125
2026-06-15,DXY,99.629997
2026-06-15,EURKRW,1754.609985
2026-06-15,EURUSD,1.160308
2026-06-15,GBPUSD,1.344972
2026-06-15,GOLD_INTL,4328
2026-06-15,HSI,24842.669922
2026-06-15,IXIC,26683.939453
2026-06-15,JPYKRW100,943.677139
2026-06-15,KOSDAQ,1034.030029
2026-06-15,KOSPI,8545.980469
2026-06-15,KTB10Y,4.195
2026-06-15,KTB3Y,3.745
2026-06-15,KTB5Y,3.923
2026-06-15,N225,69317.5
2026-06-15,SOX,14099.620117
2026-06-15,SPX,7554.290039
2026-06-15,USDJPY,159.955002
2026-06-15,USDKRW,1509.5
2026-06-15,WTI,80.75
2026-06-16,CALL,2.53
2026-06-16,CD91,2.92
2026-06-16,CNYKRW,223.961827
2026-06-16,CORPAA3Y,4.348
2026-06-16,DJI,51999.671875
2026-06-16,DXY,99.540001
2026-06-16,EURKRW,1753.930054
2026-06-16,EURUSD,1.15942
2026-06-16,GBPUSD,1.341599
2026-06-16,GOLD_INTL,4330.899902
2026-06-16,HSI,24493.949219
2026-06-16,IXIC,26376.339844
2026-06-16,JPYKRW100,943.00251
2026-06-16,KOSDAQ,1018.679993
2026-06-16,KOSPI,8726.599609
2026-06-16,KTB10Y,4.108
2026-06-16,KTB3Y,3.72
2026-06-16,KTB5Y,3.91
2026-06-16,N225,69404.5
2026-06-16,SOX,13294.219727
2026-06-16,SPX,7511.350098
2026-06-16,USDJPY,160.229004
2026-06-16,USDKRW,1513.310059
2026-06-16,WTI,76.050003
2026-06-17,CALL,2.538
2026-06-17,CD91,2.93
2026-06-17,CNYKRW,223.607413
2026-06-17,CORPAA3Y,4.345
2026-06-17,DJI,51492.550781
2026-06-17,DXY,100.089996
2026-06-17,EURKRW,1755.650024
2026-06-17,EURUSD,1.160995
2026-06-17,GBPUSD,1.342642
2026-06-17,GOLD_INTL,4358.899902
2026-06-17,HSI,24312.160156
2026-06-17,IXIC,26021.660156
2026-06-17,JPYKRW100,941.840458
2026-06-17,KOSDAQ,1031.959961
2026-06-17,KOSPI,8864.240234
2026-06-17,KTB10Y,4.077
2026-06-17,KTB3Y,3.705
2026-06-17,KTB5Y,3.908
2026-06-17,N225,69902.25
2026-06-17,SOX,13477.070313
2026-06-17,SPX,7420.100098
2026-06-17,USDJPY,160.419006
2026-06-17,USDKRW,1510.959961
2026-06-17,WTI,76.790001
2026-06-18,CALL,2.534
2026-06-18,CD91,2.92
2026-06-18,CNYKRW,225.747365
2026-06-18,CORPAA3Y,4.381
2026-06-18,DJI,51564.699219
2026-06-18,DXY,100.849998
2026-06-18,EURKRW,1755.900024
2026-06-18,EURUSD,1.150735
2026-06-18,GBPUSD,1.330123
2026-06-18,GOLD_INTL,4224.100098
2026-06-18,HSI,23924.810547
2026-06-18,IXIC,26517.929688
2026-06-18,JPYKRW100,949.993324
2026-06-18,KOSDAQ,1000.929993
2026-06-18,KOSPI,9063.839844
2026-06-18,KTB10Y,4.115
2026-06-18,KTB3Y,3.757
2026-06-18,KTB5Y,3.935
2026-06-18,N225,71053.492188
2026-06-18,SOX,14341.780273
2026-06-18,SPX,7500.580078
2026-06-18,USDJPY,160.600006
2026-06-18,USDKRW,1525.420044
2026-06-18,WTI,76.599998
2026-06-19,CALL,2.521
2026-06-19,CD91,2.92
2026-06-19,CNYKRW,227.160722
2026-06-19,CORPAA3Y,4.419
2026-06-19,EURKRW,1759.47998
2026-06-19,EURUSD,1.145856
2026-06-19,GBPUSD,1.320202
2026-06-19,JPYKRW100,953.140545
2026-06-19,KOSDAQ,966.590027
2026-06-19,KOSPI,9052.419922
2026-06-19,KTB10Y,4.169
2026-06-19,KTB3Y,3.786
2026-06-19,KTB5Y,4.005
2026-06-19,N225,71250.0625
2026-06-19,USDJPY,161.289001
2026-06-19,USDKRW,1537.560059
2026-06-22,CALL,2.538
2026-06-22,CD91,2.92
2026-06-22,CNYKRW,226.24028
2026-06-22,CORPAA3Y,4.442
2026-06-22,DJI,51712.710938
2026-06-22,DXY,101.019997
2026-06-22,EURKRW,1703.52002
2026-06-22,EURUSD,1.146276
2026-06-22,GBPUSD,1.320795
2026-06-22,GOLD_INTL,4181.899902
2026-06-22,HSI,23768.519531
2026-06-22,IXIC,26166.599609
2026-06-22,JPYKRW100,948.543262
2026-06-22,KOSDAQ,968.400024
2026-06-22,KOSPI,9114.549805
2026-06-22,KTB10Y,4.197
2026-06-22,KTB3Y,3.803
2026-06-22,KTB5Y,4.041
2026-06-22,N225,72353.960938
2026-06-22,SOX,14634.719727
2026-06-22,SPX,7472.790039
2026-06-22,USDJPY,161.432999
2026-06-22,USDKRW,1531.329956
2026-06-22,WTI,74.82
2026-06-23,CALL,2.551
2026-06-23,CD91,2.92
2026-06-23,CNYKRW,227.182829
2026-06-23,CORPAA3Y,4.417
2026-06-23,DJI,51666.839844
2026-06-23,DXY,101.410004
2026-06-23,EURKRW,1752.540039
2026-06-23,EURUSD,1.142714
2026-06-23,GBPUSD,1.324714
2026-06-23,GOLD_INTL,4129.899902
2026-06-23,HSI,23336.279297
2026-06-23,IXIC,25587.039063
2026-06-23,JPYKRW100,952.477646
2026-06-23,KOSDAQ,891.52002
2026-06-23,KOSPI,8203.839844
2026-06-23,KTB10Y,4.178
2026-06-23,KTB3Y,3.772
2026-06-23,KTB5Y,4.01
2026-06-23,N225,69788.382813
2026-06-23,SOX,13482.509766
2026-06-23,SPX,7365.459961
2026-06-23,USDJPY,161.570007
2026-06-23,USDKRW,1539.050049
2026-06-23,WTI,73.209999
2026-06-24,CALL,2.545
2026-06-24,CD91,2.92
2026-06-24,CNYKRW,226.104567
2026-06-24,CORPAA3Y,4.428
2026-06-24,DJI,51848.898438
2026-06-24,DXY,101.610001
2026-06-24,EURKRW,1740.569946
2026-06-24,EURUSD,1.137954
2026-06-24,GBPUSD,1.32001
2026-06-24,GOLD_INTL,3990.300049
2026-06-24,HSI,23412.179688
2026-06-24,IXIC,25476.640625
2026-06-24,JPYKRW100,950.045872
2026-06-24,KOSDAQ,909.309998
2026-06-24,KOSPI,8471.019531
2026-06-24,KTB10Y,4.165
2026-06-24,KTB3Y,3.776
2026-06-24,KTB5Y,4.017
2026-06-24,N225,69174.96875
2026-06-24,SOX,13458.200195
2026-06-24,SPX,7358.220215
2026-06-24,USDJPY,161.598999
2026-06-24,USDKRW,1535.25
2026-06-24,WTI,70.339996
2026-06-25,CALL,2.543
2026-06-25,CD91,2.92
2026-06-25,CNYKRW,227.210607
2026-06-25,CORPAA3Y,4.403
2026-06-25,DJI,51920.621094
2026-06-25,DXY,101.43
2026-06-25,EURKRW,1747.219971
2026-06-25,EURUSD,1.135422
2026-06-25,GBPUSD,1.316656
2026-06-25,GOLD_INTL,4030.5
2026-06-25,HSI,23076.910156
2026-06-25,IXIC,25358.599609
2026-06-25,JPYKRW100,953.774166
2026-06-25,KOSDAQ,887.809998
2026-06-25,KOSPI,8930.299805
2026-06-25,KTB10Y,4.121
2026-06-25,KTB3Y,3.752
2026-06-25,KTB5Y,4.046
2026-06-25,N225,72366.34375
2026-06-25,SOX,13940.870117
2026-06-25,SPX,7357.490234
2026-06-25,USDJPY,161.763
2026-06-25,USDKRW,1542.76001
2026-06-25,WTI,71.919998
2026-06-26,CALL,2.55
2026-06-26,CD91,2.92
2026-06-26,CNYKRW,227.758467
2026-06-26,CORPAA3Y,4.38
2026-06-26,DJI,51876.109375
2026-06-26,DXY,101.360001
2026-06-26,EURKRW,1754.180054
2026-06-26,EURUSD,1.13617
2026-06-26,GBPUSD,1.318791
2026-06-26,GOLD_INTL,4078.699951
2026-06-26,HSI,22671.859375
2026-06-26,IXIC,25297.619141
2026-06-26,JPYKRW100,955.68819
2026-06-26,KOSDAQ,851.369995
2026-06-26,KOSPI,8411.209961
2026-06-26,KTB10Y,4.114
2026-06-26,KTB3Y,3.723
2026-06-26,KTB5Y,3.946
2026-06-26,N225,69360.882813
2026-06-26,SOX,13203.570313
2026-06-26,SPX,7354.02002
2026-06-26,USDJPY,161.804993
2026-06-26,USDKRW,1546.47998
2026-06-26,WTI,69.230003
2026-06-29,CALL,2.552
2026-06-29,CD91,2.92
2026-06-29,CNYKRW,225.837014
2026-06-29,CORPAA3Y,4.396
2026-06-29,DJI,52182.738281
2026-06-29,DXY,101.110001
2026-06-29,EURKRW,1746.089966
2026-06-29,EURUSD,1.138563
2026-06-29,GBPUSD,1.319714
2026-06-29,GOLD_INTL,4022.300049
2026-06-29,HSI,23026.679688
2026-06-29,IXIC,25820.140625
2026-06-29,JPYKRW100,948.52581
2026-06-29,KOSDAQ,920.570007
2026-06-29,KOSPI,8394.650391
2026-06-29,KTB10Y,4.124
2026-06-29,KTB3Y,3.739
2026-06-29,KTB5Y,3.968
2026-06-29,N225,69468.109375
2026-06-29,SOX,13709.660156
2026-06-29,SPX,7440.430176
2026-06-29,USDJPY,161.787003
2026-06-29,USDKRW,1535.23999
2026-06-29,WTI,70.75
2026-06-30,CALL,2.65
2026-06-30,CD91,2.92
2026-06-30,CNYKRW,226.938584
2026-06-30,CORPAA3Y,4.375
2026-06-30,DJI,52319.199219
2026-06-30,DXY,101.190002
2026-06-30,EURKRW,1760.27002
2026-06-30,EURUSD,1.142204
2026-06-30,GBPUSD,1.325399
2026-06-30,GOLD_INTL,4022.899902
2026-06-30,HSI,22881.019531
2026-06-30,IXIC,26213.720703
2026-06-30,JPYKRW100,952.046585
2026-06-30,KOSDAQ,916.179993
2026-06-30,KOSPI,8476.480469
2026-06-30,KTB10Y,4.1
2026-06-30,KTB3Y,3.707
2026-06-30,KTB5Y,3.918
2026-06-30,N225,70062.320313
2026-06-30,SOX,14246.959961
2026-06-30,SPX,7499.359863
2026-06-30,USDJPY,161.923004
2026-06-30,USDKRW,1541.72998
2026-06-30,WTI,69.5
2026-07-01,CALL,2.508
2026-07-01,CD91,2.92
2026-07-01,CNYKRW,227.951302
2026-07-01,CORPAA3Y,4.466
2026-07-01,DJI,52305.238281
2026-07-01,DXY,101.389999
2026-07-01,EURKRW,1763.680054
2026-07-01,EURUSD,1.141331
2026-07-01,GBPUSD,1.325065
2026-07-01,GOLD_INTL,4068.300049
2026-07-01,IXIC,26040.029297
2026-07-01,JPYKRW100,952.153969
2026-07-01,KOSDAQ,929.349976
2026-07-01,KOSPI,8303.410156
2026-07-01,KTB10Y,4.157
2026-07-01,KTB3Y,3.787
2026-07-01,KTB5Y,4.035
2026-07-01,N225,70474.960938
2026-07-01,SOX,13353.280273
2026-07-01,SPX,7483.22998
2026-07-01,USDJPY,162.628006
2026-07-01,USDKRW,1548.609985
2026-07-01,WTI,68.580002
2026-07-02,CALL,2.429
2026-07-02,CD91,2.92
2026-07-02,CNYKRW,228.402177
2026-07-02,CORPAA3Y,4.431
2026-07-02,DJI,52900.070313
2026-07-02,DXY,100.860001
2026-07-02,EURKRW,1765.890015
2026-07-02,EURUSD,1.137799
2026-07-02,GBPUSD,1.327933
2026-07-02,GOLD_INTL,4112.700195
2026-07-02,HSI,23055.029297
2026-07-02,IXIC,25832.669922
2026-07-02,JPYKRW100,955.356312
2026-07-02,KOSDAQ,866.719971
2026-07-02,KOSPI,7648.089844
2026-07-02,KTB10Y,4.18
2026-07-02,KTB3Y,3.747
2026-07-02,KTB5Y,3.98
2026-07-02,N225,68733.148438
2026-07-02,SOX,12626.219727
2026-07-02,SPX,7483.240234
2026-07-02,USDJPY,162.539001
2026-07-02,USDKRW,1551.810059
2026-07-02,WTI,68.690002
2026-07-03,CALL,2.435
2026-07-03,CD91,2.92
2026-07-03,CNYKRW,227.16466
2026-07-03,CORPAA3Y,4.433
2026-07-03,EURKRW,1755.52002
2026-07-03,EURUSD,1.14227
2026-07-03,GBPUSD,1.33387
2026-07-03,HSI,23350.029297
2026-07-03,JPYKRW100,956.16169
2026-07-03,KOSDAQ,868.409973
2026-07-03,KOSPI,8088.339844
2026-07-03,KTB10Y,4.196
2026-07-03,KTB3Y,3.752
2026-07-03,KTB5Y,3.978
2026-07-03,N225,69744.070313
2026-07-03,USDJPY,161.449005
2026-07-03,USDKRW,1542.130005
2026-07-06,CALL,2.438
2026-07-06,CD91,2.92
2026-07-06,CNYKRW,225.525146
2026-07-06,CORPAA3Y,4.459
2026-07-06,DJI,53055.910156
2026-07-06,DXY,100.849998
2026-07-06,EURKRW,1746.859985
2026-07-06,EURUSD,1.143772
2026-07-06,GBPUSD,1.33531
2026-07-06,GOLD_INTL,4155.100098
2026-07-06,HSI,23616.320313
2026-07-06,IXIC,26121.160156
2026-07-06,JPYKRW100,947.778225
2026-07-06,KOSDAQ,847.070007
2026-07-06,KOSPI,8051.330078
2026-07-06,KTB10Y,4.201
2026-07-06,KTB3Y,3.77
2026-07-06,KTB5Y,3.985
2026-07-06,N225,69737.6875
2026-07-06,SOX,12900.139648
2026-07-06,SPX,7537.430176
2026-07-06,USDJPY,161.451996
2026-07-06,USDKRW,1531
2026-07-06,WTI,68.550003
2026-07-07,CALL,2.431
2026-07-07,CD91,2.91
2026-07-07,CNYKRW,224.956585
2026-07-07,CORPAA3Y,4.472
2026-07-07,DJI,52925.148438
2026-07-07,DXY,101.139999
2026-07-07,EURKRW,1748.310059
2026-07-07,EURUSD,1.144178
2026-07-07,GBPUSD,1.339789
2026-07-07,GOLD_INTL,4145.299805
2026-07-07,HSI,23496.890625
2026-07-07,IXIC,25818.689453
2026-07-07,JPYKRW100,942.837048
2026-07-07,KOSDAQ,831.22998
2026-07-07,KOSPI,7656.310059
2026-07-07,KTB10Y,4.212
2026-07-07,KTB3Y,3.778
2026-07-07,KTB5Y,4.005
2026-07-07,N225,68256.960938
2026-07-07,SOX,12300.519531
2026-07-07,SPX,7503.850098
2026-07-07,USDJPY,162.087997
2026-07-07,USDKRW,1528.76001
2026-07-07,WTI,70.440002
2026-07-08,CALL,2.426
2026-07-08,CD91,2.91
2026-07-08,CNYKRW,223.725973
2026-07-08,CORPAA3Y,4.473
2026-07-08,DJI,52348.390625
2026-07-08,DXY,101.050003
2026-07-08,EURKRW,1726.579956
2026-07-08,EURUSD,1.140381
2026-07-08,GBPUSD,1.334891
2026-07-08,GOLD_INTL,4070.899902
2026-07-08,HSI,24199.460938
2026-07-08,IXIC,25870.650391
2026-07-08,JPYKRW100,936.227226
2026-07-08,KOSDAQ,785
2026-07-08,KOSPI,7246.790039
2026-07-08,KTB10Y,4.248
2026-07-08,KTB3Y,3.776
2026-07-08,KTB5Y,4.003
2026-07-08,N225,66819.046875
2026-07-08,SOX,12574.969727
2026-07-08,SPX,7482.709961
2026-07-08,USDJPY,162.363007
2026-07-08,USDKRW,1519.859985
2026-07-08,WTI,73.519997
2026-07-09,CALL,2.507
2026-07-09,CD91,2.91
2026-07-09,CNYKRW,220.999636
2026-07-09,CORPAA3Y,4.478
2026-07-09,DJI,52487.410156
2026-07-09,DXY,100.940002
2026-07-09,EURKRW,1717.22998
2026-07-09,EURUSD,1.142204
2026-07-09,GBPUSD,1.339621
2026-07-09,GOLD_INTL,4130.600098
2026-07-09,HSI,24030.179688
2026-07-09,IXIC,26206.890625
2026-07-09,JPYKRW100,924.945831
2026-07-09,KOSDAQ,794
2026-07-09,KOSPI,7291.910156
2026-07-09,KTB10Y,4.24
2026-07-09,KTB3Y,3.811
2026-07-09,KTB5Y,4.02
2026-07-09,N225,67743.851563
2026-07-09,SOX,12960
2026-07-09,SPX,7543.640137
2026-07-09,USDJPY,162.539001
2026-07-09,USDKRW,1503.349976
2026-07-09,WTI,72.080002
2026-07-10,CALL,2.538
2026-07-10,CD91,2.9
2026-07-10,CNYKRW,221.71494
2026-07-10,CORPAA3Y,4.466
2026-07-10,DJI,52637.011719
2026-07-10,DXY,100.970001
2026-07-10,EURKRW,1720.079956
2026-07-10,EURUSD,1.143341
2026-07-10,GBPUSD,1.341562
2026-07-10,GOLD_INTL,4104.100098
2026-07-10,HSI,24175.119141
2026-07-10,IXIC,26281.609375
2026-07-10,JPYKRW100,927.488995
2026-07-10,KOSDAQ,837.429993
2026-07-10,KOSPI,7475.939941
2026-07-10,KTB10Y,4.224
2026-07-10,KTB3Y,3.763
2026-07-10,KTB5Y,4.013
2026-07-10,N225,68557.726563
2026-07-10,SOX,12967.160156
2026-07-10,SPX,7575.390137
2026-07-10,USDJPY,162.363007
2026-07-10,USDKRW,1505.910034
2026-07-10,WTI,71.410004
2026-07-13,CALL,2.556
2026-07-13,CD91,2.9
2026-07-13,CNYKRW,221.125639
2026-07-13,CORPAA3Y,4.506
2026-07-13,DJI,52498.640625
2026-07-13,DXY,101.279999
2026-07-13,EURKRW,1669.089966
2026-07-13,EURUSD,1.140446
2026-07-13,GBPUSD,1.338688
2026-07-13,GOLD_INTL,3997
2026-07-13,HSI,24213.720703
2026-07-13,IXIC,25873.179688
2026-07-13,JPYKRW100,925.722408
2026-07-13,KOSDAQ,799.359985
2026-07-13,KOSPI,6806.930176
2026-07-13,KTB10Y,4.255
2026-07-13,KTB3Y,3.817
2026-07-13,KTB5Y,4.047
2026-07-13,N225,67242.726563
2026-07-13,SOX,12347.780273
2026-07-13,SPX,7515.339844
2026-07-13,USDJPY,161.878006
2026-07-13,USDKRW,1498.47998
2026-07-13,WTI,78.139999
2026-07-14,CALL,2.561
2026-07-14,CD91,2.9
2026-07-14,CNYKRW,220.915989
2026-07-14,CORPAA3Y,4.582
2026-07-14,DJI,52508.269531
2026-07-14,DXY,100.940002
2026-07-14,EURKRW,1703.849976
2026-07-14,EURUSD,1.138433
2026-07-14,GBPUSD,1.334793
2026-07-14,GOLD_INTL,4061.100098
2026-07-14,HSI,24340.730469
2026-07-14,IXIC,26107.009766
2026-07-14,JPYKRW100,922.026157
2026-07-14,KOSDAQ,783.97998
2026-07-14,KOSPI,6856.830078
2026-07-14,KTB10Y,4.311
2026-07-14,KTB3Y,3.892
2026-07-14,KTB5Y,4.12
2026-07-14,N225,67743.5
2026-07-14,SOX,12661.929688
2026-07-14,SPX,7543.589844
2026-07-14,USDJPY,162.429001
2026-07-14,USDKRW,1497.699951
2026-07-14,WTI,79.339996
2026-07-15,CALL,2.564
2026-07-15,CD91,2.9
2026-07-15,CNYKRW,219.775481
2026-07-15,CORPAA3Y,4.563
2026-07-15,DJI,52658.640625
2026-07-15,DXY,100.5
2026-07-15,EURKRW,1698
2026-07-15,EURUSD,1.142465
2026-07-15,GBPUSD,1.33971
2026-07-15,GOLD_INTL,4044
2026-07-15,HSI,24681.099609
2026-07-15,IXIC,26269.230469
2026-07-15,JPYKRW100,917.563534
2026-07-15,KOSDAQ,829.429993
2026-07-15,KOSPI,7284.410156
2026-07-15,KTB10Y,4.313
2026-07-15,KTB3Y,3.859
2026-07-15,KTB5Y,4.115
2026-07-15,N225,68751.507813
2026-07-15,SOX,12398.889648
2026-07-15,SPX,7572.399902
2026-07-15,USDJPY,162.186996
2026-07-15,USDKRW,1487.880005
2026-07-15,WTI,79.599998
2026-07-16,CALL,2.74
2026-07-16,CD91,2.91
2026-07-16,CNYKRW,219.585705
2026-07-16,CORPAA3Y,4.544
2026-07-16,DJI,52552.96875
2026-07-16,DXY,100.730003
2026-07-16,EURKRW,1707.869995
2026-07-16,EURUSD,1.147026
2026-07-16,GBPUSD,1.354129
2026-07-16,GOLD_INTL,3985.600098
2026-07-16,HSI,25008.599609
2026-07-16,IXIC,25881.949219
2026-07-16,JPYKRW100,917.213345
2026-07-16,KOSDAQ,791.840027
2026-07-16,KOSPI,6820.600098
2026-07-16,KTB10Y,4.294
2026-07-16,KTB3Y,3.852
2026-07-16,KTB5Y,4.087
2026-07-16,N225,66835.539063
2026-07-16,SOX,11867.5
2026-07-16,SPX,7533.77002
2026-07-16,USDJPY,162.072006
2026-07-16,USDKRW,1486.199951
2026-07-16,WTI,78.949997
2026-07-17,CNYKRW,218.361014
2026-07-17,DJI,52146.421875
2026-07-17,DXY,100.75
2026-07-17,EURKRW,1692.640015
2026-07-17,EURUSD,1.144466
2026-07-17,GBPUSD,1.34789
2026-07-17,GOLD_INTL,4012.699951
2026-07-17,HSI,24562.240234
2026-07-17,IXIC,25520.240234
2026-07-17,JPYKRW100,910.640717
2026-07-17,N225,64141.121094
2026-07-17,SOX,11673.889648
2026-07-17,SPX,7457.689941
2026-07-17,USDJPY,162.376007
2026-07-17,USDKRW,1478.849976
2026-07-17,WTI,82.489998
2026-07-20,CALL,2.726
2026-07-20,CD91,2.91
2026-07-20,CNYKRW,219.622002
2026-07-20,CORPAA3Y,4.59
2026-07-20,DJI,51839.261719
2026-07-20,DXY,100.989998
2026-07-20,EURKRW,1700.579956
2026-07-20,EURUSD,1.142766
2026-07-20,GBPUSD,1.344628
2026-07-20,GOLD_INTL,4010.300049
2026-07-20,HSI,25143.050781
2026-07-20,IXIC,25508.070313
2026-07-20,JPYKRW100,915.19022
2026-07-20,KOSDAQ,749.640015
2026-07-20,KOSPI,6516.27002
2026-07-20,KTB10Y,4.335
2026-07-20,KTB3Y,3.895
2026-07-20,KTB5Y,4.155
2026-07-20,SOX,11743.849609
2026-07-20,SPX,7443.279785
2026-07-20,USDJPY,162.511993
2026-07-20,USDKRW,1487.390015
2026-07-20,WTI,83.230003
2026-07-21,CALL,2.688
2026-07-21,CD91,2.91
2026-07-21,CNYKRW,217.79402
2026-07-21,CORPAA3Y,4.571
2026-07-21,DJI,52224.640625
2026-07-21,DXY,101.18
2026-07-21,EURKRW,1683.359985
2026-07-21,EURUSD,1.141813
2026-07-21,GBPUSD,1.343165
2026-07-21,GOLD_INTL,4071.100098
2026-07-21,HSI,25132.289063
2026-07-21,IXIC,25837.210938
2026-07-21,JPYKRW100,907.751465
2026-07-21,KOSDAQ,753.340027
2026-07-21,KOSPI,6747.950195
2026-07-21,KTB10Y,4.331
2026-07-21,KTB3Y,3.869
2026-07-21,KTB5Y,4.119
2026-07-21,N225,66232.1875
2026-07-21,SOX,12356.160156
2026-07-21,SPX,7509.200195
2026-07-21,USDJPY,162.487
2026-07-21,USDKRW,1475.01001
2026-07-21,WTI,84.910004
2026-07-22,CALL,2.686
2026-07-22,CD91,2.91
2026-07-22,CNYKRW,218.712298
2026-07-22,CORPAA3Y,4.604
2026-07-22,DJI,52218.578125
2026-07-22,DXY,101.139999
2026-07-22,EURKRW,1687.030029
2026-07-22,EURUSD,1.140381
2026-07-22,GBPUSD,1.337918
2026-07-22,GOLD_INTL,4146.899902
2026-07-22,HSI,24892.660156
2026-07-22,IXIC,25690.900391
2026-07-22,JPYKRW100,906.748867
2026-07-22,KOSDAQ,751.090027
2026-07-22,KOSPI,6797.700195
2026-07-22,KTB10Y,4.354
2026-07-22,KTB3Y,3.916
2026-07-22,KTB5Y,4.175
2026-07-22,N225,66115.601563
2026-07-22,SOX,12410.669922
2026-07-22,SPX,7498.959961
2026-07-22,USDJPY,163.186005
2026-07-22,USDKRW,1479.719971
2026-07-22,WTI,86.830002
2026-07-23,CALL,2.675
2026-07-23,CD91,2.91
2026-07-23,CNYKRW,217.885566
2026-07-23,CORPAA3Y,4.609
2026-07-23,DJI,51711.648438
2026-07-23,DXY,101.43
2026-07-23,EURKRW,1683.599976
2026-07-23,EURUSD,1.141175
2026-07-23,GBPUSD,1.337524
2026-07-23,GOLD_INTL,4046.600098
2026-07-23,HSI,25210.810547
2026-07-23,IXIC,25137.689453
2026-07-23,JPYKRW100,904.750538
2026-07-23,KOSDAQ,790.280029
2026-07-23,KOSPI,7096.890137
2026-07-23,KTB10Y,4.383
2026-07-23,KTB3Y,3.907
2026-07-23,KTB5Y,4.163
2026-07-23,N225,66422.601563
2026-07-23,SOX,12343.839844
2026-07-23,SPX,7408.299805
2026-07-23,USDJPY,163.080994
2026-07-23,USDKRW,1475.630005
2026-07-23,WTI,92.190002
2026-07-24,CALL,2.69
2026-07-24,CD91,2.91
2026-07-24,CNYKRW,217.650798
2026-07-24,CORPAA3Y,4.653
2026-07-24,DJI,51947.25
2026-07-24,DXY,101.470001
2026-07-24,EURKRW,1676.48999
2026-07-24,EURUSD,1.137682
2026-07-24,GBPUSD,1.331274
2026-07-24,GOLD_INTL,4067.600098
2026-07-24,HSI,24963.230469
2026-07-24,IXIC,24975.820313
2026-07-24,JPYKRW100,899.708939
2026-07-24,KOSDAQ,748.219971
2026-07-24,KOSPI,6690.620117
2026-07-24,KTB10Y,4.454
2026-07-24,KTB3Y,3.963
2026-07-24,KTB5Y,4.21
2026-07-24,N225,64611.148438
2026-07-24,SOX,11818.879883
2026-07-24,SPX,7411.97998
2026-07-24,USDJPY,163.832001
2026-07-24,USDKRW,1474.040039
2026-07-24,WTI,89.309998
2026-07-27,CALL,2.713
2026-07-27,CD91,2.92
2026-07-27,CNYKRW,215.306123
2026-07-27,CORPAA3Y,4.576
2026-07-27,DJI,52210.078125
2026-07-27,DXY,101.510002
2026-07-27,EURKRW,1657.73999
2026-07-27,EURUSD,1.139497
2026-07-27,GBPUSD,1.335131
2026-07-27,GOLD_INTL,4074.5
2026-07-27,HSI,25207.179688
2026-07-27,IXIC,24932.080078
2026-07-27,JPYKRW100,891.090393
2026-07-27,KOSDAQ,764.859985
2026-07-27,KOSPI,6755.75
2026-07-27,KTB10Y,4.33
2026-07-27,KTB3Y,3.866
2026-07-27,KTB5Y,4.115
2026-07-27,N225,64931.191406
2026-07-27,SOX,11554.879883
2026-07-27,SPX,7413.180176
2026-07-27,USDJPY,163.610992
2026-07-27,USDKRW,1458.01001
2026-07-27,WTI,82.610001
2026-07-28,CALL,2.702
2026-07-28,CD91,2.92
2026-07-28,CNYKRW,216.450622
2026-07-28,CORPAA3Y,4.545
2026-07-28,DJI,52747.320313
2026-07-28,DXY,101.379997
2026-07-28,EURKRW,1665.160034
2026-07-28,EURUSD,1.136945
2026-07-28,GBPUSD,1.328992
2026-07-28,GOLD_INTL,4036.300049
2026-07-28,HSI,25310.849609
2026-07-28,IXIC,24876.910156
2026-07-28,JPYKRW100,894.160175
2026-07-28,KOSDAQ,705.849976
2026-07-28,KOSPI,6023.660156
2026-07-28,KTB10Y,4.296
2026-07-28,KTB3Y,3.831
2026-07-28,KTB5Y,4.071
2026-07-28,N225,62364.921875
2026-07-28,SOX,11035.679688
2026-07-28,SPX,7428.779785
2026-07-28,USDJPY,163.770996
2026-07-28,USDKRW,1464.439941
2026-07-28,WTI,79.260002
2026-07-29,CALL,2.744
2026-07-29,CD91,2.92
2026-07-29,CNYKRW,214.615279
2026-07-29,CORPAA3Y,4.512
2026-07-29,DJI,51594.140625
2026-07-29,DXY,100.800003
2026-07-29,EURKRW,1654.430054
2026-07-29,EURUSD,1.138654
2026-07-29,GBPUSD,1.328727
2026-07-29,GOLD_INTL,4034.699951
2026-07-29,HSI,25807.919922
2026-07-29,IXIC,24442.939453
2026-07-29,JPYKRW100,886.792278
2026-07-29,KOSDAQ,662.679993
2026-07-29,KOSPI,5663.240234
2026-07-29,KTB10Y,4.266
2026-07-29,KTB3Y,3.794
2026-07-29,KTB5Y,4.04
2026-07-29,N225,61434.191406
2026-07-29,SOX,10447.490234
2026-07-29,SPX,7316.149902
2026-07-29,USDJPY,163.863998
2026-07-29,USDKRW,1453.160034
2026-07-29,WTI,84.459999
2026-07-30,CALL,2.763
2026-07-30,CD91,2.93
2026-07-30,CNYKRW,213.162685
2026-07-30,CORPAA3Y,4.541
2026-07-30,DJI,52208.058594
2026-07-30,DXY,100.010002
2026-07-30,EURKRW,1652.790039
2026-07-30,EURUSD,1.146723
2026-07-30,GBPUSD,1.33673
2026-07-30,GOLD_INTL,4100.100098
2026-07-30,HSI,25858.880859
2026-07-30,IXIC,25122.179688
2026-07-30,JPYKRW100,883.125687
2026-07-30,KOSDAQ,644.780029
2026-07-30,KOSPI,5593.560059
2026-07-30,KTB10Y,4.315
2026-07-30,KTB3Y,3.826
2026-07-30,KTB5Y,4.077
2026-07-30,N225,61867.429688
2026-07-30,SOX,11302.990234
2026-07-30,SPX,7437.629883
2026-07-30,USDJPY,163.300003
2026-07-30,USDKRW,1442.280029
2026-07-30,WTI,83.589996
2026-07-31,CALL,2.815
2026-07-31,CD91,2.95
2026-07-31,CNYKRW,210.303472
2026-07-31,CORPAA3Y,4.478
2026-07-31,DJI,52485.03125
2026-07-31,DXY,99.800003
2026-07-31,EURKRW,1636.680054
2026-07-31,EURUSD,1.152353
2026-07-31,GBPUSD,1.346094
2026-07-31,GOLD_INTL,4049.100098
2026-07-31,HSI,25884.429688
2026-07-31,IXIC,25373.849609
2026-07-31,JPYKRW100,886.780357
2026-07-31,KOSDAQ,719.76001
2026-07-31,KOSPI,6595.450195
2026-07-31,KTB10Y,4.262
2026-07-31,KTB3Y,3.757
2026-07-31,KTB5Y,4.009
2026-07-31,N225,64362.019531
2026-07-31,SOX,11311.080078
2026-07-31,SPX,7489.720215
2026-07-31,USDJPY,160.182999
2026-07-31,USDKRW,1420.599976
2026-07-31,WTI,84.669998
2026-08-03,CALL,2.789
2026-08-03,CD91,2.93
2026-08-03,CNYKRW,212.66794
2026-08-03,CORPAA3Y,4.462
2026-08-03,DJI,53178.410156
2026-08-03,DXY,99.959999
2026-08-03,EURKRW,1663.51001
2026-08-03,EURUSD,1.154401
2026-08-03,GBPUSD,1.349164
2026-08-03,GOLD_INTL,4033.699951
2026-08-03,HSI,26009.400391
2026-08-03,IXIC,25913.900391
2026-08-03,JPYKRW100,910.85577
2026-08-03,KOSDAQ,737.349976
2026-08-03,KOSPI,6257.450195
2026-08-03,KTB10Y,4.253
2026-08-03,KTB3Y,3.742
2026-08-03,KTB5Y,4.015
2026-08-03,N225,63754.898438
2026-08-03,SOX,11430.349609
2026-08-03,SPX,7600.5
2026-08-03,USDJPY,157.582001
2026-08-03,USDKRW,1435.699951
2026-08-03,WTI,80.339996
2026-08-04,CALL,2.741
2026-08-04,CD91,2.93
2026-08-04,CNYKRW,211.55755
2026-08-04,CORPAA3Y,4.458
2026-08-04,DJI,54085.88
2026-08-04,DXY,99.73
2026-08-04,EURKRW,1643.359985
2026-08-04,EURUSD,1.1523
2026-08-04,GBPUSD,1.3447
2026-08-04,GOLD_INTL,4152.6
2026-08-04,HSI,25852.919922
2026-08-04,IXIC,26584.99
2026-08-04,JPYKRW100,906.694031
2026-08-04,KOSDAQ,780.719971
2026-08-04,KOSPI,6358.950195
2026-08-04,KTB10Y,4.249
2026-08-04,KTB3Y,3.742
2026-08-04,KTB5Y,4.005
2026-08-04,N225,63957.53125
2026-08-04,SOX,12179.26
2026-08-04,SPX,7736.52
2026-08-04,USDJPY,157.56
2026-08-04,USDKRW,1428.5
2026-08-04,WTI,75.77
2026-08-05,CALL,2.74
2026-08-05,CD91,2.93
2026-08-05,CNYKRW,211.09
2026-08-05,COFIX_BAL,2.94
2026-08-05,COFIX_NEW,3.05
2026-08-05,CORPAA3Y,4.45
2026-08-05,DJI,54349.12
2026-08-05,DXY,99.54
2026-08-05,EURKRW,1642.86
2026-08-05,EURUSD,1.1552
2026-08-05,GASOLINE_KR,1865.81
2026-08-05,GBPUSD,1.3478
2026-08-05,GOLD_INTL,4305.2
2026-08-05,GOLD_KR,190831.58
2026-08-05,HSI,25917.12
2026-08-05,IXIC,26363.44
2026-08-05,JPYKRW100,903.14
2026-08-05,KOSDAQ,799.57
2026-08-05,KOSPI,6598.25
2026-08-05,KTB10Y,4.136
2026-08-05,KTB3Y,3.656
2026-08-05,KTB5Y,3.901
2026-08-05,N225,66219.85
2026-08-05,SOX,12008.88
2026-08-05,SPX,7723.55
2026-08-05,USDJPY,157.48
2026-08-05,USDKRW,1424.3
2026-08-05,WTI,75.22
2026-08-06,CALL,2.73
2026-08-06,CD91,2.93
2026-08-06,CNYKRW,211.64
2026-08-06,COFIX_BAL,2.94
2026-08-06,COFIX_NEW,3.05
2026-08-06,CORPAA3Y,4.44
2026-08-06,DJI,53885.1
2026-08-06,DXY,99.8
2026-08-06,EURKRW,1649.26
2026-08-06,EURUSD,1.1534
2026-08-06,GASOLINE_KR,1865.43
2026-08-06,GBPUSD,1.3464
2026-08-06,GOLD_INTL,4299.6
2026-08-06,GOLD_KR,195534.03
2026-08-06,HSI,25530.28
2026-08-06,IXIC,26348.35
2026-08-06,JPYKRW100,905.02
2026-08-06,KOSDAQ,801.67
2026-08-06,KOSPI,6296.38
2026-08-06,KTB10Y,4.184
2026-08-06,KTB3Y,3.747
2026-08-06,KTB5Y,3.961
2026-08-06,N225,65683.26
2026-08-06,SOX,12048.69
2026-08-06,SPX,7709.96
2026-08-06,USDJPY,158.22
2026-08-06,USDKRW,1428.8
2026-08-06,WTI,77.29
2026-08-07,CALL,2.73
2026-08-07,CD91,2.93
2026-08-07,CNYKRW,211
2026-08-07,COFIX_BAL,2.94
2026-08-07,COFIX_NEW,3.05
2026-08-07,CORPAA3Y,4.44
2026-08-07,DJI,54036.93
2026-08-07,DXY,99.42
2026-08-07,EURKRW,1640.88
2026-08-07,EURUSD,1.1553
2026-08-07,GASOLINE_KR,1865.28
2026-08-07,GBPUSD,1.3488
2026-08-07,GOLD_INTL,4399.7
2026-08-07,GOLD_KR,194437.41
2026-08-07,HSI,25668.03
2026-08-07,IXIC,26690.62
2026-08-07,JPYKRW100,898.93
2026-08-07,KOSDAQ,801.67
2026-08-07,KOSPI,6296.38
2026-08-07,KTB10Y,4.198
2026-08-07,KTB3Y,3.751
2026-08-07,KTB5Y,3.971
2026-08-07,N225,65683.26
2026-08-07,SOX,12356.79
2026-08-07,SPX,7757.64
2026-08-07,USDJPY,157.91
2026-08-07,USDKRW,1424
2026-08-07,WTI,78.18
2026-08-08,CALL,2.76
2026-08-08,CD91,2.93
2026-08-08,COFIX_BAL,2.94
2026-08-08,COFIX_NEW,3.05
2026-08-08,CORPAA3Y,4.44
2026-08-08,EURUSD,1.156
2026-08-08,GASOLINE_KR,1865.08
2026-08-08,GBPUSD,1.3491
2026-08-08,USDJPY,157.8
2026-08-10,CALL,2.78
2026-08-10,CD91,2.93
2026-08-10,CNYKRW,210.43
2026-08-10,COFIX_BAL,2.94
2026-08-10,COFIX_NEW,3.05
2026-08-10,CORPAA3Y,4.44
2026-08-10,DJI,53975.98
2026-08-10,DXY,99.7
2026-08-10,EURKRW,1638.53
2026-08-10,EURUSD,1.155
2026-08-10,GASOLINE_KR,1864.68
2026-08-10,GBPUSD,1.3518
2026-08-10,GOLD_INTL,4419.7
2026-08-10,GOLD_KR,200353.76
2026-08-10,HSI,25937.49
2026-08-10,IXIC,26605.36
2026-08-10,JPYKRW100,891.06
2026-08-10,KOSDAQ,843.65
2026-08-10,KOSPI,6260.71
2026-08-10,KTB10Y,4.241
2026-08-10,KTB3Y,3.776
2026-08-10,KTB5Y,3.993
2026-08-10,N225,66970.22
2026-08-10,SOX,11993.86
2026-08-10,SPX,7753.11
2026-08-10,USDJPY,158.96
2026-08-10,USDKRW,1419.5
2026-08-10,WTI,82.13
2026-08-11,CALL,2.78
2026-08-11,CD91,2.93
2026-08-11,CNYKRW,209.51
2026-08-11,COFIX_BAL,2.94
2026-08-11,COFIX_NEW,3.05
2026-08-11,CORPAA3Y,4.47
2026-08-11,DJI,53791.85
2026-08-11,DXY,99.71
2026-08-11,EURKRW,1631.11
2026-08-11,EURUSD,1.1541
2026-08-11,GASOLINE_KR,1864.46
2026-08-11,GBPUSD,1.3507
2026-08-11,GOLD_INTL,4441.1
2026-08-11,GOLD_KR,199328.79
2026-08-11,HSI,25652.82
2026-08-11,IXIC,26445.45
2026-08-11,JPYKRW100,886.96
2026-08-11,KOSDAQ,854.47
2026-08-11,KOSPI,6299.66
2026-08-11,KTB10Y,4.303
2026-08-11,KTB3Y,3.802
2026-08-11,KTB5Y,4.045
2026-08-11,SOX,12098.47
2026-08-11,SPX,7728.2
2026-08-11,USDJPY,159.24
2026-08-11,USDKRW,1413.5
2026-08-11,WTI,83.2
2026-08-12,CALL,2.77
2026-08-12,CD91,2.94
2026-08-12,CNYKRW,210.37
2026-08-12,COFIX_BAL,2.94
2026-08-12,COFIX_NEW,3.05
2026-08-12,CORPAA3Y,4.49
2026-08-12,DJI,53770.27
2026-08-12,DXY,99.89
2026-08-12,EURKRW,1635.61
2026-08-12,EURUSD,1.1541
2026-08-12,GASOLINE_KR,1863.75
2026-08-12,GBPUSD,1.3508
2026-08-12,GOLD_INTL,4467.5
2026-08-12,GOLD_KR,200836.96
2026-08-12,HSI,25440.17
2026-08-12,IXIC,26588.49
2026-08-12,JPYKRW100,890.21
2026-08-12,KOSDAQ,858.91
2026-08-12,KOSPI,6579.04
2026-08-12,KTB10Y,4.291
2026-08-12,KTB3Y,3.78
2026-08-12,KTB5Y,4.016
2026-08-12,N225,67524.06
2026-08-12,SOX,12399.38
2026-08-12,SPX,7748.5
2026-08-12,USDJPY,159.23
2026-08-12,USDKRW,1419
2026-08-12,WTI,83.27
2026-08-13,CALL,2.78
2026-08-13,CD91,2.93
2026-08-13,CNYKRW,211.04
2026-08-13,COFIX_BAL,2.94
2026-08-13,COFIX_NEW,3.05
2026-08-13,CORPAA3Y,4.48
2026-08-13,DJI,53839.99
2026-08-13,DXY,99.85
2026-08-13,EURKRW,1640.83
2026-08-13,EURUSD,1.1543
2026-08-13,GASOLINE_KR,1863.53
2026-08-13,GBPUSD,1.3507
2026-08-13,GOLD_INTL,4420.4
2026-08-13,GOLD_KR,199845.48
2026-08-13,HSI,25370.46
2026-08-13,IXIC,26803.03
2026-08-13,JPYKRW100,893.4
2026-08-13,KOSDAQ,861.37
2026-08-13,KOSPI,6813.34
2026-08-13,KTB10Y,4.293
2026-08-13,KTB3Y,3.78
2026-08-13,KTB5Y,4.015
2026-08-13,N225,68308.59
2026-08-13,SOX,12456
2026-08-13,SPX,7798.99
2026-08-13,USDJPY,159.16
2026-08-13,USDKRW,1423.9
2026-08-14,KTB10Y,4.3
2026-08-14,KTB3Y,3.769
2026-08-14,KTB5Y,4.049
2026-08-17,DJI,53459.78
2026-08-17,DXY,99.53
2026-08-17,EURUSD,1.1587
2026-08-17,GBPUSD,1.3552
2026-08-17,GOLD_INTL,4473.7
2026-08-17,HSI,25453.23
2026-08-17,IXIC,26644.91
2026-08-17,SOX,12621.01
2026-08-17,SPX,7745.06
2026-08-17,USDJPY,159.28
2026-08-17,WTI,83.74
2026-08-18,CALL,2.77
2026-08-18,CD91,2.93
2026-08-18,CNYKRW,209.25
2026-08-18,COFIX_BAL,3
2026-08-18,COFIX_NEW,3.18
2026-08-18,CORPAA3Y,4.54
2026-08-18,DJI,53343.4
2026-08-18,DXY,99.55
2026-08-18,EURKRW,1633.64
2026-08-18,EURUSD,1.1581
2026-08-18,GASOLINE_KR,1862.52
2026-08-18,GBPUSD,1.3543
2026-08-18,GOLD_INTL,4420.6
2026-08-18,GOLD_KR,199456.55
2026-08-18,HSI,25471.15
2026-08-18,IXIC,26289.71
2026-08-18,JPYKRW100,883.77
2026-08-18,KOSDAQ,834.2
2026-08-18,KOSPI,6869.83
2026-08-18,KTB10Y,4.375
2026-08-18,KTB3Y,3.841
2026-08-18,KTB5Y,4.11
2026-08-18,N225,67460.73
2026-08-18,SOX,11992.46
2026-08-18,SPX,7691.76
2026-08-18,USDJPY,159.54
2026-08-18,USDKRW,1411.6
2026-08-18,WTI,84.06
2026-08-19,CALL,2.77
2026-08-19,CD91,2.94
2026-08-19,CNYKRW,206.89
2026-08-19,COFIX_BAL,3
2026-08-19,COFIX_NEW,3.18
2026-08-19,CORPAA3Y,4.49
2026-08-19,DJI,53463.05
2026-08-19,DXY,98.73
2026-08-19,EURKRW,1617.27
2026-08-19,EURUSD,1.1662
2026-08-19,GASOLINE_KR,1862.23
2026-08-19,GBPUSD,1.3608
2026-08-19,GOLD_INTL,4545.3
2026-08-19,GOLD_KR,195203.11
2026-08-19,HSI,25495.07
2026-08-19,IXIC,26331.09
2026-08-19,JPYKRW100,876.17
2026-08-19,KOSDAQ,824.46
2026-08-19,KOSPI,6471.17
2026-08-19,KTB10Y,4.413
2026-08-19,KTB3Y,3.786
2026-08-19,KTB5Y,4.064
2026-08-19,N225,65326.42
2026-08-19,SOX,11738.23
2026-08-19,SPX,7707.98
2026-08-19,USDJPY,158.35
2026-08-19,USDKRW,1394.2
2026-08-19,WTI,84.39
2026-08-20,CALL,2.76
2026-08-20,CD91,2.94
2026-08-20,CNYKRW,207.07
2026-08-20,COFIX_BAL,3
2026-08-20,COFIX_NEW,3.18
2026-08-20,CORPAA3Y,4.5
2026-08-20,DJI,52759.21
2026-08-20,DXY,98.81
2026-08-20,EURKRW,1628.34
2026-08-20,EURUSD,1.1683
2026-08-20,GASOLINE_KR,1862.04
2026-08-20,GBPUSD,1.3632
2026-08-20,GOLD_INTL,4571.4
2026-08-20,GOLD_KR,201139.35
2026-08-20,HSI,25698.49
2026-08-20,IXIC,26067.17
2026-08-20,JPYKRW100,879.04
2026-08-20,KOSDAQ,840.89
2026-08-20,KOSPI,6852.58
2026-08-20,KTB10Y,4.334
2026-08-20,KTB3Y,3.822
2026-08-20,KTB5Y,4.074
2026-08-20,N225,66216.79
2026-08-20,SOX,11800.02
2026-08-20,SPX,7641.16
2026-08-20,USDJPY,158.72
2026-08-20,USDKRW,1392.4
2026-08-20,WTI,86.83
2026-08-21,CALL,2.75
2026-08-21,CD91,2.95
2026-08-21,CNYKRW,205.92
2026-08-21,COFIX_BAL,3
2026-08-21,COFIX_NEW,3.18
2026-08-21,CORPAA3Y,4.54
2026-08-21,DJI,53277.01
2026-08-21,DXY,98.72
2026-08-21,EURKRW,1617.77
2026-08-21,GASOLINE_KR,1861.82
2026-08-21,GOLD_INTL,4680.6
2026-08-21,GOLD_KR,203247.46
2026-08-21,HSI,26009.46
2026-08-21,IXIC,26180.46
2026-08-21,JPYKRW100,871.12
2026-08-21,KOSDAQ,801.94
2026-08-21,KOSPI,6912.95
2026-08-21,KTB10Y,4.414
2026-08-21,KTB3Y,3.853
2026-08-21,KTB5Y,4.112
2026-08-21,N225,66016.36
2026-08-21,SOX,11740.37
2026-08-21,SPX,7674.37
2026-08-21,USDKRW,1383.6
2026-08-21,WTI,87.06
2026-08-22,EURUSD,1.1687
2026-08-22,GBPUSD,1.3641
2026-08-22,USDJPY,158.97
2026-08-24,CALL,2.76
2026-08-24,CD91,2.96
2026-08-24,CNYKRW,205.62
2026-08-24,COFIX_BAL,3
2026-08-24,COFIX_NEW,3.18
2026-08-24,CORPAA3Y,4.52
2026-08-24,DJI,53417.16
2026-08-24,DXY,98.92
2026-08-24,EURKRW,1612.53
2026-08-24,EURUSD,1.1665
2026-08-24,GASOLINE_KR,1861.64
2026-08-24,GBPUSD,1.3634
2026-08-24,GOLD_INTL,4697.8
2026-08-24,GOLD_KR,206170.47
2026-08-24,HSI,25517.33
2026-08-24,IXIC,25980.19
2026-08-24,JPYKRW100,868.41
2026-08-24,KOSDAQ,813.33
2026-08-24,KOSPI,6696.96
2026-08-24,KTB10Y,4.338
2026-08-24,KTB3Y,3.836
2026-08-24,KTB5Y,4.082
2026-08-24,N225,65528.09
2026-08-24,SOX,11423.17
2026-08-24,SPX,7652.86
2026-08-24,USDJPY,159.18
2026-08-24,USDKRW,1382.6
2026-08-24,WTI,85.01
2026-08-25,CALL,2.76
2026-08-25,CD91,2.95
2026-08-25,CNYKRW,206.04
2026-08-25,COFIX_BAL,3
2026-08-25,COFIX_NEW,3.18
2026-08-25,CORPAA3Y,4.51
2026-08-25,DJI,53577.4
2026-08-25,DXY,98.83
2026-08-25,EURKRW,1616.07
2026-08-25,EURUSD,1.167
2026-08-25,GASOLINE_KR,1861.29
2026-08-25,GBPUSD,1.3633
2026-08-25,GOLD_INTL,4694.5
2026-08-25,GOLD_KR,205925.02
2026-08-25,HSI,25511.1
2026-08-25,IXIC,26151.3
2026-08-25,JPYKRW100,869.27
2026-08-25,KOSDAQ,827.15
2026-08-25,KOSPI,6742.74
2026-08-25,KTB10Y,4.342
2026-08-25,KTB3Y,3.827
2026-08-25,KTB5Y,4.033
2026-08-25,N225,65856.43
2026-08-25,SOX,11588.04
2026-08-25,SPX,7677.28
2026-08-25,USDJPY,159.25
2026-08-25,USDKRW,1385.1
2026-08-25,WTI,82.36
2026-08-26,CALL,2.77
2026-08-26,CD91,2.97
2026-08-26,CNYKRW,206
2026-08-26,COFIX_BAL,3
2026-08-26,COFIX_NEW,3.18
2026-08-26,CORPAA3Y,4.5
2026-08-26,DJI,53463.88
2026-08-26,DXY,99.08
2026-08-26,EURKRW,1615.18
2026-08-26,EURUSD,1.1645
2026-08-26,GASOLINE_KR,1861.09
2026-08-26,GBPUSD,1.3589
2026-08-26,GOLD_INTL,4653.3
2026-08-26,GOLD_KR,205852.77
2026-08-26,HSI,25652.97
2026-08-26,IXIC,26130.2
2026-08-26,JPYKRW100,870.45
2026-08-26,KOSDAQ,826.87
2026-08-26,KOSPI,6808.21
2026-08-26,KTB10Y,4.272
2026-08-26,KTB3Y,3.817
2026-08-26,KTB5Y,4.031
2026-08-26,N225,66262.16
2026-08-26,SOX,11611.24
2026-08-26,SPX,7675.7
2026-08-26,USDJPY,159.39
2026-08-26,USDKRW,1384.4
2026-08-26,WTI,82.23
2026-08-27,CALL,2.77
2026-08-27,CD91,2.97
2026-08-27,CNYKRW,205.54
2026-08-27,COFIX_BAL,3
2026-08-27,COFIX_NEW,3.18
2026-08-27,CORPAA3Y,4.5
2026-08-27,DJI,53569.44
2026-08-27,DXY,99.09
2026-08-27,EURKRW,1609.51
2026-08-27,EURUSD,1.1646
2026-08-27,GASOLINE_KR,1860.89
2026-08-27,GBPUSD,1.3582
2026-08-27,GOLD_INTL,4664
2026-08-27,GOLD_KR,204390.98
2026-08-27,HSI,25565.74
2026-08-27,IXIC,26541.35
2026-08-27,JPYKRW100,866.85
2026-08-27,KOSDAQ,837.65
2026-08-27,KOSPI,6912.37
2026-08-27,KTB10Y,4.252
2026-08-27,KTB3Y,3.754
2026-08-27,KTB5Y,3.974
2026-08-27,N225,66131.98
2026-08-27,SOX,11882.17
2026-08-27,SPX,7730.99
2026-08-27,USDJPY,159.32
2026-08-27,USDKRW,1380.9
2026-08-27,WTI,83.53
2026-08-28,CALL,3
2026-08-28,CD91,3.12
2026-08-28,CNYKRW,205.01
2026-08-28,COFIX_BAL,3
2026-08-28,COFIX_NEW,3.18
2026-08-28,CORPAA3Y,4.44
2026-08-28,DJI,53559.99
2026-08-28,DXY,99.65
2026-08-28,EURKRW,1598.73
2026-08-28,EURUSD,1.1621
2026-08-28,GASOLINE_KR,1860.75
2026-08-28,GBPUSD,1.3574
2026-08-28,GOLD_INTL,4529.9
2026-08-28,GOLD_KR,198993.92
2026-08-28,HSI,25584.79
2026-08-28,IXIC,26402.42
2026-08-28,JPYKRW100,862.15
2026-08-28,KOSDAQ,838.41
2026-08-28,KOSPI,6788.88
2026-08-28,KTB10Y,4.274
2026-08-28,KTB3Y,3.798
2026-08-28,KTB5Y,4.014
2026-08-28,N225,66405.56
2026-08-28,SOX,11469.66
2026-08-28,SPX,7711.76
2026-08-28,USDJPY,159.85
2026-08-28,USDKRW,1380
2026-08-28,WTI,83.4
2026-08-29,CALL,3
2026-08-29,CD91,3.13
2026-08-29,COFIX_BAL,3
2026-08-29,COFIX_NEW,3.18
2026-08-29,CORPAA3Y,4.47
2026-08-29,EURUSD,1.1584
2026-08-29,GASOLINE_KR,1860.72
2026-08-29,GBPUSD,1.3537
2026-08-29,USDJPY,160.07
2026-08-31,CALL,3.02
2026-08-31,CD91,3.13
2026-08-31,CNYKRW,203.81
2026-08-31,COFIX_BAL,3
2026-08-31,COFIX_NEW,3.18
2026-08-31,CORPAA3Y,4.47
2026-08-31,DJI,53185.9
2026-08-31,DXY,99.38
2026-08-31,EURKRW,1587.32
2026-08-31,EURUSD,1.1616
2026-08-31,GASOLINE_KR,1860.6
2026-08-31,GBPUSD,1.3558
2026-08-31,GOLD_INTL,4481.5
2026-08-31,GOLD_KR,195597.09
2026-08-31,HSI,25566.99
2026-08-31,IXIC,26370.89
2026-08-31,JPYKRW100,856.85
2026-08-31,KOSDAQ,834.29
2026-08-31,KOSPI,6820.02
2026-08-31,KTB10Y,4.313
2026-08-31,KTB3Y,3.837
2026-08-31,KTB5Y,4.054
2026-08-31,N225,66311.93
2026-08-31,SOX,11535.05
2026-08-31,SPX,7686.14
2026-08-31,USDJPY,159.65
2026-08-31,USDKRW,1369.8
2026-08-31,WTI,85.76
2026-09-01,CALL,3.05
2026-09-01,CD91,3.12
2026-09-01,CNYKRW,204.45
2026-09-01,COFIX_BAL,3
2026-09-01,COFIX_NEW,3.18
2026-09-01,CORPAA3Y,4.54
2026-09-01,DJI,52766.88
2026-09-01,DXY,99.63
2026-09-01,EURKRW,1593.62
2026-09-01,EURUSD,1.1595
2026-09-01,GASOLINE_KR,1860.22
2026-09-01,GBPUSD,1.3537
2026-09-01,GOLD_INTL,4396.4
2026-09-01,GOLD_KR,193169.28
2026-09-01,HSI,25329.73
2026-09-01,IXIC,26099.77
2026-09-01,JPYKRW100,858.49
2026-09-01,KOSDAQ,821.25
2026-09-01,KOSPI,6835.8
2026-09-01,KTB10Y,4.371
2026-09-01,KTB3Y,3.891
2026-09-01,KTB5Y,4.106
2026-09-01,N225,66215.34
2026-09-01,SOX,11288.61
2026-09-01,SPX,7631.47
2026-09-01,USDJPY,160.08
2026-09-01,USDKRW,1374.7
2026-09-01,WTI,90.22
2026-09-02,CALL,3.05
2026-09-02,CD91,3.12
2026-09-02,CNYKRW,203.83
2026-09-02,COFIX_BAL,3
2026-09-02,COFIX_NEW,3.18
2026-09-02,CORPAA3Y,4.54
2026-09-02,EURKRW,1587.5
2026-09-02,GASOLINE_KR,1860.06
2026-09-02,GOLD_KR,190503.51
2026-09-02,HSI,25329.73
2026-09-02,JPYKRW100,855.13
2026-09-02,KOSDAQ,817.27
2026-09-02,KOSPI,6669.88
2026-09-02,KTB10Y,4.412
2026-09-02,KTB3Y,3.919
2026-09-02,KTB5Y,4.153
2026-09-02,N225,64532.18
2026-09-02,USDKRW,1370.6
